image,detected_classes,max_confidence,max_damage_area_percent,road_health_score,condition
112_jpg.rf.b9b3b5d8ae23722c88433e7510679b0b.jpg,"2,2,2,2,2,2,2,2,2,2,2,2,2,2,2,2,2,2,2,2,2,2,2,2,2,2,2,2,2,2,2,2,2,2,2,2,2,2,2,2",1.0,21.0,70.6,MODERATE
114_jpg.rf.b916ad4d9879b3fc0074d4472bde708c.jpg,2,0.674,20.88,80.29,GOOD
118_jpg.rf.bf43c5d64a7c22c92de01556aa3afd67.jpg,"2,2,2,2,2,2,2,2,2,2,2,2,2,2,2,2,2,2,2,2,2,2,2,2,2,2",0.995,22.57,68.57,MODERATE
119_jpg.rf.7289fd930bc02dd8550500cdcea24dbe.jpg,"2,2,2,2,2,2,2,2,2,2,2,2,2,2,2,2,2",0.988,23.08,68.08,MODERATE
11_GH010407-020_jpg.rf.bfbb42c8841d30ac469b0853d6556296.jpg,"2,2",0.663,22.04,79.53,MODERATE
11_jpg.rf.c709969a53cba8d9c1a73ea95bdf8a8e.jpg,2,0.633,21.67,80.79,GOOD
13_jpg.rf.1b46839fa6c6a801e26ccaeb33898d78.jpg,None,0.0,0.0,100.0,GOOD
142_jpg.rf.95af7a88f2c970380766a224a1a2be44.jpg,None,0.0,0.0,100.0,GOOD
150_jpg.rf.3a61dd322e7ca90fecfaf25773140552.jpg,2,0.647,18.23,83.48,GOOD
197_jpg.rf.c46ddc95c8af9b286ec41737238f9631.jpg,"1,1",0.615,1.81,98.44,GOOD
19_GH010417-0732_jpg.rf.4bb6a4a2192537207bc4473c5522d55b.jpg,None,0.0,0.0,100.0,GOOD
19_GH010417-0748_jpg.rf.e05e7f1b2f1af6b1a6851affba3dd6ed.jpg,None,0.0,0.0,100.0,GOOD
201_jpg.rf.af958129a924228469a09959b43f9699.jpg,"2,2,2,2,2,2",0.83,21.0,75.61,MODERATE
202100683322_f9197910-1115-4bfd-986e-2a33e99d70ac_jpg.rf.a0f0461a0903d89e56f3c66d2674cbf6.jpg,"2,2,2,2,2,2",0.986,18.19,74.88,MODERATE
202100712437_2287b463-f688-4223-bacc-cf89b38994b9_jpg.rf.9a5a30ab0a2ea7a950f2bcb6fc0a52f1.jpg,2,0.694,17.61,82.89,GOOD
202101442040_5f18740b-3e0c-4474-8de9-d8f94d7fbf53_jpg.rf.ffb72bf46fc0d8f8ffe5d58fd72ce145.jpg,None,0.0,0.0,100.0,GOOD
202101819485_0815b137-3e73-4656-a563-32e0d96cbe7b_jpg.rf.668b1ca4a3758836f11c89872343cc50.jpg,"2,2",0.711,20.57,79.52,MODERATE
202101877205_773a6478-5e7c-4d98-906e-b4f05fcd39b0_jpg.rf.42d4d1f0794e5e69c59dfe8aa7f01e85.jpg,"2,2",0.711,17.37,82.71,GOOD
202101877440_29c3dfd5-c6b4-40b3-8961-193eeb1074f1_jpg.rf.2208987ed7e409ee6de3050aeebb3c77.jpg,None,0.0,0.0,100.0,GOOD
202101877506_d0672ae3-03ce-4fc0-a5d8-23c550948873_jpg.rf.575fddefa334df5a8aad247d8bd43841.jpg,2,0.677,13.51,87.2,GOOD
202101878156_ce2c590a-6836-4071-a072-fdd40a8679e1_jpg.rf.af15e23f17f5d43297d847060bca3116.jpg,None,0.0,0.0,100.0,GOOD
202101904861_c84bf9e6-1b2c-43a8-a680-09fd0e358f9b_jpg.rf.222cf3dbf7aa3d82c43fbb69849fb817.jpg,None,0.0,0.0,100.0,GOOD
202101956674_0d1216c3-98d5-4e69-9d2c-d96fe773e843_jpg.rf.358b61d1789d36669ce869ca95ef3df9.jpg,None,0.0,0.0,100.0,GOOD
202101956691_63f6769d-73f9-4aee-9e8b-c3fd4bc31611_jpg.rf.70b30ac644a1ab3a128535a1988094fd.jpg,None,0.0,0.0,100.0,GOOD
202102065962_cb41c947-c2e4-4aa7-a922-8181d9a2198c_jpg.rf.87aabf5de3d8b8b5ef5822162865e11d.jpg,None,0.0,0.0,100.0,GOOD
202200124037_81f7370b-e22d-43b4-a0a1-3c91ceac1026_jpg.rf.27844498d55f72ae676a4b25d11648f0.jpg,2,0.94,7.67,89.9,GOOD
202200135007_358cf572-1921-4bd0-8bb2-479a9829697e_jpg.rf.019a8dc0cbe3a78fa7ce5bcd9c593f22.jpg,None,0.0,0.0,100.0,GOOD
202200145299_d8706e94-180d-4caa-a99f-65990fee621f_jpg.rf.c3fcabc1435288b5a37a04d45bf40f3e.jpg,"2,2,2,2,2,2",0.986,9.82,86.45,GOOD
202200339562_9aced007-37b9-4ca4-891d-7dc7368338e6_jpg.rf.0d03181e7afd318b22f8154d2bd6f84b.jpg,"2,2,2,2,2,2",1.0,33.57,53.02,POOR
202200398919_9797c4c6-2df7-4695-bec3-263f9de8b6b5_jpg.rf.d8da36f533752b15ca5a74788f080aa2.jpg,"2,2,2,2,2,2,2,2,2,2,2,2,2,2,2,2,2,2,2,2,2,2,2",0.999,37.22,47.95,POOR
25_jpg.rf.9f7d83339362c25c4c426bc1fb89fc6e.jpg,"2,2,2,2,2,2,2,2,2,2,2,2,2,2,2,2,2,2,2,2,2,2,2,2,2,2",0.997,23.3,67.48,MODERATE
29_jpg.rf.05d244c3811743690d63a3c122d7ac62.jpg,"2,2,2,2,2,2,2,2,2,2,2,2,2,2,2,2,2,2,2,2,2,2,2,2,2,2,2,2,2,2,2,2,2,2,2,2,2,2,2,2,2,2,2,2,2,2,2,2,2,2,2,2,2,2,2,2,2,2,2,2,2,2,2,2,2,2,2,2,2,2,2,2,2,2,2",1.0,19.16,73.17,MODERATE
2_GH010395-0639_jpg.rf.c9a0c049ce32f42e44fbc998633488fe.jpg,None,0.0,0.0,100.0,GOOD
2_GH010395-0667_jpg.rf.d5ea1f6a67d1cdee233885fb4f336e78.jpg,None,0.0,0.0,100.0,GOOD
2_GH010395-0669_jpg.rf.4bd393c0c24c79076bb4a60a84155c50.jpg,None,0.0,0.0,100.0,GOOD
4-121-_jpg.rf.649d1ef7250c0dc6b454414a6f36259f.jpg,None,0.0,0.0,100.0,GOOD
4-122-_jpg.rf.7044bf213ccb9431cd4ea0eacd867a3b.jpg,"2,2",0.913,20.58,73.68,MODERATE
4-129-_jpg.rf.1238df59d77e85474c5bb1a35ccdb8a8.jpg,"2,2,2,2,2,2,2,2",0.922,23.16,70.11,MODERATE
4-146-_jpg.rf.079c2ec9fc09b7ef9f559d56aabba881.jpg,"2,2,2,2,2,2,2,2",0.943,22.58,70.2,MODERATE
4-180-_jpg.rf.e821e0de961322ab8615d26a9102ecb4.jpg,None,0.0,0.0,100.0,GOOD
46_jpg.rf.f69fbe3486d729b2c475607f9eebb42c.jpg,None,0.0,0.0,100.0,GOOD
47_jpg.rf.f1db71915757c21d10fec20b6fc58ba6.jpg,"2,2,2,2,2,2,2,2",0.858,15.54,81.34,GOOD
58_jpg.rf.c4c0ece52033ae4dcf4e2db13e2c1e66.jpg,None,0.0,0.0,100.0,GOOD
64_jpg.rf.5eeeb4a6450f69dd03a05bc629162a3f.jpg,None,0.0,0.0,100.0,GOOD
72_jpg.rf.13f1e73da9f8215e2a9c553e284c5685.jpg,"2,2,2,2,2,2,2,2,2,2,2,2,2,2",0.999,20.29,71.63,MODERATE
74_jpg.rf.be35cb1de8c397a1a56602c66284c2e4.jpg,"2,2,2,2,2,2",0.977,22.53,69.19,MODERATE
7_jpg.rf.50f0b085bea4d65e1c1daca1bed6ec3c.jpg,"2,2,2,2,2,2,2,2,2,2,2,2,2,2",1.0,21.8,69.48,MODERATE
86_jpg.rf.54d5d773f968ef67e627c81d533c3e7a.jpg,2,0.711,16.01,84.07,GOOD
8_GH010404-042_jpg.rf.b68da5c1512d1facf8cb4ed4ac2821aa.jpg,None,0.0,0.0,100.0,GOOD
8_GH010404-050_jpg.rf.a299ae18d9cd12730877de353c6d67d8.jpg,None,0.0,0.0,100.0,GOOD
AdobeStock_532473701_Preview_jpeg_jpg.rf.3af41b332976d5014d6027757ef83966.jpg,"2,2,2,2,2,2,2,2,2,2,2,2,2",0.998,20.47,71.39,MODERATE
China_Drone_000014.jpg,"1,1,1",0.933,3.64,95.24,GOOD
China_Drone_000022.jpg,None,0.0,0.0,100.0,GOOD
China_Drone_000023.jpg,None,0.0,0.0,100.0,GOOD
China_Drone_000025.jpg,None,0.0,0.0,100.0,GOOD
China_Drone_000032.jpg,None,0.0,0.0,100.0,GOOD
China_Drone_000038.jpg,None,0.0,0.0,100.0,GOOD
China_Drone_000045.jpg,None,0.0,0.0,100.0,GOOD
China_Drone_000047.jpg,None,0.0,0.0,100.0,GOOD
China_Drone_000053.jpg,None,0.0,0.0,100.0,GOOD
China_Drone_000059.jpg,None,0.0,0.0,100.0,GOOD
China_Drone_000063.jpg,None,0.0,0.0,100.0,GOOD
China_Drone_000065.jpg,None,0.0,0.0,100.0,GOOD
China_Drone_000076.jpg,"1,1",0.696,3.78,96.32,GOOD
China_Drone_000093.jpg,None,0.0,0.0,100.0,GOOD
China_Drone_000099.jpg,None,0.0,0.0,100.0,GOOD
China_Drone_000100.jpg,None,0.0,0.0,100.0,GOOD
China_Drone_000102.jpg,None,0.0,0.0,100.0,GOOD
China_Drone_000106.jpg,None,0.0,0.0,100.0,GOOD
China_Drone_000108.jpg,None,0.0,0.0,100.0,GOOD
China_Drone_000117.jpg,None,0.0,0.0,100.0,GOOD
China_Drone_000120.jpg,None,0.0,0.0,100.0,GOOD
China_Drone_000126.jpg,"1,1,1,1,1,1,1,1,1,1",0.961,4.68,93.7,GOOD
China_Drone_000141.jpg,None,0.0,0.0,100.0,GOOD
China_Drone_000143.jpg,None,0.0,0.0,100.0,GOOD
China_Drone_000148.jpg,None,0.0,0.0,100.0,GOOD
China_Drone_000152.jpg,None,0.0,0.0,100.0,GOOD
China_Drone_000156.jpg,None,0.0,0.0,100.0,GOOD
China_Drone_000158.jpg,1,0.707,2.15,97.87,GOOD
China_Drone_000159.jpg,None,0.0,0.0,100.0,GOOD
China_Drone_000169.jpg,None,0.0,0.0,100.0,GOOD
China_Drone_000174.jpg,None,0.0,0.0,100.0,GOOD
China_Drone_000180.jpg,None,0.0,0.0,100.0,GOOD
China_Drone_000188.jpg,"1,1",0.848,2.65,96.86,GOOD
China_Drone_000211.jpg,1,0.673,2.12,98.0,GOOD
China_Drone_000213.jpg,None,0.0,0.0,100.0,GOOD
China_Drone_000227.jpg,None,0.0,0.0,100.0,GOOD
China_Drone_000229.jpg,1,0.728,1.98,97.98,GOOD
China_Drone_000242.jpg,None,0.0,0.0,100.0,GOOD
China_Drone_000247.jpg,None,0.0,0.0,100.0,GOOD
China_Drone_000251.jpg,None,0.0,0.0,100.0,GOOD
China_Drone_000270.jpg,None,0.0,0.0,100.0,GOOD
China_Drone_000277.jpg,None,0.0,0.0,100.0,GOOD
China_Drone_000285.jpg,"2,2,2,2,2,2,2,2,2,2,2,2,2,2,2",0.983,20.12,72.33,MODERATE
China_Drone_000288.jpg,None,0.0,0.0,100.0,GOOD
China_Drone_000291.jpg,1,0.715,2.34,97.66,GOOD
China_Drone_000292.jpg,None,0.0,0.0,100.0,GOOD
China_Drone_000297.jpg,None,0.0,0.0,100.0,GOOD
China_Drone_000299.jpg,"1,1,1,1,1,1",0.854,3.02,96.39,GOOD
China_Drone_000304.jpg,None,0.0,0.0,100.0,GOOD
China_Drone_000307.jpg,None,0.0,0.0,100.0,GOOD
China_Drone_000308.jpg,None,0.0,0.0,100.0,GOOD
China_Drone_000314.jpg,None,0.0,0.0,100.0,GOOD
China_Drone_000332.jpg,None,0.0,0.0,100.0,GOOD
China_Drone_000337.jpg,"1,1,1,1",0.943,1.84,97.57,GOOD
China_Drone_000343.jpg,None,0.0,0.0,100.0,GOOD
China_Drone_000348.jpg,None,0.0,0.0,100.0,GOOD
China_Drone_000354.jpg,None,0.0,0.0,100.0,GOOD
China_Drone_000361.jpg,None,0.0,0.0,100.0,GOOD
China_Drone_000365.jpg,None,0.0,0.0,100.0,GOOD
China_Drone_000369.jpg,None,0.0,0.0,100.0,GOOD
China_Drone_000372.jpg,None,0.0,0.0,100.0,GOOD
China_Drone_000380.jpg,None,0.0,0.0,100.0,GOOD
China_Drone_000382.jpg,None,0.0,0.0,100.0,GOOD
China_Drone_000392.jpg,"1,1,1,1,1",0.845,2.85,96.62,GOOD
China_Drone_000394.jpg,None,0.0,0.0,100.0,GOOD
China_Drone_000395.jpg,None,0.0,0.0,100.0,GOOD
China_Drone_000400.jpg,None,0.0,0.0,100.0,GOOD
China_Drone_000401.jpg,"1,1,1,1,1",0.823,2.48,97.15,GOOD
China_Drone_000404.jpg,None,0.0,0.0,100.0,GOOD
China_Drone_000408.jpg,1,0.834,2.28,97.34,GOOD
China_Drone_000411.jpg,None,0.0,0.0,100.0,GOOD
China_Drone_000413.jpg,None,0.0,0.0,100.0,GOOD
China_Drone_000420.jpg,None,0.0,0.0,100.0,GOOD
China_Drone_000421.jpg,None,0.0,0.0,100.0,GOOD
China_Drone_000428.jpg,None,0.0,0.0,100.0,GOOD
China_Drone_000433.jpg,None,0.0,0.0,100.0,GOOD
China_Drone_000444.jpg,None,0.0,0.0,100.0,GOOD
China_Drone_000446.jpg,None,0.0,0.0,100.0,GOOD
China_Drone_000451.jpg,None,0.0,0.0,100.0,GOOD
China_Drone_000480.jpg,"1,1,1,1,1,1,1",0.883,2.24,97.23,GOOD
China_Drone_000482.jpg,None,0.0,0.0,100.0,GOOD
China_Drone_000483.jpg,None,0.0,0.0,100.0,GOOD
China_Drone_000487.jpg,"2,2",0.962,12.71,82.88,GOOD
China_Drone_000491.jpg,None,0.0,0.0,100.0,GOOD
China_Drone_000493.jpg,None,0.0,0.0,100.0,GOOD
China_Drone_000494.jpg,None,0.0,0.0,100.0,GOOD
China_Drone_000500.jpg,None,0.0,0.0,100.0,GOOD
China_Drone_000501.jpg,1,0.726,2.07,97.9,GOOD
China_Drone_000503.jpg,None,0.0,0.0,100.0,GOOD
China_Drone_000512.jpg,None,0.0,0.0,100.0,GOOD
China_Drone_000518.jpg,None,0.0,0.0,100.0,GOOD
China_Drone_000520.jpg,None,0.0,0.0,100.0,GOOD
China_Drone_000531.jpg,None,0.0,0.0,100.0,GOOD
China_Drone_000539.jpg,None,0.0,0.0,100.0,GOOD
China_Drone_000546.jpg,None,0.0,0.0,100.0,GOOD
China_Drone_000549.jpg,None,0.0,0.0,100.0,GOOD
China_Drone_000565.jpg,None,0.0,0.0,100.0,GOOD
China_Drone_000576.jpg,2,0.798,21.12,76.39,MODERATE
China_Drone_000577.jpg,1,0.656,2.02,98.14,GOOD
China_Drone_000602.jpg,None,0.0,0.0,100.0,GOOD
China_Drone_000605.jpg,None,0.0,0.0,100.0,GOOD
China_Drone_000617.jpg,"1,1",0.691,3.52,96.6,GOOD
China_Drone_000619.jpg,None,0.0,0.0,100.0,GOOD
China_Drone_000642.jpg,None,0.0,0.0,100.0,GOOD
China_Drone_000646.jpg,None,0.0,0.0,100.0,GOOD
China_Drone_000651.jpg,None,0.0,0.0,100.0,GOOD
China_Drone_000659.jpg,None,0.0,0.0,100.0,GOOD
China_Drone_000670.jpg,"1,1",0.702,1.95,98.08,GOOD
China_Drone_000680.jpg,None,0.0,0.0,100.0,GOOD
China_Drone_000681.jpg,"1,1",0.746,4.28,95.53,GOOD
China_Drone_000686.jpg,1,0.673,2.24,97.89,GOOD
China_Drone_000695.jpg,None,0.0,0.0,100.0,GOOD
China_Drone_000700.jpg,None,0.0,0.0,100.0,GOOD
China_Drone_000703.jpg,None,0.0,0.0,100.0,GOOD
China_Drone_000711.jpg,1,0.655,2.2,97.98,GOOD
China_Drone_000721.jpg,None,0.0,0.0,100.0,GOOD
China_Drone_000726.jpg,None,0.0,0.0,100.0,GOOD
China_Drone_000731.jpg,None,0.0,0.0,100.0,GOOD
China_Drone_000738.jpg,None,0.0,0.0,100.0,GOOD
China_Drone_000748.jpg,None,0.0,0.0,100.0,GOOD
China_Drone_000767.jpg,None,0.0,0.0,100.0,GOOD
China_Drone_000769.jpg,None,0.0,0.0,100.0,GOOD
China_Drone_000785.jpg,None,0.0,0.0,100.0,GOOD
China_Drone_000787.jpg,None,0.0,0.0,100.0,GOOD
China_Drone_000791.jpg,None,0.0,0.0,100.0,GOOD
China_Drone_000809.jpg,None,0.0,0.0,100.0,GOOD
China_Drone_000812.jpg,None,0.0,0.0,100.0,GOOD
China_Drone_000815.jpg,None,0.0,0.0,100.0,GOOD
China_Drone_000819.jpg,None,0.0,0.0,100.0,GOOD
China_Drone_000820.jpg,None,0.0,0.0,100.0,GOOD
China_Drone_000824.jpg,None,0.0,0.0,100.0,GOOD
China_Drone_000826.jpg,None,0.0,0.0,100.0,GOOD
China_Drone_000834.jpg,None,0.0,0.0,100.0,GOOD
China_Drone_000848.jpg,None,0.0,0.0,100.0,GOOD
China_Drone_000849.jpg,None,0.0,0.0,100.0,GOOD
China_Drone_000852.jpg,None,0.0,0.0,100.0,GOOD
China_Drone_000855.jpg,1,0.767,3.24,96.52,GOOD
China_Drone_000860.jpg,None,0.0,0.0,100.0,GOOD
China_Drone_000861.jpg,None,0.0,0.0,100.0,GOOD
China_Drone_000865.jpg,None,0.0,0.0,100.0,GOOD
China_Drone_000866.jpg,None,0.0,0.0,100.0,GOOD
China_Drone_000876.jpg,None,0.0,0.0,100.0,GOOD
China_Drone_000887.jpg,None,0.0,0.0,100.0,GOOD
China_Drone_000906.jpg,"1,1,1,1",0.759,2.95,96.87,GOOD
China_Drone_000924.jpg,None,0.0,0.0,100.0,GOOD
China_Drone_000928.jpg,None,0.0,0.0,100.0,GOOD
China_Drone_000931.jpg,None,0.0,0.0,100.0,GOOD
China_Drone_000933.jpg,"2,1",0.926,24.04,68.84,MODERATE
China_Drone_000934.jpg,1,0.775,2.25,97.56,GOOD
China_Drone_000938.jpg,None,0.0,0.0,100.0,GOOD
China_Drone_000940.jpg,None,0.0,0.0,100.0,GOOD
China_Drone_000942.jpg,None,0.0,0.0,100.0,GOOD
China_Drone_000943.jpg,None,0.0,0.0,100.0,GOOD
China_Drone_000946.jpg,None,0.0,0.0,100.0,GOOD
China_Drone_000952.jpg,None,0.0,0.0,100.0,GOOD
China_Drone_000962.jpg,None,0.0,0.0,100.0,GOOD
China_Drone_000973.jpg,None,0.0,0.0,100.0,GOOD
China_Drone_000979.jpg,None,0.0,0.0,100.0,GOOD
China_Drone_000980.jpg,None,0.0,0.0,100.0,GOOD
China_Drone_000981.jpg,"1,1,1,1,1",0.959,3.9,94.76,GOOD
China_Drone_000983.jpg,None,0.0,0.0,100.0,GOOD
China_Drone_000993.jpg,None,0.0,0.0,100.0,GOOD
China_Drone_000994.jpg,None,0.0,0.0,100.0,GOOD
China_Drone_000998.jpg,None,0.0,0.0,100.0,GOOD
China_Drone_001004.jpg,"2,2,2,2,2",0.968,22.41,69.63,MODERATE
China_Drone_001007.jpg,None,0.0,0.0,100.0,GOOD
China_Drone_001014.jpg,None,0.0,0.0,100.0,GOOD
China_Drone_001021.jpg,None,0.0,0.0,100.0,GOOD
China_Drone_001024.jpg,None,0.0,0.0,100.0,GOOD
China_Drone_001026.jpg,"1,1,1,1,1,1,1",0.934,2.05,97.32,GOOD
China_Drone_001027.jpg,"1,1",0.709,2.1,97.92,GOOD
China_Drone_001034.jpg,None,0.0,0.0,100.0,GOOD
China_Drone_001041.jpg,None,0.0,0.0,100.0,GOOD
China_Drone_001042.jpg,None,0.0,0.0,100.0,GOOD
China_Drone_001050.jpg,None,0.0,0.0,100.0,GOOD
China_Drone_001053.jpg,None,0.0,0.0,100.0,GOOD
China_Drone_001055.jpg,None,0.0,0.0,100.0,GOOD
China_Drone_001056.jpg,None,0.0,0.0,100.0,GOOD
China_Drone_001070.jpg,None,0.0,0.0,100.0,GOOD
China_Drone_001072.jpg,None,0.0,0.0,100.0,GOOD
China_Drone_001073.jpg,"1,1,1",0.689,2.19,97.89,GOOD
China_Drone_001089.jpg,None,0.0,0.0,100.0,GOOD
China_Drone_001092.jpg,"1,1,1,1,1",0.902,3.26,95.89,GOOD
China_Drone_001095.jpg,None,0.0,0.0,100.0,GOOD
China_Drone_001099.jpg,None,0.0,0.0,100.0,GOOD
China_Drone_001104.jpg,None,0.0,0.0,100.0,GOOD
China_Drone_001106.jpg,None,0.0,0.0,100.0,GOOD
China_Drone_001115.jpg,"1,1",0.838,1.96,97.7,GOOD
China_Drone_001135.jpg,None,0.0,0.0,100.0,GOOD
China_Drone_001136.jpg,None,0.0,0.0,100.0,GOOD
China_Drone_001137.jpg,1,0.728,4.11,95.82,GOOD
China_Drone_001142.jpg,None,0.0,0.0,100.0,GOOD
China_Drone_001149.jpg,"1,1,1,1",0.846,1.86,97.8,GOOD
China_Drone_001153.jpg,None,0.0,0.0,100.0,GOOD
China_Drone_001176.jpg,None,0.0,0.0,100.0,GOOD
China_Drone_001178.jpg,None,0.0,0.0,100.0,GOOD
China_Drone_001179.jpg,None,0.0,0.0,100.0,GOOD
China_Drone_001182.jpg,None,0.0,0.0,100.0,GOOD
China_Drone_001187.jpg,None,0.0,0.0,100.0,GOOD
China_Drone_001196.jpg,1,0.681,2.08,98.02,GOOD
China_Drone_001202.jpg,1,0.64,2.64,97.64,GOOD
China_Drone_001208.jpg,None,0.0,0.0,100.0,GOOD
China_Drone_001212.jpg,None,0.0,0.0,100.0,GOOD
China_Drone_001218.jpg,None,0.0,0.0,100.0,GOOD
China_Drone_001222.jpg,None,0.0,0.0,100.0,GOOD
China_Drone_001223.jpg,None,0.0,0.0,100.0,GOOD
China_Drone_001237.jpg,None,0.0,0.0,100.0,GOOD
China_Drone_001241.jpg,None,0.0,0.0,100.0,GOOD
China_Drone_001242.jpg,"1,1,1,1,1,1,1,1,1,1,1,1,1,1,1",0.918,1.99,97.45,GOOD
China_Drone_001245.jpg,None,0.0,0.0,100.0,GOOD
China_Drone_001249.jpg,None,0.0,0.0,100.0,GOOD
China_Drone_001250.jpg,None,0.0,0.0,100.0,GOOD
China_Drone_001251.jpg,None,0.0,0.0,100.0,GOOD
China_Drone_001253.jpg,None,0.0,0.0,100.0,GOOD
China_Drone_001255.jpg,None,0.0,0.0,100.0,GOOD
China_Drone_001271.jpg,None,0.0,0.0,100.0,GOOD
China_Drone_001281.jpg,None,0.0,0.0,100.0,GOOD
China_Drone_001290.jpg,None,0.0,0.0,100.0,GOOD
China_Drone_001305.jpg,None,0.0,0.0,100.0,GOOD
China_Drone_001310.jpg,None,0.0,0.0,100.0,GOOD
China_Drone_001325.jpg,"1,1",0.71,1.69,98.32,GOOD
China_Drone_001327.jpg,None,0.0,0.0,100.0,GOOD
China_Drone_001329.jpg,None,0.0,0.0,100.0,GOOD
China_Drone_001332.jpg,"2,2",0.857,13.06,84.34,GOOD
China_Drone_001336.jpg,"1,1,1",0.823,2.09,97.59,GOOD
China_Drone_001343.jpg,"1,1,1,1,1",0.923,4.43,94.27,GOOD
China_Drone_001367.jpg,None,0.0,0.0,100.0,GOOD
China_Drone_001369.jpg,None,0.0,0.0,100.0,GOOD
China_Drone_001376.jpg,None,0.0,0.0,100.0,GOOD
China_Drone_001381.jpg,"1,1",0.693,3.9,96.21,GOOD
China_Drone_001397.jpg,None,0.0,0.0,100.0,GOOD
China_Drone_001406.jpg,1,0.681,2.16,97.94,GOOD
China_Drone_001411.jpg,None,0.0,0.0,100.0,GOOD
China_Drone_001412.jpg,"1,1",0.854,3.67,95.61,GOOD
China_Drone_001424.jpg,"1,1",0.731,2.58,97.36,GOOD
China_Drone_001434.jpg,None,0.0,0.0,100.0,GOOD
China_Drone_001441.jpg,"1,1,1,1,1,1,1,1,1,1,1,1,1,1,1,1,1,1,1",0.908,5.77,92.67,GOOD
China_Drone_001445.jpg,None,0.0,0.0,100.0,GOOD
China_Drone_001450.jpg,2,0.658,19.65,81.92,GOOD
China_Drone_001457.jpg,None,0.0,0.0,100.0,GOOD
China_Drone_001464.jpg,1,0.607,2.9,97.53,GOOD
China_Drone_001468.jpg,None,0.0,0.0,100.0,GOOD
China_Drone_001475.jpg,None,0.0,0.0,100.0,GOOD
China_Drone_001486.jpg,2,0.826,22.93,73.47,MODERATE
China_Drone_001492.jpg,None,0.0,0.0,100.0,GOOD
China_Drone_001494.jpg,1,0.642,2.55,97.71,GOOD
China_Drone_001500.jpg,None,0.0,0.0,100.0,GOOD
China_Drone_001508.jpg,1,0.613,2.33,98.0,GOOD
China_Drone_001509.jpg,None,0.0,0.0,100.0,GOOD
China_Drone_001513.jpg,None,0.0,0.0,100.0,GOOD
China_Drone_001520.jpg,None,0.0,0.0,100.0,GOOD
China_Drone_001522.jpg,None,0.0,0.0,100.0,GOOD
China_Drone_001526.jpg,None,0.0,0.0,100.0,GOOD
China_Drone_001535.jpg,None,0.0,0.0,100.0,GOOD
China_Drone_001537.jpg,None,0.0,0.0,100.0,GOOD
China_Drone_001540.jpg,None,0.0,0.0,100.0,GOOD
China_Drone_001544.jpg,None,0.0,0.0,100.0,GOOD
China_Drone_001545.jpg,None,0.0,0.0,100.0,GOOD
China_Drone_001551.jpg,None,0.0,0.0,100.0,GOOD
China_Drone_001553.jpg,None,0.0,0.0,100.0,GOOD
China_Drone_001554.jpg,None,0.0,0.0,100.0,GOOD
China_Drone_001558.jpg,None,0.0,0.0,100.0,GOOD
China_Drone_001563.jpg,1,0.807,2.07,97.66,GOOD
China_Drone_001567.jpg,None,0.0,0.0,100.0,GOOD
China_Drone_001579.jpg,1,0.671,2.01,98.11,GOOD
China_Drone_001580.jpg,None,0.0,0.0,100.0,GOOD
China_Drone_001592.jpg,None,0.0,0.0,100.0,GOOD
China_Drone_001593.jpg,None,0.0,0.0,100.0,GOOD
China_Drone_001605.jpg,None,0.0,0.0,100.0,GOOD
China_Drone_001608.jpg,None,0.0,0.0,100.0,GOOD
China_Drone_001610.jpg,None,0.0,0.0,100.0,GOOD
China_Drone_001611.jpg,"1,1,1",0.754,2.61,97.25,GOOD
China_Drone_001614.jpg,"1,1,1,1,1",0.822,2.21,97.46,GOOD
China_Drone_001625.jpg,"1,1",0.782,1.78,98.05,GOOD
China_Drone_001626.jpg,None,0.0,0.0,100.0,GOOD
China_Drone_001630.jpg,None,0.0,0.0,100.0,GOOD
China_Drone_001632.jpg,None,0.0,0.0,100.0,GOOD
China_Drone_001642.jpg,None,0.0,0.0,100.0,GOOD
China_Drone_001644.jpg,None,0.0,0.0,100.0,GOOD
China_Drone_001645.jpg,None,0.0,0.0,100.0,GOOD
China_Drone_001646.jpg,None,0.0,0.0,100.0,GOOD
China_Drone_001652.jpg,None,0.0,0.0,100.0,GOOD
China_Drone_001654.jpg,None,0.0,0.0,100.0,GOOD
China_Drone_001655.jpg,None,0.0,0.0,100.0,GOOD
China_Drone_001658.jpg,"1,1,1,1,1,1",0.934,4.23,94.47,GOOD
China_Drone_001671.jpg,None,0.0,0.0,100.0,GOOD
China_Drone_001673.jpg,None,0.0,0.0,100.0,GOOD
China_Drone_001677.jpg,None,0.0,0.0,100.0,GOOD
China_Drone_001683.jpg,None,0.0,0.0,100.0,GOOD
China_Drone_001684.jpg,None,0.0,0.0,100.0,GOOD
China_Drone_001685.jpg,1,0.847,1.87,97.78,GOOD
China_Drone_001686.jpg,2,0.642,18.25,83.59,GOOD
China_Drone_001697.jpg,"1,1,1,1,1,1,1,1,1,1,1,1,1,1,1,1,1,1",0.948,2.76,96.34,GOOD
China_Drone_001700.jpg,None,0.0,0.0,100.0,GOOD
China_Drone_001703.jpg,None,0.0,0.0,100.0,GOOD
China_Drone_001720.jpg,"1,1,1,1,1,1,1,1,1,1,1,1,1,1,1",0.972,2.43,96.69,GOOD
China_Drone_001725.jpg,None,0.0,0.0,100.0,GOOD
China_Drone_001726.jpg,1,0.846,2.22,97.37,GOOD
China_Drone_001736.jpg,"1,1,1,1,1,1,1,1,1,1,1",0.911,3.98,94.92,GOOD
China_Drone_001748.jpg,None,0.0,0.0,100.0,GOOD
China_Drone_001753.jpg,"1,1,1",0.834,2.76,96.78,GOOD
China_Drone_001755.jpg,None,0.0,0.0,100.0,GOOD
China_Drone_001756.jpg,None,0.0,0.0,100.0,GOOD
China_Drone_001757.jpg,None,0.0,0.0,100.0,GOOD
China_Drone_001761.jpg,None,0.0,0.0,100.0,GOOD
China_Drone_001766.jpg,None,0.0,0.0,100.0,GOOD
China_Drone_001767.jpg,None,0.0,0.0,100.0,GOOD
China_Drone_001768.jpg,"1,1,1,1",0.696,2.48,97.59,GOOD
China_Drone_001774.jpg,None,0.0,0.0,100.0,GOOD
China_Drone_001775.jpg,None,0.0,0.0,100.0,GOOD
China_Drone_001777.jpg,"1,1",0.752,2.44,97.43,GOOD
China_Drone_001793.jpg,"1,1,1,1",0.811,2.08,97.64,GOOD
China_Drone_001796.jpg,None,0.0,0.0,100.0,GOOD
China_Drone_001801.jpg,None,0.0,0.0,100.0,GOOD
China_Drone_001805.jpg,None,0.0,0.0,100.0,GOOD
China_Drone_001807.jpg,None,0.0,0.0,100.0,GOOD
China_Drone_001810.jpg,None,0.0,0.0,100.0,GOOD
China_Drone_001813.jpg,None,0.0,0.0,100.0,GOOD
China_Drone_001828.jpg,None,0.0,0.0,100.0,GOOD
China_Drone_001830.jpg,None,0.0,0.0,100.0,GOOD
China_Drone_001837.jpg,None,0.0,0.0,100.0,GOOD
China_Drone_001847.jpg,None,0.0,0.0,100.0,GOOD
China_Drone_001853.jpg,2,0.92,22.55,70.95,MODERATE
China_Drone_001854.jpg,None,0.0,0.0,100.0,GOOD
China_Drone_001868.jpg,None,0.0,0.0,100.0,GOOD
China_Drone_001882.jpg,None,0.0,0.0,100.0,GOOD
China_Drone_001888.jpg,None,0.0,0.0,100.0,GOOD
China_Drone_001905.jpg,None,0.0,0.0,100.0,GOOD
China_Drone_001912.jpg,"1,1",0.74,4.7,95.13,GOOD
China_Drone_001915.jpg,"1,1",0.828,1.7,98.03,GOOD
China_Drone_001916.jpg,None,0.0,0.0,100.0,GOOD
China_Drone_001945.jpg,None,0.0,0.0,100.0,GOOD
China_Drone_001948.jpg,None,0.0,0.0,100.0,GOOD
China_Drone_001949.jpg,None,0.0,0.0,100.0,GOOD
China_Drone_001951.jpg,None,0.0,0.0,100.0,GOOD
China_Drone_001960.jpg,None,0.0,0.0,100.0,GOOD
China_Drone_001961.jpg,None,0.0,0.0,100.0,GOOD
China_Drone_001963.jpg,None,0.0,0.0,100.0,GOOD
China_Drone_001967.jpg,None,0.0,0.0,100.0,GOOD
China_Drone_001969.jpg,None,0.0,0.0,100.0,GOOD
China_Drone_001978.jpg,None,0.0,0.0,100.0,GOOD
China_Drone_001979.jpg,"1,1,1,1,1",0.846,2.82,96.66,GOOD
China_Drone_001984.jpg,None,0.0,0.0,100.0,GOOD
China_Drone_001987.jpg,None,0.0,0.0,100.0,GOOD
China_Drone_002005.jpg,1,0.621,5.47,95.24,GOOD
China_Drone_002007.jpg,None,0.0,0.0,100.0,GOOD
China_Drone_002022.jpg,None,0.0,0.0,100.0,GOOD
China_Drone_002026.jpg,None,0.0,0.0,100.0,GOOD
China_Drone_002039.jpg,None,0.0,0.0,100.0,GOOD
China_Drone_002055.jpg,None,0.0,0.0,100.0,GOOD
China_Drone_002059.jpg,"1,1",0.722,2.18,97.79,GOOD
China_Drone_002066.jpg,None,0.0,0.0,100.0,GOOD
China_Drone_002072.jpg,None,0.0,0.0,100.0,GOOD
China_Drone_002089.jpg,None,0.0,0.0,100.0,GOOD
China_Drone_002094.jpg,None,0.0,0.0,100.0,GOOD
China_Drone_002097.jpg,None,0.0,0.0,100.0,GOOD
China_Drone_002098.jpg,"2,2",0.714,23.42,76.59,MODERATE
China_Drone_002103.jpg,"1,1,1,1,1,1,1,1,1,1,1,1,1,1,1",0.934,2.39,96.87,GOOD
China_Drone_002104.jpg,None,0.0,0.0,100.0,GOOD
China_Drone_002105.jpg,None,0.0,0.0,100.0,GOOD
China_Drone_002113.jpg,None,0.0,0.0,100.0,GOOD
China_Drone_002124.jpg,None,0.0,0.0,100.0,GOOD
China_Drone_002125.jpg,"1,1,1,1,1,1,1,1",0.874,2.43,97.03,GOOD
China_Drone_002128.jpg,None,0.0,0.0,100.0,GOOD
China_Drone_002147.jpg,None,0.0,0.0,100.0,GOOD
China_Drone_002150.jpg,None,0.0,0.0,100.0,GOOD
China_Drone_002152.jpg,"1,1,1,1,1,1,1,1,1,1",0.939,2.3,96.98,GOOD
China_Drone_002154.jpg,"1,1",0.71,2.31,97.7,GOOD
China_Drone_002155.jpg,None,0.0,0.0,100.0,GOOD
China_Drone_002173.jpg,"2,2",0.882,7.03,91.32,GOOD
China_Drone_002178.jpg,None,0.0,0.0,100.0,GOOD
China_Drone_002179.jpg,None,0.0,0.0,100.0,GOOD
China_Drone_002183.jpg,None,0.0,0.0,100.0,GOOD
China_Drone_002184.jpg,None,0.0,0.0,100.0,GOOD
China_Drone_002197.jpg,1,0.792,1.73,98.08,GOOD
China_Drone_002198.jpg,"1,1,1,1",0.826,3.47,95.99,GOOD
China_Drone_002201.jpg,None,0.0,0.0,100.0,GOOD
China_Drone_002202.jpg,None,0.0,0.0,100.0,GOOD
China_Drone_002209.jpg,"2,2",0.935,21.48,71.88,MODERATE
China_Drone_002219.jpg,None,0.0,0.0,100.0,GOOD
China_Drone_002230.jpg,None,0.0,0.0,100.0,GOOD
China_Drone_002242.jpg,None,0.0,0.0,100.0,GOOD
China_Drone_002243.jpg,"1,1",0.806,2.02,97.72,GOOD
China_Drone_002247.jpg,None,0.0,0.0,100.0,GOOD
China_Drone_002249.jpg,None,0.0,0.0,100.0,GOOD
China_Drone_002253.jpg,None,0.0,0.0,100.0,GOOD
China_Drone_002254.jpg,None,0.0,0.0,100.0,GOOD
China_Drone_002265.jpg,None,0.0,0.0,100.0,GOOD
China_Drone_002278.jpg,None,0.0,0.0,100.0,GOOD
China_Drone_002279.jpg,None,0.0,0.0,100.0,GOOD
China_Drone_002287.jpg,None,0.0,0.0,100.0,GOOD
China_Drone_002290.jpg,2,0.757,17.11,81.87,GOOD
China_Drone_002301.jpg,4,0.649,1.02,99.07,GOOD
China_Drone_002305.jpg,1,0.861,1.83,97.8,GOOD
China_Drone_002306.jpg,None,0.0,0.0,100.0,GOOD
China_Drone_002308.jpg,None,0.0,0.0,100.0,GOOD
China_Drone_002309.jpg,None,0.0,0.0,100.0,GOOD
China_Drone_002311.jpg,"1,1,1,1,1,1,1",0.91,2.28,97.09,GOOD
China_Drone_002320.jpg,None,0.0,0.0,100.0,GOOD
China_Drone_002323.jpg,None,0.0,0.0,100.0,GOOD
China_Drone_002337.jpg,None,0.0,0.0,100.0,GOOD
China_Drone_002338.jpg,1,0.658,4.79,95.59,GOOD
China_Drone_002340.jpg,None,0.0,0.0,100.0,GOOD
China_Drone_002343.jpg,None,0.0,0.0,100.0,GOOD
China_Drone_002351.jpg,None,0.0,0.0,100.0,GOOD
China_Drone_002353.jpg,None,0.0,0.0,100.0,GOOD
China_Drone_002354.jpg,None,0.0,0.0,100.0,GOOD
China_Drone_002360.jpg,"2,2",0.773,17.18,81.42,GOOD
China_Drone_002361.jpg,None,0.0,0.0,100.0,GOOD
China_Drone_002363.jpg,None,0.0,0.0,100.0,GOOD
China_Drone_002378.jpg,"1,1,1,1",0.94,2.02,97.34,GOOD
China_Drone_002379.jpg,None,0.0,0.0,100.0,GOOD
China_Drone_002382.jpg,"1,1,0",0.834,1.86,97.83,GOOD
China_Drone_002387.jpg,None,0.0,0.0,100.0,GOOD
China_Drone_002389.jpg,None,0.0,0.0,100.0,GOOD
China_Drone_002395.jpg,1,0.613,1.65,98.58,GOOD
China_Drone_002397.jpg,"1,1",0.803,3.54,96.02,GOOD
China_Drone_002400.jpg,None,0.0,0.0,100.0,GOOD
China_MotorBike_000004.jpg,None,0.0,0.0,100.0,GOOD
China_MotorBike_000006.jpg,None,0.0,0.0,100.0,GOOD
China_MotorBike_000007.jpg,2,0.71,17.59,82.52,GOOD
China_MotorBike_000013.jpg,"1,1,1,1",0.826,2.01,97.67,GOOD
China_MotorBike_000017.jpg,"0,0",0.652,4.48,95.91,GOOD
China_MotorBike_000020.jpg,None,0.0,0.0,100.0,GOOD
China_MotorBike_000026.jpg,None,0.0,0.0,100.0,GOOD
China_MotorBike_000028.jpg,None,0.0,0.0,100.0,GOOD
China_MotorBike_000035.jpg,None,0.0,0.0,100.0,GOOD
China_MotorBike_000055.jpg,"0,0,0",0.737,3.83,96.05,GOOD
China_MotorBike_000058.jpg,"0,0,0,0",0.896,3.54,95.55,GOOD
China_MotorBike_000063.jpg,None,0.0,0.0,100.0,GOOD
China_MotorBike_000064.jpg,None,0.0,0.0,100.0,GOOD
China_MotorBike_000067.jpg,"1,1",0.76,2.0,97.87,GOOD
China_MotorBike_000070.jpg,"2,2,2",0.878,20.21,75.16,MODERATE
China_MotorBike_000071.jpg,"1,1,1,1,1,1,1,1,1,1,1,1",0.839,2.07,97.56,GOOD
China_MotorBike_000074.jpg,0,0.603,3.53,97.02,GOOD
China_MotorBike_000078.jpg,None,0.0,0.0,100.0,GOOD
China_MotorBike_000079.jpg,"2,2",0.873,22.3,72.75,MODERATE
China_MotorBike_000083.jpg,None,0.0,0.0,100.0,GOOD
China_MotorBike_000087.jpg,"2,2,2",0.927,20.79,73.03,MODERATE
China_MotorBike_000088.jpg,None,0.0,0.0,100.0,GOOD
China_MotorBike_000090.jpg,"2,2,1,1,1",0.997,22.0,69.31,MODERATE
China_MotorBike_000091.jpg,"1,1",0.699,1.93,98.12,GOOD
China_MotorBike_000104.jpg,"1,1",0.767,3.94,95.77,GOOD
China_MotorBike_000107.jpg,"1,1",0.758,1.78,98.12,GOOD
China_MotorBike_000112.jpg,1,0.723,2.46,97.51,GOOD
China_MotorBike_000118.jpg,None,0.0,0.0,100.0,GOOD
China_MotorBike_000125.jpg,2,0.72,23.27,76.53,MODERATE
China_MotorBike_000127.jpg,None,0.0,0.0,100.0,GOOD
China_MotorBike_000136.jpg,None,0.0,0.0,100.0,GOOD
China_MotorBike_000140.jpg,None,0.0,0.0,100.0,GOOD
China_MotorBike_000142.jpg,1,0.604,1.89,98.4,GOOD
China_MotorBike_000147.jpg,"1,1,1",0.614,2.21,98.1,GOOD
China_MotorBike_000159.jpg,None,0.0,0.0,100.0,GOOD
China_MotorBike_000160.jpg,"0,0",0.779,6.17,93.27,GOOD
China_MotorBike_000162.jpg,None,0.0,0.0,100.0,GOOD
China_MotorBike_000170.jpg,None,0.0,0.0,100.0,GOOD
China_MotorBike_000182.jpg,"0,0,0,0,0,0,0",0.806,6.32,92.88,GOOD
China_MotorBike_000185.jpg,0,0.801,3.63,95.93,GOOD
China_MotorBike_000186.jpg,2,0.91,22.96,70.76,MODERATE
China_MotorBike_000188.jpg,"1,1,1,1,1,1,1",0.91,2.05,97.39,GOOD
China_MotorBike_000195.jpg,"1,1",0.731,2.2,97.74,GOOD
China_MotorBike_000201.jpg,0,0.609,3.37,97.13,GOOD
China_MotorBike_000203.jpg,None,0.0,0.0,100.0,GOOD
China_MotorBike_000208.jpg,"0,0",0.624,2.01,98.24,GOOD
China_MotorBike_000214.jpg,"1,1,1,1,1",0.808,2.01,97.72,GOOD
China_MotorBike_000215.jpg,"2,2,2,2",0.892,22.83,71.49,MODERATE
China_MotorBike_000216.jpg,1,0.854,1.89,97.75,GOOD
China_MotorBike_000218.jpg,None,0.0,0.0,100.0,GOOD
China_MotorBike_000219.jpg,"2,2,1,1,1,2,1,1,1",0.996,21.77,69.65,MODERATE
China_MotorBike_000220.jpg,None,0.0,0.0,100.0,GOOD
China_MotorBike_000230.jpg,"1,1",0.726,1.28,98.7,GOOD
China_MotorBike_000233.jpg,"1,1",0.829,2.19,97.46,GOOD
China_MotorBike_000238.jpg,None,0.0,0.0,100.0,GOOD
China_MotorBike_000241.jpg,"1,1",0.865,1.92,97.67,GOOD
China_MotorBike_000244.jpg,"0,1",0.69,1.31,98.73,GOOD
China_MotorBike_000247.jpg,3,0.825,0.29,99.66,GOOD
China_MotorBike_000252.jpg,0,0.605,3.01,97.45,GOOD
China_MotorBike_000274.jpg,None,0.0,0.0,100.0,GOOD
China_MotorBike_000284.jpg,"1,1,1,1,1,0",0.767,4.85,94.8,GOOD
China_MotorBike_000285.jpg,None,0.0,0.0,100.0,GOOD
China_MotorBike_000289.jpg,None,0.0,0.0,100.0,GOOD
China_MotorBike_000292.jpg,0,0.645,1.74,98.43,GOOD
China_MotorBike_000303.jpg,"1,1,1",0.71,2.3,97.71,GOOD
China_MotorBike_000317.jpg,2,0.611,21.04,82.0,GOOD
China_MotorBike_000333.jpg,None,0.0,0.0,100.0,GOOD
China_MotorBike_000334.jpg,None,0.0,0.0,100.0,GOOD
China_MotorBike_000336.jpg,"1,1,1,1,1,1",0.858,2.08,97.51,GOOD
China_MotorBike_000337.jpg,None,0.0,0.0,100.0,GOOD
China_MotorBike_000351.jpg,"1,1,1,1,1,1,1,1,1,1,1,1,1,1",0.954,2.2,97.06,GOOD
China_MotorBike_000352.jpg,"0,1",0.672,3.13,97.06,GOOD
China_MotorBike_000354.jpg,"1,0",0.769,1.8,98.07,GOOD
China_MotorBike_000362.jpg,"1,1,1,1,1,1,1,1,1,1,1,0,0,1,0",0.939,2.32,96.95,GOOD
China_MotorBike_000365.jpg,"2,2,2,1,1,1,2,1,2,2,1,2,1",0.987,23.32,67.78,MODERATE
China_MotorBike_000375.jpg,None,0.0,0.0,100.0,GOOD
China_MotorBike_000380.jpg,"1,1,1,1,1,1,1,1",0.892,3.15,96.07,GOOD
China_MotorBike_000383.jpg,"2,2,2,2,2,2",0.971,22.8,69.01,MODERATE
China_MotorBike_000386.jpg,"1,1,1,1,1,1",0.821,1.79,97.94,GOOD
China_MotorBike_000390.jpg,None,0.0,0.0,100.0,GOOD
China_MotorBike_000391.jpg,1,0.672,1.91,98.2,GOOD
China_MotorBike_000392.jpg,None,0.0,0.0,100.0,GOOD
China_MotorBike_000393.jpg,None,0.0,0.0,100.0,GOOD
China_MotorBike_000396.jpg,None,0.0,0.0,100.0,GOOD
China_MotorBike_000397.jpg,None,0.0,0.0,100.0,GOOD
China_MotorBike_000398.jpg,None,0.0,0.0,100.0,GOOD
China_MotorBike_000401.jpg,1,0.62,2.58,97.76,GOOD
China_MotorBike_000403.jpg,"1,1,1,1",0.759,3.22,96.58,GOOD
China_MotorBike_000405.jpg,"2,2,2",0.903,17.78,77.51,MODERATE
China_MotorBike_000407.jpg,None,0.0,0.0,100.0,GOOD
China_MotorBike_000409.jpg,"1,1,1,1",0.874,1.91,97.66,GOOD
China_MotorBike_000419.jpg,"1,1,1,1",0.882,2.35,97.1,GOOD
China_MotorBike_000423.jpg,None,0.0,0.0,100.0,GOOD
China_MotorBike_000424.jpg,0,0.625,1.33,98.83,GOOD
China_MotorBike_000431.jpg,None,0.0,0.0,100.0,GOOD
China_MotorBike_000433.jpg,"0,0,0",0.679,3.43,96.74,GOOD
China_MotorBike_000438.jpg,"2,2,2,2",0.936,22.02,71.13,MODERATE
China_MotorBike_000442.jpg,None,0.0,0.0,100.0,GOOD
China_MotorBike_000448.jpg,None,0.0,0.0,100.0,GOOD
China_MotorBike_000452.jpg,"1,1,1,1,1,1",0.833,2.29,97.32,GOOD
China_MotorBike_000459.jpg,None,0.0,0.0,100.0,GOOD
China_MotorBike_000460.jpg,None,0.0,0.0,100.0,GOOD
China_MotorBike_000469.jpg,"1,1,1",0.951,2.21,97.06,GOOD
China_MotorBike_000471.jpg,"1,1,1,0",0.673,2.34,97.79,GOOD
China_MotorBike_000473.jpg,None,0.0,0.0,100.0,GOOD
China_MotorBike_000474.jpg,None,0.0,0.0,100.0,GOOD
China_MotorBike_000475.jpg,None,0.0,0.0,100.0,GOOD
China_MotorBike_000476.jpg,"1,1,1,1,1,1,1,1,1,1,1,1,1,0,0",0.969,4.53,93.86,GOOD
China_MotorBike_000479.jpg,1,0.603,3.48,97.07,GOOD
China_MotorBike_000488.jpg,"1,1,1,1,1",0.856,2.17,97.4,GOOD
China_MotorBike_000499.jpg,"1,1,1,1,1,1,1,1,1,1",0.97,3.37,95.42,GOOD
China_MotorBike_000501.jpg,1,0.615,2.45,97.89,GOOD
China_MotorBike_000502.jpg,1,0.734,4.07,95.82,GOOD
China_MotorBike_000503.jpg,None,0.0,0.0,100.0,GOOD
China_MotorBike_000513.jpg,"1,1,1,1,1,1,1,1",0.927,2.41,96.87,GOOD
China_MotorBike_000517.jpg,"1,1,1,1,1,1,1,1,1,1,1,1,1",0.944,4.54,94.0,GOOD
China_MotorBike_000519.jpg,"0,0,0",0.819,3.14,96.41,GOOD
China_MotorBike_000526.jpg,None,0.0,0.0,100.0,GOOD
China_MotorBike_000527.jpg,0,0.609,5.69,95.15,GOOD
China_MotorBike_000537.jpg,2,0.738,18.93,80.45,GOOD
China_MotorBike_000538.jpg,None,0.0,0.0,100.0,GOOD
China_MotorBike_000539.jpg,"1,1,1,1,1,1,1",0.89,5.13,93.6,GOOD
China_MotorBike_000540.jpg,"2,2,2,2,2",0.996,16.38,77.15,MODERATE
China_MotorBike_000541.jpg,None,0.0,0.0,100.0,GOOD
China_MotorBike_000545.jpg,"2,2,2",0.975,17.17,76.55,MODERATE
China_MotorBike_000555.jpg,"1,1,1,1,1,1,1,1,1,1,1,1,1,1,1,1,1,1,1,1,1,0,1",0.948,2.31,96.94,GOOD
China_MotorBike_000557.jpg,"1,1,1,1,1,1,1",0.79,5.14,94.32,GOOD
China_MotorBike_000558.jpg,None,0.0,0.0,100.0,GOOD
China_MotorBike_000559.jpg,None,0.0,0.0,100.0,GOOD
China_MotorBike_000567.jpg,3,0.649,0.55,99.5,GOOD
China_MotorBike_000571.jpg,"2,2,2,2",0.95,15.98,78.75,MODERATE
China_MotorBike_000573.jpg,"2,2",0.907,18.42,76.62,MODERATE
China_MotorBike_000584.jpg,1,0.61,2.03,98.27,GOOD
China_MotorBike_000590.jpg,None,0.0,0.0,100.0,GOOD
China_MotorBike_000607.jpg,None,0.0,0.0,100.0,GOOD
China_MotorBike_000609.jpg,None,0.0,0.0,100.0,GOOD
China_MotorBike_000610.jpg,None,0.0,0.0,100.0,GOOD
China_MotorBike_000611.jpg,None,0.0,0.0,100.0,GOOD
China_MotorBike_000612.jpg,None,0.0,0.0,100.0,GOOD
China_MotorBike_000619.jpg,1,0.704,1.91,98.12,GOOD
China_MotorBike_000620.jpg,None,0.0,0.0,100.0,GOOD
China_MotorBike_000641.jpg,"1,1,1",0.657,2.12,98.05,GOOD
China_MotorBike_000642.jpg,"1,1,1,1,1,1,1,1,1,1,1,0,1,1,1",0.932,4.1,94.65,GOOD
China_MotorBike_000643.jpg,None,0.0,0.0,100.0,GOOD
China_MotorBike_000644.jpg,"1,1,1,1,1,1,1,1,1,1,1,1,1,1,1,1,1,1",0.965,4.25,94.26,GOOD
China_MotorBike_000646.jpg,None,0.0,0.0,100.0,GOOD
China_MotorBike_000647.jpg,0,0.613,5.27,95.48,GOOD
China_MotorBike_000648.jpg,None,0.0,0.0,100.0,GOOD
China_MotorBike_000659.jpg,None,0.0,0.0,100.0,GOOD
China_MotorBike_000664.jpg,"2,2,2",0.987,18.87,73.93,MODERATE
China_MotorBike_000683.jpg,"1,1,1,1,1,1,1,1,1,1,1,1,1",0.925,1.99,97.43,GOOD
China_MotorBike_000690.jpg,0,0.638,5.59,95.01,GOOD
China_MotorBike_000694.jpg,None,0.0,0.0,100.0,GOOD
China_MotorBike_000702.jpg,"1,1,1,1,1,1,1,1,1,1,1,1,1,1,1,1,1",0.935,3.37,95.59,GOOD
China_MotorBike_000703.jpg,"2,2,2",0.985,17.16,76.32,MODERATE
China_MotorBike_000707.jpg,None,0.0,0.0,100.0,GOOD
China_MotorBike_000708.jpg,"1,1,1,1,1,1,1,1,1,1",0.835,2.12,97.52,GOOD
China_MotorBike_000711.jpg,None,0.0,0.0,100.0,GOOD
China_MotorBike_000713.jpg,None,0.0,0.0,100.0,GOOD
China_MotorBike_000714.jpg,"1,1,1,1,1,1,1,1,1,1,1,1,1,1",0.945,3.7,95.1,GOOD
China_MotorBike_000723.jpg,2,0.821,22.33,74.34,MODERATE
China_MotorBike_000727.jpg,1,0.656,3.69,96.61,GOOD
China_MotorBike_000731.jpg,None,0.0,0.0,100.0,GOOD
China_MotorBike_000736.jpg,None,0.0,0.0,100.0,GOOD
China_MotorBike_000739.jpg,"1,1,1,1,1,1,1,1,1",0.869,5.96,92.76,GOOD
China_MotorBike_000744.jpg,None,0.0,0.0,100.0,GOOD
China_MotorBike_000746.jpg,None,0.0,0.0,100.0,GOOD
China_MotorBike_000748.jpg,None,0.0,0.0,100.0,GOOD
China_MotorBike_000749.jpg,"1,1,1,1,1,1,1,1,1,1,1,1,1,1",0.869,2.81,96.59,GOOD
China_MotorBike_000753.jpg,0,0.699,1.74,98.3,GOOD
China_MotorBike_000755.jpg,None,0.0,0.0,100.0,GOOD
China_MotorBike_000757.jpg,None,0.0,0.0,100.0,GOOD
China_MotorBike_000762.jpg,None,0.0,0.0,100.0,GOOD
China_MotorBike_000767.jpg,"1,1,1,1",0.863,2.16,97.39,GOOD
China_MotorBike_000770.jpg,"1,1,1,1",0.916,3.88,95.03,GOOD
China_MotorBike_000774.jpg,None,0.0,0.0,100.0,GOOD
China_MotorBike_000783.jpg,None,0.0,0.0,100.0,GOOD
China_MotorBike_000789.jpg,"0,0,0,0,0,0,0,0",0.823,6.25,92.8,GOOD
China_MotorBike_000790.jpg,"2,2,2,2,2",0.963,19.73,73.4,MODERATE
China_MotorBike_000791.jpg,None,0.0,0.0,100.0,GOOD
China_MotorBike_000801.jpg,"1,1",0.684,2.39,97.71,GOOD
China_MotorBike_000802.jpg,0,0.643,1.64,98.52,GOOD
China_MotorBike_000804.jpg,None,0.0,0.0,100.0,GOOD
China_MotorBike_000805.jpg,"1,1,1",0.832,2.14,97.51,GOOD
China_MotorBike_000816.jpg,None,0.0,0.0,100.0,GOOD
China_MotorBike_000820.jpg,None,0.0,0.0,100.0,GOOD
China_MotorBike_000829.jpg,1,0.614,2.95,97.47,GOOD
China_MotorBike_000834.jpg,"2,2,1,2,2,1,1,1",0.989,21.76,69.88,MODERATE
China_MotorBike_000844.jpg,"1,1,1,1,1,1,1,1,1,1",0.914,2.67,96.59,GOOD
China_MotorBike_000845.jpg,"0,0,0,0",0.689,5.9,94.31,GOOD
China_MotorBike_000846.jpg,None,0.0,0.0,100.0,GOOD
China_MotorBike_000856.jpg,"1,1,1,1,1",0.879,2.43,97.01,GOOD
China_MotorBike_000858.jpg,1,0.707,2.38,97.64,GOOD
China_MotorBike_000861.jpg,None,0.0,0.0,100.0,GOOD
China_MotorBike_000866.jpg,"1,1,1,1,1",0.714,2.86,97.14,GOOD
China_MotorBike_000867.jpg,"2,2,2,2,1,1,2",0.999,21.78,69.55,MODERATE
China_MotorBike_000878.jpg,None,0.0,0.0,100.0,GOOD
China_MotorBike_000881.jpg,None,0.0,0.0,100.0,GOOD
China_MotorBike_000883.jpg,None,0.0,0.0,100.0,GOOD
China_MotorBike_000885.jpg,0,0.669,4.98,95.33,GOOD
China_MotorBike_000897.jpg,None,0.0,0.0,100.0,GOOD
China_MotorBike_000901.jpg,"1,1,1,1,1,1,1,1,1,1,1,1,1,1,1,1,1,1,1,1,1",0.953,2.76,96.32,GOOD
China_MotorBike_000909.jpg,"1,1,1,1,1,1,1,1,1,1,1,1",0.937,2.75,96.39,GOOD
China_MotorBike_000911.jpg,"1,1,1,1,1,0,1,1",0.81,2.27,97.42,GOOD
China_MotorBike_000913.jpg,"0,0",0.715,2.87,97.13,GOOD
China_MotorBike_000918.jpg,"2,2,2,2,2,2,2,2",0.992,22.0,69.46,MODERATE
China_MotorBike_000919.jpg,"1,1,1,1,1",0.946,3.71,95.08,GOOD
China_MotorBike_000929.jpg,"1,1,1,1,1,1,1,1,1,1,1,1,1,1",0.938,4.49,94.1,GOOD
China_MotorBike_000935.jpg,None,0.0,0.0,100.0,GOOD
China_MotorBike_000943.jpg,None,0.0,0.0,100.0,GOOD
China_MotorBike_000944.jpg,None,0.0,0.0,100.0,GOOD
China_MotorBike_000945.jpg,"1,1,1,1,1,1,1,0",0.956,2.39,96.8,GOOD
China_MotorBike_000946.jpg,"1,1,1,1,1,1,1,0,1,1,0,1,0",0.945,2.62,96.53,GOOD
China_MotorBike_000950.jpg,0,0.807,5.18,94.15,GOOD
China_MotorBike_000961.jpg,"1,1",0.845,2.08,97.54,GOOD
China_MotorBike_000971.jpg,"1,1,1,1,1,1,1,1,1",0.923,2.27,97.07,GOOD
China_MotorBike_000976.jpg,"1,1,1,1,1,1,1,1,1,1,1",0.956,4.14,94.46,GOOD
China_MotorBike_000990.jpg,"2,2",0.753,11.9,87.45,GOOD
China_MotorBike_001001.jpg,None,0.0,0.0,100.0,GOOD
China_MotorBike_001006.jpg,"1,0,1,1",0.869,1.84,97.76,GOOD
China_MotorBike_001009.jpg,"1,1,1,1,1",0.895,4.07,94.9,GOOD
China_MotorBike_001012.jpg,None,0.0,0.0,100.0,GOOD
China_MotorBike_001018.jpg,None,0.0,0.0,100.0,GOOD
China_MotorBike_001021.jpg,None,0.0,0.0,100.0,GOOD
China_MotorBike_001022.jpg,None,0.0,0.0,100.0,GOOD
China_MotorBike_001023.jpg,"2,2,2",0.958,20.96,71.87,MODERATE
China_MotorBike_001027.jpg,1,0.656,2.75,97.47,GOOD
China_MotorBike_001034.jpg,"0,0",0.629,3.89,96.58,GOOD
China_MotorBike_001037.jpg,None,0.0,0.0,100.0,GOOD
China_MotorBike_001038.jpg,None,0.0,0.0,100.0,GOOD
China_MotorBike_001041.jpg,None,0.0,0.0,100.0,GOOD
China_MotorBike_001044.jpg,"1,1,1,1",0.742,5.87,93.9,GOOD
China_MotorBike_001045.jpg,"1,1",0.918,2.63,96.61,GOOD
China_MotorBike_001051.jpg,"2,2,0,2",0.991,19.91,72.38,MODERATE
China_MotorBike_001055.jpg,None,0.0,0.0,100.0,GOOD
China_MotorBike_001057.jpg,"1,1,1,1,1,1,1",0.926,5.49,92.88,GOOD
China_MotorBike_001067.jpg,None,0.0,0.0,100.0,GOOD
China_MotorBike_001068.jpg,"1,1",0.833,1.55,98.19,GOOD
China_MotorBike_001070.jpg,"1,1,1,1",0.909,1.94,97.53,GOOD
China_MotorBike_001074.jpg,"1,1",0.681,2.03,98.06,GOOD
China_MotorBike_001075.jpg,"2,2,2",0.944,18.18,75.97,MODERATE
China_MotorBike_001081.jpg,1,0.644,1.61,98.55,GOOD
China_MotorBike_001084.jpg,None,0.0,0.0,100.0,GOOD
China_MotorBike_001087.jpg,2,0.655,18.68,82.86,GOOD
China_MotorBike_001088.jpg,None,0.0,0.0,100.0,GOOD
China_MotorBike_001098.jpg,"1,1,1,1,1,1",0.871,5.69,93.07,GOOD
China_MotorBike_001100.jpg,None,0.0,0.0,100.0,GOOD
China_MotorBike_001101.jpg,"1,1,1",0.926,2.85,96.31,GOOD
China_MotorBike_001104.jpg,None,0.0,0.0,100.0,GOOD
China_MotorBike_001105.jpg,None,0.0,0.0,100.0,GOOD
China_MotorBike_001108.jpg,"2,1,1,2,1,1",0.957,20.74,72.22,MODERATE
China_MotorBike_001116.jpg,"1,1,1,1,1",0.798,1.7,98.1,GOOD
China_MotorBike_001127.jpg,"0,0,0",0.7,5.16,94.94,GOOD
China_MotorBike_001137.jpg,"1,1",0.7,2.07,97.97,GOOD
China_MotorBike_001140.jpg,"1,1",0.851,1.54,98.16,GOOD
China_MotorBike_001141.jpg,None,0.0,0.0,100.0,GOOD
China_MotorBike_001158.jpg,"1,1,1,1,1,1,1,1",0.866,2.19,97.34,GOOD
China_MotorBike_001159.jpg,None,0.0,0.0,100.0,GOOD
China_MotorBike_001168.jpg,None,0.0,0.0,100.0,GOOD
China_MotorBike_001175.jpg,0,0.618,4.61,96.01,GOOD
China_MotorBike_001181.jpg,None,0.0,0.0,100.0,GOOD
China_MotorBike_001184.jpg,"1,1,1,1,1,1,1,1,1,1",0.981,2.82,96.13,GOOD
China_MotorBike_001189.jpg,None,0.0,0.0,100.0,GOOD
China_MotorBike_001192.jpg,None,0.0,0.0,100.0,GOOD
China_MotorBike_001199.jpg,"1,1,1,1",0.856,3.03,96.36,GOOD
China_MotorBike_001200.jpg,None,0.0,0.0,100.0,GOOD
China_MotorBike_001221.jpg,0,0.769,1.61,98.26,GOOD
China_MotorBike_001231.jpg,"2,2,2,2,2,2,2,2,2,2",0.991,20.23,71.95,MODERATE
China_MotorBike_001232.jpg,"1,1,1,1,1,1",0.885,4.76,94.1,GOOD
China_MotorBike_001233.jpg,None,0.0,0.0,100.0,GOOD
China_MotorBike_001242.jpg,"0,0,0",0.694,4.73,95.4,GOOD
China_MotorBike_001243.jpg,None,0.0,0.0,100.0,GOOD
China_MotorBike_001254.jpg,"1,1,1,1,1",0.894,2.0,97.5,GOOD
China_MotorBike_001259.jpg,None,0.0,0.0,100.0,GOOD
China_MotorBike_001264.jpg,0,0.75,7.06,92.59,GOOD
China_MotorBike_001279.jpg,"1,1,1,1,1,1,1,1,1,1,0,1,1,1,1,0",0.941,2.91,96.17,GOOD
China_MotorBike_001282.jpg,"1,1,1,1",0.794,2.74,96.96,GOOD
China_MotorBike_001293.jpg,None,0.0,0.0,100.0,GOOD
China_MotorBike_001294.jpg,"1,1,1",0.867,2.73,96.68,GOOD
China_MotorBike_001296.jpg,"1,1,1,1,1",0.86,5.45,93.44,GOOD
China_MotorBike_001298.jpg,1,0.691,1.73,98.32,GOOD
China_MotorBike_001301.jpg,"1,1,1,1,1",0.85,2.07,97.54,GOOD
China_MotorBike_001317.jpg,1,0.654,1.57,98.56,GOOD
China_MotorBike_001324.jpg,"1,1,1,1,1,1",0.938,2.11,97.22,GOOD
China_MotorBike_001329.jpg,None,0.0,0.0,100.0,GOOD
China_MotorBike_001337.jpg,"1,1,1,1,1,1,1,1,1,1,1,1,1,1,1,1,1,1,1,1",0.961,2.47,96.68,GOOD
China_MotorBike_001339.jpg,"1,1,0,1,1,0,1,1",0.744,3.56,96.29,GOOD
China_MotorBike_001341.jpg,None,0.0,0.0,100.0,GOOD
China_MotorBike_001355.jpg,"1,1",0.817,2.37,97.29,GOOD
China_MotorBike_001361.jpg,"0,0,0",0.694,5.75,94.41,GOOD
China_MotorBike_001366.jpg,"1,1",0.758,3.36,96.43,GOOD
China_MotorBike_001369.jpg,None,0.0,0.0,100.0,GOOD
China_MotorBike_001378.jpg,None,0.0,0.0,100.0,GOOD
China_MotorBike_001382.jpg,None,0.0,0.0,100.0,GOOD
China_MotorBike_001386.jpg,"1,1,1,1,1,1",0.953,2.87,96.17,GOOD
China_MotorBike_001390.jpg,None,0.0,0.0,100.0,GOOD
China_MotorBike_001393.jpg,"1,1,1,1,1,1,1,1,1,1,1,1,1,1",0.947,2.09,97.23,GOOD
China_MotorBike_001397.jpg,"1,1,1,1,1,1,1",0.867,2.21,97.32,GOOD
China_MotorBike_001400.jpg,None,0.0,0.0,100.0,GOOD
China_MotorBike_001403.jpg,None,0.0,0.0,100.0,GOOD
China_MotorBike_001407.jpg,"1,1,1,1,1,1,1,1,1,1,1,1",0.924,4.88,93.69,GOOD
China_MotorBike_001413.jpg,"1,1,1,1,1,1,1,1",0.802,2.64,97.04,GOOD
China_MotorBike_001419.jpg,None,0.0,0.0,100.0,GOOD
China_MotorBike_001420.jpg,None,0.0,0.0,100.0,GOOD
China_MotorBike_001424.jpg,1,0.604,4.51,96.19,GOOD
China_MotorBike_001429.jpg,None,0.0,0.0,100.0,GOOD
China_MotorBike_001430.jpg,"2,2",0.843,22.05,73.98,MODERATE
China_MotorBike_001435.jpg,None,0.0,0.0,100.0,GOOD
China_MotorBike_001438.jpg,None,0.0,0.0,100.0,GOOD
China_MotorBike_001439.jpg,"1,1,1,1,1,1",0.944,2.78,96.33,GOOD
China_MotorBike_001445.jpg,"0,0,0,0,0",0.752,2.86,96.99,GOOD
China_MotorBike_001447.jpg,"1,1,1,1,1,1",0.974,4.36,94.05,GOOD
China_MotorBike_001467.jpg,"1,1,1,1,1,1,1,1,1",0.937,2.72,96.44,GOOD
China_MotorBike_001469.jpg,None,0.0,0.0,100.0,GOOD
China_MotorBike_001474.jpg,"1,1,1,0",0.772,4.05,95.62,GOOD
China_MotorBike_001483.jpg,"1,1,1,1,1,1,1,1,1",0.94,2.0,97.37,GOOD
China_MotorBike_001486.jpg,"1,1,1",0.849,1.8,97.86,GOOD
China_MotorBike_001493.jpg,None,0.0,0.0,100.0,GOOD
China_MotorBike_001496.jpg,"1,0,0,0,1",0.843,2.0,97.64,GOOD
China_MotorBike_001504.jpg,"1,1,1",0.921,1.9,97.56,GOOD
China_MotorBike_001506.jpg,None,0.0,0.0,100.0,GOOD
China_MotorBike_001508.jpg,None,0.0,0.0,100.0,GOOD
China_MotorBike_001513.jpg,None,0.0,0.0,100.0,GOOD
China_MotorBike_001515.jpg,0,0.681,1.55,98.52,GOOD
China_MotorBike_001516.jpg,None,0.0,0.0,100.0,GOOD
China_MotorBike_001519.jpg,"1,0",0.743,2.06,97.86,GOOD
China_MotorBike_001524.jpg,0,0.61,2.71,97.68,GOOD
China_MotorBike_001539.jpg,"1,1,1",0.685,3.18,96.95,GOOD
China_MotorBike_001541.jpg,None,0.0,0.0,100.0,GOOD
China_MotorBike_001544.jpg,"0,0,0,0,0,0",0.839,6.74,92.09,GOOD
China_MotorBike_001546.jpg,None,0.0,0.0,100.0,GOOD
China_MotorBike_001553.jpg,None,0.0,0.0,100.0,GOOD
China_MotorBike_001568.jpg,None,0.0,0.0,100.0,GOOD
China_MotorBike_001571.jpg,None,0.0,0.0,100.0,GOOD
China_MotorBike_001577.jpg,1,0.624,2.12,98.15,GOOD
China_MotorBike_001581.jpg,"2,1,2,1,2,1,1,1,1,1",0.983,21.26,70.75,MODERATE
China_MotorBike_001582.jpg,"1,1,1,1",0.806,1.95,97.8,GOOD
China_MotorBike_001583.jpg,None,0.0,0.0,100.0,GOOD
China_MotorBike_001587.jpg,"1,1",0.629,1.89,98.34,GOOD
China_MotorBike_001594.jpg,"0,0,0,0,0,0",0.709,6.47,93.57,GOOD
China_MotorBike_001595.jpg,0,0.624,1.66,98.55,GOOD
China_MotorBike_001596.jpg,None,0.0,0.0,100.0,GOOD
China_MotorBike_001601.jpg,"1,1,1,1,1",0.819,4.18,95.21,GOOD
China_MotorBike_001603.jpg,"1,1,1,1,1,1,1,1,1",0.766,2.0,97.86,GOOD
China_MotorBike_001612.jpg,"2,2",0.869,20.23,75.39,MODERATE
China_MotorBike_001615.jpg,"1,1",0.878,2.21,97.29,GOOD
China_MotorBike_001616.jpg,"0,0,0",0.699,2.64,97.41,GOOD
China_MotorBike_001617.jpg,None,0.0,0.0,100.0,GOOD
China_MotorBike_001626.jpg,None,0.0,0.0,100.0,GOOD
China_MotorBike_001628.jpg,1,0.644,2.04,98.16,GOOD
China_MotorBike_001629.jpg,"1,1,1,1,1,1,1,1",0.901,4.07,94.87,GOOD
China_MotorBike_001631.jpg,"2,1,2,2,2,2,1",0.955,21.52,71.23,MODERATE
China_MotorBike_001634.jpg,"1,1,1,1,1,1,1",0.876,5.03,93.83,GOOD
China_MotorBike_001637.jpg,None,0.0,0.0,100.0,GOOD
China_MotorBike_001644.jpg,1,0.663,1.47,98.64,GOOD
China_MotorBike_001646.jpg,"1,1,1,1,1,1,1,1,1",0.825,2.18,97.48,GOOD
China_MotorBike_001655.jpg,None,0.0,0.0,100.0,GOOD
China_MotorBike_001656.jpg,"2,2,2",0.942,15.84,79.1,MODERATE
China_MotorBike_001658.jpg,"1,1,1,1,1,1",0.924,2.92,96.22,GOOD
China_MotorBike_001662.jpg,"1,1,1,1,1",0.895,2.16,97.29,GOOD
China_MotorBike_001667.jpg,0,0.681,1.56,98.51,GOOD
China_MotorBike_001675.jpg,"1,1,1,1,1,1,1",0.908,2.08,97.35,GOOD
China_MotorBike_001678.jpg,"1,1,1,1,1,1,1,1,1,1,1,1,1,1,1,1",0.821,2.65,96.96,GOOD
China_MotorBike_001685.jpg,None,0.0,0.0,100.0,GOOD
China_MotorBike_001686.jpg,"1,1,1,1,1,1,1,1",0.901,2.12,97.33,GOOD
China_MotorBike_001695.jpg,None,0.0,0.0,100.0,GOOD
China_MotorBike_001699.jpg,"1,1,1,1,0,1,1",0.902,2.42,96.94,GOOD
China_MotorBike_001703.jpg,None,0.0,0.0,100.0,GOOD
China_MotorBike_001704.jpg,None,0.0,0.0,100.0,GOOD
China_MotorBike_001706.jpg,"0,0",0.814,4.1,95.32,GOOD
China_MotorBike_001711.jpg,"2,2",0.925,21.11,72.67,MODERATE
China_MotorBike_001716.jpg,1,0.6,2.4,97.98,GOOD
China_MotorBike_001718.jpg,None,0.0,0.0,100.0,GOOD
China_MotorBike_001723.jpg,None,0.0,0.0,100.0,GOOD
China_MotorBike_001734.jpg,"1,1,1,1,1,1,1,1,1",0.82,2.14,97.55,GOOD
China_MotorBike_001735.jpg,None,0.0,0.0,100.0,GOOD
China_MotorBike_001737.jpg,None,0.0,0.0,100.0,GOOD
China_MotorBike_001746.jpg,"1,1,1,1,1,1,1,1,1,1",0.855,4.97,94.05,GOOD
China_MotorBike_001748.jpg,None,0.0,0.0,100.0,GOOD
China_MotorBike_001750.jpg,"1,1,1,1,1,1,1,1,1,1",0.959,4.78,93.58,GOOD
China_MotorBike_001754.jpg,None,0.0,0.0,100.0,GOOD
China_MotorBike_001757.jpg,1,0.712,2.45,97.56,GOOD
China_MotorBike_001760.jpg,"1,0,1",0.862,2.2,97.34,GOOD
China_MotorBike_001769.jpg,"1,1,1,1,1,1,1,1",0.916,1.92,97.53,GOOD
China_MotorBike_001776.jpg,2,0.626,21.24,81.38,GOOD
China_MotorBike_001778.jpg,None,0.0,0.0,100.0,GOOD
China_MotorBike_001783.jpg,None,0.0,0.0,100.0,GOOD
China_MotorBike_001787.jpg,None,0.0,0.0,100.0,GOOD
China_MotorBike_001791.jpg,"1,2,2,1,1,2,1",0.931,5.68,92.6,GOOD
China_MotorBike_001792.jpg,"1,0,0,0",0.832,2.04,97.62,GOOD
China_MotorBike_001793.jpg,"2,2,2,2,1,1,1,1,2,1",0.998,22.81,68.12,MODERATE
China_MotorBike_001798.jpg,"1,1,1,1,0,1",0.8,4.26,95.23,GOOD
China_MotorBike_001800.jpg,None,0.0,0.0,100.0,GOOD
China_MotorBike_001801.jpg,"1,1,1,1,1",0.967,2.2,97.02,GOOD
China_MotorBike_001805.jpg,"2,2",0.981,15.14,79.22,MODERATE
China_MotorBike_001812.jpg,None,0.0,0.0,100.0,GOOD
China_MotorBike_001813.jpg,None,0.0,0.0,100.0,GOOD
China_MotorBike_001817.jpg,"2,2,2,2",0.86,22.01,73.48,MODERATE
China_MotorBike_001824.jpg,None,0.0,0.0,100.0,GOOD
China_MotorBike_001826.jpg,"1,1,1,1,1",0.758,3.23,96.57,GOOD
China_MotorBike_001830.jpg,0,0.68,4.22,95.98,GOOD
China_MotorBike_001835.jpg,2,0.725,15.2,84.57,GOOD
China_MotorBike_001842.jpg,"1,1,1,1,1,1,1",0.826,2.54,97.07,GOOD
China_MotorBike_001852.jpg,"1,1",0.683,2.36,97.74,GOOD
China_MotorBike_001853.jpg,"1,1,1,1",0.928,2.24,97.09,GOOD
China_MotorBike_001860.jpg,None,0.0,0.0,100.0,GOOD
China_MotorBike_001862.jpg,"1,1,1,1,1",0.829,3.38,96.08,GOOD
China_MotorBike_001879.jpg,None,0.0,0.0,100.0,GOOD
China_MotorBike_001880.jpg,None,0.0,0.0,100.0,GOOD
China_MotorBike_001882.jpg,"2,2,2,1,2,2",0.946,21.07,72.1,MODERATE
China_MotorBike_001887.jpg,None,0.0,0.0,100.0,GOOD
China_MotorBike_001890.jpg,None,0.0,0.0,100.0,GOOD
China_MotorBike_001891.jpg,None,0.0,0.0,100.0,GOOD
China_MotorBike_001892.jpg,1,0.661,1.87,98.27,GOOD
China_MotorBike_001897.jpg,"1,1",0.894,2.16,97.3,GOOD
China_MotorBike_001905.jpg,"1,1,1,1,1,1",0.83,2.04,97.63,GOOD
China_MotorBike_001912.jpg,None,0.0,0.0,100.0,GOOD
China_MotorBike_001913.jpg,None,0.0,0.0,100.0,GOOD
China_MotorBike_001915.jpg,None,0.0,0.0,100.0,GOOD
China_MotorBike_001920.jpg,"1,1",0.682,3.62,96.54,GOOD
China_MotorBike_001921.jpg,"1,1,1",0.809,1.65,98.14,GOOD
China_MotorBike_001922.jpg,None,0.0,0.0,100.0,GOOD
China_MotorBike_001928.jpg,"2,2,2,2",0.912,21.24,72.89,MODERATE
China_MotorBike_001930.jpg,0,0.625,1.39,98.78,GOOD
China_MotorBike_001933.jpg,"1,1,1,1,1,1,1",0.967,4.69,93.65,GOOD
China_MotorBike_001934.jpg,"1,1,1,1,1,1",0.874,2.22,97.29,GOOD
China_MotorBike_001936.jpg,"1,1",0.653,2.11,98.07,GOOD
China_MotorBike_001940.jpg,None,0.0,0.0,100.0,GOOD
China_MotorBike_001946.jpg,3,0.794,0.32,99.64,GOOD
China_MotorBike_001950.jpg,"1,1,1",0.857,2.01,97.59,GOOD
China_MotorBike_001953.jpg,"1,1,1,1,1",0.855,1.95,97.66,GOOD
China_MotorBike_001956.jpg,1,0.61,3.19,97.27,GOOD
China_MotorBike_001965.jpg,"1,1,1,1,1,1,1,1",0.976,4.3,94.12,GOOD
China_MotorBike_001966.jpg,None,0.0,0.0,100.0,GOOD
China_MotorBike_001967.jpg,None,0.0,0.0,100.0,GOOD
China_MotorBike_001970.jpg,"1,1,0,0,1,0,1",0.824,4.94,94.3,GOOD
China_MotorBike_001971.jpg,"1,1,1,1",0.715,3.94,96.06,GOOD
China_MotorBike_001976.jpg,"1,1,1,1,1,1,1,1,1,1,1,1,1,1,1,1",0.936,4.48,94.13,GOOD
Czech_000022.jpg,"2,2",0.957,16.43,78.0,MODERATE
Czech_000031.jpg,None,0.0,0.0,100.0,GOOD
Czech_000037.jpg,None,0.0,0.0,100.0,GOOD
Czech_000100.jpg,"2,2,2",0.963,15.2,79.51,MODERATE
Czech_000103.jpg,None,0.0,0.0,100.0,GOOD
Czech_000111.jpg,"2,2",0.955,16.21,78.34,MODERATE
Czech_000124.jpg,2,0.623,12.96,88.7,GOOD
Czech_000139.jpg,None,0.0,0.0,100.0,GOOD
Czech_000196.jpg,None,0.0,0.0,100.0,GOOD
Czech_000250.jpg,None,0.0,0.0,100.0,GOOD
Czech_000274.jpg,None,0.0,0.0,100.0,GOOD
Czech_000296.jpg,None,0.0,0.0,100.0,GOOD
Czech_000318.jpg,2,0.727,15.69,84.02,GOOD
Czech_000370.jpg,None,0.0,0.0,100.0,GOOD
Czech_000395.jpg,None,0.0,0.0,100.0,GOOD
Czech_000398.jpg,"2,2",0.972,15.3,79.18,MODERATE
Czech_000406.jpg,None,0.0,0.0,100.0,GOOD
Czech_000428.jpg,None,0.0,0.0,100.0,GOOD
Czech_000454.jpg,"2,2",0.793,10.88,87.93,GOOD
Czech_000468.jpg,None,0.0,0.0,100.0,GOOD
Czech_000492.jpg,"2,2",0.992,15.8,78.06,MODERATE
Czech_000543.jpg,None,0.0,0.0,100.0,GOOD
Czech_000596.jpg,None,0.0,0.0,100.0,GOOD
Czech_000599.jpg,None,0.0,0.0,100.0,GOOD
Czech_000634.jpg,None,0.0,0.0,100.0,GOOD
Czech_000651.jpg,None,0.0,0.0,100.0,GOOD
Czech_000660.jpg,None,0.0,0.0,100.0,GOOD
Czech_000681.jpg,None,0.0,0.0,100.0,GOOD
Czech_000721.jpg,None,0.0,0.0,100.0,GOOD
Czech_000743.jpg,None,0.0,0.0,100.0,GOOD
Czech_000744.jpg,None,0.0,0.0,100.0,GOOD
Czech_000757.jpg,None,0.0,0.0,100.0,GOOD
Czech_000832.jpg,None,0.0,0.0,100.0,GOOD
Czech_000836.jpg,None,0.0,0.0,100.0,GOOD
Czech_000853.jpg,None,0.0,0.0,100.0,GOOD
Czech_000907.jpg,None,0.0,0.0,100.0,GOOD
Czech_000910.jpg,None,0.0,0.0,100.0,GOOD
Czech_000931.jpg,2,0.783,12.61,86.18,GOOD
Czech_000969.jpg,None,0.0,0.0,100.0,GOOD
Czech_000990.jpg,None,0.0,0.0,100.0,GOOD
Czech_000997.jpg,2,0.902,16.82,78.76,MODERATE
Czech_001004.jpg,2,0.718,12.42,87.52,GOOD
Czech_001010.jpg,3,0.728,0.21,99.78,GOOD
Czech_001023.jpg,None,0.0,0.0,100.0,GOOD
Czech_001041.jpg,None,0.0,0.0,100.0,GOOD
Czech_001058.jpg,None,0.0,0.0,100.0,GOOD
Czech_001065.jpg,2,0.807,15.49,82.5,GOOD
Czech_001066.jpg,"2,2",0.775,16.65,81.94,GOOD
Czech_001086.jpg,None,0.0,0.0,100.0,GOOD
Czech_001139.jpg,None,0.0,0.0,100.0,GOOD
Czech_001142.jpg,None,0.0,0.0,100.0,GOOD
Czech_001145.jpg,None,0.0,0.0,100.0,GOOD
Czech_001187.jpg,"2,2",0.978,14.73,79.83,MODERATE
Czech_001225.jpg,None,0.0,0.0,100.0,GOOD
Czech_001240.jpg,None,0.0,0.0,100.0,GOOD
Czech_001285.jpg,2,0.678,16.03,84.79,GOOD
Czech_001288.jpg,None,0.0,0.0,100.0,GOOD
Czech_001298.jpg,None,0.0,0.0,100.0,GOOD
Czech_001299.jpg,None,0.0,0.0,100.0,GOOD
Czech_001353.jpg,None,0.0,0.0,100.0,GOOD
Czech_001381.jpg,None,0.0,0.0,100.0,GOOD
Czech_001383.jpg,3,0.653,0.21,99.81,GOOD
Czech_001395.jpg,None,0.0,0.0,100.0,GOOD
Czech_001406.jpg,None,0.0,0.0,100.0,GOOD
Czech_001437.jpg,None,0.0,0.0,100.0,GOOD
Czech_001441.jpg,2,0.955,16.3,78.21,MODERATE
Czech_001454.jpg,2,0.611,17.1,85.38,GOOD
Czech_001455.jpg,None,0.0,0.0,100.0,GOOD
Czech_001462.jpg,None,0.0,0.0,100.0,GOOD
Czech_001475.jpg,None,0.0,0.0,100.0,GOOD
Czech_001494.jpg,None,0.0,0.0,100.0,GOOD
Czech_001495.jpg,None,0.0,0.0,100.0,GOOD
Czech_001533.jpg,2,0.792,16.5,81.71,GOOD
Czech_001573.jpg,None,0.0,0.0,100.0,GOOD
Czech_001574.jpg,2,0.963,9.28,87.5,GOOD
Czech_001601.jpg,None,0.0,0.0,100.0,GOOD
Czech_001624.jpg,None,0.0,0.0,100.0,GOOD
Czech_001631.jpg,None,0.0,0.0,100.0,GOOD
Czech_001636.jpg,None,0.0,0.0,100.0,GOOD
Czech_001649.jpg,None,0.0,0.0,100.0,GOOD
Czech_001669.jpg,None,0.0,0.0,100.0,GOOD
Czech_001670.jpg,3,0.847,0.19,99.77,GOOD
Czech_001727.jpg,None,0.0,0.0,100.0,GOOD
Czech_001757.jpg,None,0.0,0.0,100.0,GOOD
Czech_001759.jpg,None,0.0,0.0,100.0,GOOD
Czech_001760.jpg,None,0.0,0.0,100.0,GOOD
Czech_001782.jpg,None,0.0,0.0,100.0,GOOD
Czech_001784.jpg,None,0.0,0.0,100.0,GOOD
Czech_001790.jpg,3,0.86,0.36,99.57,GOOD
Czech_001791.jpg,2,0.958,13.06,82.48,GOOD
Czech_001815.jpg,None,0.0,0.0,100.0,GOOD
Czech_001832.jpg,None,0.0,0.0,100.0,GOOD
Czech_001844.jpg,2,0.776,15.95,82.68,GOOD
Czech_001845.jpg,3,0.829,0.48,99.45,GOOD
Czech_001849.jpg,None,0.0,0.0,100.0,GOOD
Czech_001853.jpg,None,0.0,0.0,100.0,GOOD
Czech_001860.jpg,2,0.83,14.69,82.93,GOOD
Czech_001873.jpg,None,0.0,0.0,100.0,GOOD
Czech_001908.jpg,None,0.0,0.0,100.0,GOOD
Czech_001917.jpg,None,0.0,0.0,100.0,GOOD
Czech_001932.jpg,None,0.0,0.0,100.0,GOOD
Czech_001934.jpg,"2,2",0.965,15.25,79.39,MODERATE
Czech_001940.jpg,None,0.0,0.0,100.0,GOOD
Czech_002003.jpg,None,0.0,0.0,100.0,GOOD
Czech_002045.jpg,None,0.0,0.0,100.0,GOOD
Czech_002058.jpg,None,0.0,0.0,100.0,GOOD
Czech_002063.jpg,None,0.0,0.0,100.0,GOOD
Czech_002147.jpg,None,0.0,0.0,100.0,GOOD
Czech_002155.jpg,None,0.0,0.0,100.0,GOOD
Czech_002213.jpg,None,0.0,0.0,100.0,GOOD
Czech_002262.jpg,2,0.923,15.41,80.09,GOOD
Czech_002263.jpg,None,0.0,0.0,100.0,GOOD
Czech_002264.jpg,None,0.0,0.0,100.0,GOOD
Czech_002300.jpg,2,0.954,15.46,79.36,MODERATE
Czech_002304.jpg,None,0.0,0.0,100.0,GOOD
Czech_002374.jpg,None,0.0,0.0,100.0,GOOD
Czech_002385.jpg,None,0.0,0.0,100.0,GOOD
Czech_002392.jpg,2,0.955,11.86,84.16,GOOD
Czech_002397.jpg,None,0.0,0.0,100.0,GOOD
Czech_002424.jpg,None,0.0,0.0,100.0,GOOD
Czech_002434.jpg,None,0.0,0.0,100.0,GOOD
Czech_002437.jpg,None,0.0,0.0,100.0,GOOD
Czech_002447.jpg,None,0.0,0.0,100.0,GOOD
Czech_002481.jpg,3,0.617,0.44,99.62,GOOD
Czech_002496.jpg,None,0.0,0.0,100.0,GOOD
Czech_002503.jpg,None,0.0,0.0,100.0,GOOD
Czech_002529.jpg,2,0.707,16.19,83.97,GOOD
Czech_002547.jpg,2,0.785,17.14,81.16,GOOD
Czech_002555.jpg,2,0.632,15.44,86.34,GOOD
Czech_002612.jpg,None,0.0,0.0,100.0,GOOD
Czech_002635.jpg,None,0.0,0.0,100.0,GOOD
Czech_002658.jpg,2,0.87,18.92,76.95,MODERATE
Czech_002703.jpg,None,0.0,0.0,100.0,GOOD
Czech_002712.jpg,None,0.0,0.0,100.0,GOOD
Czech_002714.jpg,None,0.0,0.0,100.0,GOOD
Czech_002726.jpg,None,0.0,0.0,100.0,GOOD
Czech_002731.jpg,None,0.0,0.0,100.0,GOOD
Czech_002735.jpg,None,0.0,0.0,100.0,GOOD
Czech_002739.jpg,None,0.0,0.0,100.0,GOOD
Czech_002747.jpg,None,0.0,0.0,100.0,GOOD
Czech_002752.jpg,None,0.0,0.0,100.0,GOOD
Czech_002756.jpg,None,0.0,0.0,100.0,GOOD
Czech_002758.jpg,None,0.0,0.0,100.0,GOOD
Czech_002795.jpg,"2,3",0.759,15.6,83.43,GOOD
Czech_002804.jpg,2,0.688,9.74,90.62,GOOD
Czech_002824.jpg,None,0.0,0.0,100.0,GOOD
Czech_002829.jpg,None,0.0,0.0,100.0,GOOD
Czech_002844.jpg,None,0.0,0.0,100.0,GOOD
Czech_002866.jpg,None,0.0,0.0,100.0,GOOD
Czech_002890.jpg,None,0.0,0.0,100.0,GOOD
Czech_002944.jpg,None,0.0,0.0,100.0,GOOD
Czech_002954.jpg,None,0.0,0.0,100.0,GOOD
Czech_002958.jpg,None,0.0,0.0,100.0,GOOD
Czech_002964.jpg,None,0.0,0.0,100.0,GOOD
Czech_002988.jpg,None,0.0,0.0,100.0,GOOD
Czech_002992.jpg,None,0.0,0.0,100.0,GOOD
Czech_002993.jpg,None,0.0,0.0,100.0,GOOD
Czech_002998.jpg,"2,2",0.982,16.56,77.23,MODERATE
Czech_003013.jpg,None,0.0,0.0,100.0,GOOD
Czech_003025.jpg,None,0.0,0.0,100.0,GOOD
Czech_003049.jpg,None,0.0,0.0,100.0,GOOD
Czech_003058.jpg,None,0.0,0.0,100.0,GOOD
Czech_003070.jpg,2,0.698,13.59,86.72,GOOD
Czech_003095.jpg,"2,2",0.986,15.06,79.21,MODERATE
Czech_003126.jpg,None,0.0,0.0,100.0,GOOD
Czech_003144.jpg,None,0.0,0.0,100.0,GOOD
Czech_003183.jpg,"2,2",0.94,16.18,78.7,MODERATE
Czech_003195.jpg,None,0.0,0.0,100.0,GOOD
Czech_003206.jpg,None,0.0,0.0,100.0,GOOD
Czech_003213.jpg,2,0.677,15.42,85.38,GOOD
Czech_003241.jpg,"2,2",0.909,15.72,80.0,MODERATE
Czech_003243.jpg,None,0.0,0.0,100.0,GOOD
Czech_003246.jpg,2,0.724,15.21,84.59,GOOD
Czech_003257.jpg,2,0.77,14.96,83.88,GOOD
Czech_003264.jpg,None,0.0,0.0,100.0,GOOD
Czech_003285.jpg,None,0.0,0.0,100.0,GOOD
Czech_003338.jpg,None,0.0,0.0,100.0,GOOD
Czech_003351.jpg,None,0.0,0.0,100.0,GOOD
Czech_003362.jpg,3,0.631,0.55,99.52,GOOD
Czech_003391.jpg,None,0.0,0.0,100.0,GOOD
Czech_003409.jpg,None,0.0,0.0,100.0,GOOD
Czech_003413.jpg,None,0.0,0.0,100.0,GOOD
Czech_003494.jpg,None,0.0,0.0,100.0,GOOD
Czech_003535.jpg,None,0.0,0.0,100.0,GOOD
Czech_003540.jpg,None,0.0,0.0,100.0,GOOD
Czech_003544.jpg,None,0.0,0.0,100.0,GOOD
Czech_003579.jpg,"2,2",0.797,11.68,86.97,GOOD
Czech_003580.jpg,None,0.0,0.0,100.0,GOOD
Czech_003583.jpg,None,0.0,0.0,100.0,GOOD
Czech_003584.jpg,None,0.0,0.0,100.0,GOOD
frame1020_jpg.rf.ca14aa7db2500b3a80b582eb620b3f74.jpg,"2,2,2,2,2,2,2,2",0.981,20.74,71.51,MODERATE
frame1037_jpg.rf.47a91185ee1dd8ecc158333f4cf54162.jpg,2,0.854,20.71,75.22,MODERATE
frame10532_jpg.rf.08fa29718013798e83d8c3b935211caa.jpg,"2,2,2,2",0.87,20.78,74.7,MODERATE
frame1451_jpg.rf.03bea706d13598e01325add9ba4e3da1.jpg,2,0.753,20.21,78.68,MODERATE
frame15612_jpg.rf.3f0c3ddce409fb0aa22803c92e3c4a72.jpg,"2,2,2,2,2,2,2",0.902,20.91,73.6,MODERATE
frame1733_jpg.rf.ee8ba607142c227def6bf6677ceb1621.jpg,"2,2,2,2,2,2,2",0.938,21.15,72.23,MODERATE
frame20092_jpg.rf.24953c92c96714137c79f1bcf1752deb.jpg,"2,2,2,2,2,2,2,2,2",0.972,21.1,71.3,MODERATE
frame2663_jpg.rf.b28c916b4a3b2b8d62afed019c9cdcb7.jpg,"2,2,2",0.792,22.67,74.88,MODERATE
frame30642_jpg.rf.505b8739df7ceceaa5ce0855692f231c.jpg,"2,2,2,2,2,2,2,2,2,2,2,2,2,2,2,2,2,2,2,2,2,2",0.996,23.6,67.08,MODERATE
frame35672_jpg.rf.a7504de3c051c4d903c36e22c81f2d28.jpg,"2,2,2,2,2,2,2,2,2,2,2,2,2,2,2,2,2,2,2,2,2,2,2,2,2,2,2,2,2,2,2,2",0.999,21.62,69.76,MODERATE
frame3704_jpg.rf.fa1d0183f8c81d5f31080681ca95536f.jpg,"2,2,2,2,2,2,2",0.97,21.14,71.29,MODERATE
frame569_jpg.rf.e10338c27a685e94d90ea0f0f0bc5808.jpg,"2,2,2,2,2,2,2,2",0.997,22.21,69.01,MODERATE
frame7052_jpg.rf.94ba6c2f8a4526d221e3be8059f84bc8.jpg,None,0.0,0.0,100.0,GOOD
frame7352_jpg.rf.0652f45c4fd6cfb8323320e9286ca6e1.jpg,None,0.0,0.0,100.0,GOOD
frame957_jpg.rf.1efebc627abbb820ca8f05df270ab8f9.jpg,"2,2,2,2,2,2,2,2,2,2,2,2,2,2,2,2,2,2,2,2,2,2,2,2,2,2,2,2,2,2,2",1.0,21.35,70.12,MODERATE
frame976_jpg.rf.d01983d162b379cfe7d590c1781d56b1.jpg,"2,2,2,2,2,2,2,2,2,2,2,2,2,2,2,2,2,2,2,2,2,2,2,2,2,2,2,2,2,2,2,2",0.996,23.28,67.55,MODERATE
images-1-_jpeg.rf.78c1d52d05d94c363d8579b08951244f.jpg,None,0.0,0.0,100.0,GOOD
images-15-_jpeg.rf.97fc6e53d9b2783af59f16b6102b21f4.jpg,"2,2,2,2,2,2,2,2,2,2,2,2,2,2,2,2,2,2,2,2,2,2,2,2,2,2,2,2,2,2,2,2,2,2,2,2,2,2,2,2,2,2,2,2,2,2",1.0,28.4,60.25,MODERATE
images-2024-06-10T172240-756_jpeg.rf.469839ccd6fac82f68fbc945c9f8ca29.jpg,"2,2,2,2",0.997,44.72,37.58,VERY POOR
images-22-_jpeg.rf.a7618baf80a47ab3815d631d89dd0242.jpg,"2,2,2,2,2",0.968,27.9,62.18,MODERATE
images-32-_jpeg.rf.f0d160ab9eff7ea38e1f87df5e858daa.jpg,"2,2",0.84,20.83,75.49,MODERATE
img-122_jpg.rf.987124a5847abb1e2f8498261c8e7a79.jpg,None,0.0,0.0,100.0,GOOD
img-326_jpg.rf.e0c425e3eb3090385b40c9a1275195a3.jpg,None,0.0,0.0,100.0,GOOD
img-608_jpg.rf.383613fda7ecac2eb2bd258f112b1c85.jpg,2,0.701,19.92,80.45,GOOD
IMG_0822_JPG_jpg.rf.786565426fa0226b4405f2735ff0f3cc.jpg,"2,2,2,2,2,2,2,2,2,2,2,2,2,2,2,2,2,2,2,2,2,2,2,2,2,2,2,2,2,2,2,2,2,2,2,2,2,2,2,2,2,2,2,2,2,2,2,2,2",0.999,21.11,70.47,MODERATE
IMG_0824_JPG_jpg.rf.4009a5ef48a3196d2052949a0abaf42d.jpg,"2,2,2,2,2,2",0.8,19.96,77.64,MODERATE
IMG_0825_JPG_jpg.rf.fbc3798cf44f16702f35b2027845d5b4.jpg,"2,2,2,2,2,2,2,2,2,2,2,2,2,2,2",0.998,23.48,67.2,MODERATE
IMG_0839_JPG_jpg.rf.d1f721127cf3d5e13d06756f5cdd220e.jpg,"2,2,2,2",0.974,21.73,70.38,MODERATE
IMG_0848_JPG_jpg.rf.7d6d5d864ccadac608c13fcce8f4b3b1.jpg,2,0.604,19.8,83.27,GOOD
IMG_0863_JPG_jpg.rf.f4f1e1591330d447b55501e411e8aeb6.jpg,"2,2,2,2,2,2,2,2",0.909,22.7,71.1,MODERATE
IMG_0874_JPG_jpg.rf.1f2d9a8f85f152259655c1c348a058c0.jpg,2,0.608,19.6,83.32,GOOD
India_000052.jpg,None,0.0,0.0,100.0,GOOD
India_000054.jpg,None,0.0,0.0,100.0,GOOD
India_000067.jpg,None,0.0,0.0,100.0,GOOD
India_000071.jpg,None,0.0,0.0,100.0,GOOD
India_000090.jpg,None,0.0,0.0,100.0,GOOD
India_000099.jpg,None,0.0,0.0,100.0,GOOD
India_000104.jpg,None,0.0,0.0,100.0,GOOD
India_000131.jpg,None,0.0,0.0,100.0,GOOD
India_000163.jpg,None,0.0,0.0,100.0,GOOD
India_000174.jpg,None,0.0,0.0,100.0,GOOD
India_000182.jpg,None,0.0,0.0,100.0,GOOD
India_000191.jpg,None,0.0,0.0,100.0,GOOD
India_000193.jpg,None,0.0,0.0,100.0,GOOD
India_000197.jpg,None,0.0,0.0,100.0,GOOD
India_000199.jpg,None,0.0,0.0,100.0,GOOD
India_000205.jpg,None,0.0,0.0,100.0,GOOD
India_000222.jpg,None,0.0,0.0,100.0,GOOD
India_000223.jpg,None,0.0,0.0,100.0,GOOD
India_000230.jpg,None,0.0,0.0,100.0,GOOD
India_000268.jpg,None,0.0,0.0,100.0,GOOD
India_000275.jpg,None,0.0,0.0,100.0,GOOD
India_000298.jpg,None,0.0,0.0,100.0,GOOD
India_000299.jpg,None,0.0,0.0,100.0,GOOD
India_000301.jpg,None,0.0,0.0,100.0,GOOD
India_000316.jpg,None,0.0,0.0,100.0,GOOD
India_000317.jpg,None,0.0,0.0,100.0,GOOD
India_000352.jpg,None,0.0,0.0,100.0,GOOD
India_000361.jpg,None,0.0,0.0,100.0,GOOD
India_000362.jpg,None,0.0,0.0,100.0,GOOD
India_000369.jpg,3,0.642,0.35,99.69,GOOD
India_000371.jpg,None,0.0,0.0,100.0,GOOD
India_000383.jpg,None,0.0,0.0,100.0,GOOD
India_000384.jpg,None,0.0,0.0,100.0,GOOD
India_000391.jpg,None,0.0,0.0,100.0,GOOD
India_000399.jpg,None,0.0,0.0,100.0,GOOD
India_000414.jpg,None,0.0,0.0,100.0,GOOD
India_000424.jpg,None,0.0,0.0,100.0,GOOD
India_000448.jpg,None,0.0,0.0,100.0,GOOD
India_000462.jpg,None,0.0,0.0,100.0,GOOD
India_000466.jpg,None,0.0,0.0,100.0,GOOD
India_000472.jpg,None,0.0,0.0,100.0,GOOD
India_000483.jpg,None,0.0,0.0,100.0,GOOD
India_000486.jpg,None,0.0,0.0,100.0,GOOD
India_000493.jpg,None,0.0,0.0,100.0,GOOD
India_000498.jpg,None,0.0,0.0,100.0,GOOD
India_000524.jpg,None,0.0,0.0,100.0,GOOD
India_000525.jpg,None,0.0,0.0,100.0,GOOD
India_000532.jpg,None,0.0,0.0,100.0,GOOD
India_000535.jpg,None,0.0,0.0,100.0,GOOD
India_000537.jpg,None,0.0,0.0,100.0,GOOD
India_000560.jpg,None,0.0,0.0,100.0,GOOD
India_000562.jpg,None,0.0,0.0,100.0,GOOD
India_000579.jpg,None,0.0,0.0,100.0,GOOD
India_000590.jpg,None,0.0,0.0,100.0,GOOD
India_000591.jpg,None,0.0,0.0,100.0,GOOD
India_000596.jpg,None,0.0,0.0,100.0,GOOD
India_000605.jpg,None,0.0,0.0,100.0,GOOD
India_000617.jpg,None,0.0,0.0,100.0,GOOD
India_000622.jpg,None,0.0,0.0,100.0,GOOD
India_000630.jpg,None,0.0,0.0,100.0,GOOD
India_000654.jpg,None,0.0,0.0,100.0,GOOD
India_000669.jpg,None,0.0,0.0,100.0,GOOD
India_000676.jpg,None,0.0,0.0,100.0,GOOD
India_000705.jpg,None,0.0,0.0,100.0,GOOD
India_000709.jpg,None,0.0,0.0,100.0,GOOD
India_000710.jpg,None,0.0,0.0,100.0,GOOD
India_000711.jpg,None,0.0,0.0,100.0,GOOD
India_000730.jpg,None,0.0,0.0,100.0,GOOD
India_000739.jpg,None,0.0,0.0,100.0,GOOD
India_000747.jpg,None,0.0,0.0,100.0,GOOD
India_000759.jpg,None,0.0,0.0,100.0,GOOD
India_000770.jpg,None,0.0,0.0,100.0,GOOD
India_000771.jpg,None,0.0,0.0,100.0,GOOD
India_000781.jpg,None,0.0,0.0,100.0,GOOD
India_000785.jpg,None,0.0,0.0,100.0,GOOD
India_000850.jpg,None,0.0,0.0,100.0,GOOD
India_000857.jpg,None,0.0,0.0,100.0,GOOD
India_000879.jpg,None,0.0,0.0,100.0,GOOD
India_000893.jpg,None,0.0,0.0,100.0,GOOD
India_000937.jpg,None,0.0,0.0,100.0,GOOD
India_000945.jpg,None,0.0,0.0,100.0,GOOD
India_000946.jpg,None,0.0,0.0,100.0,GOOD
India_000969.jpg,None,0.0,0.0,100.0,GOOD
India_000981.jpg,None,0.0,0.0,100.0,GOOD
India_000991.jpg,None,0.0,0.0,100.0,GOOD
India_000993.jpg,None,0.0,0.0,100.0,GOOD
India_000994.jpg,None,0.0,0.0,100.0,GOOD
India_000996.jpg,None,0.0,0.0,100.0,GOOD
India_000997.jpg,None,0.0,0.0,100.0,GOOD
India_001000.jpg,None,0.0,0.0,100.0,GOOD
India_001041.jpg,None,0.0,0.0,100.0,GOOD
India_001042.jpg,None,0.0,0.0,100.0,GOOD
India_001077.jpg,None,0.0,0.0,100.0,GOOD
India_001084.jpg,None,0.0,0.0,100.0,GOOD
India_001086.jpg,None,0.0,0.0,100.0,GOOD
India_001093.jpg,None,0.0,0.0,100.0,GOOD
India_001103.jpg,None,0.0,0.0,100.0,GOOD
India_001115.jpg,None,0.0,0.0,100.0,GOOD
India_001126.jpg,None,0.0,0.0,100.0,GOOD
India_001149.jpg,None,0.0,0.0,100.0,GOOD
India_001156.jpg,None,0.0,0.0,100.0,GOOD
India_001160.jpg,None,0.0,0.0,100.0,GOOD
India_001165.jpg,None,0.0,0.0,100.0,GOOD
India_001174.jpg,None,0.0,0.0,100.0,GOOD
India_001175.jpg,None,0.0,0.0,100.0,GOOD
India_001187.jpg,None,0.0,0.0,100.0,GOOD
India_001192.jpg,None,0.0,0.0,100.0,GOOD
India_001200.jpg,None,0.0,0.0,100.0,GOOD
India_001207.jpg,None,0.0,0.0,100.0,GOOD
India_001221.jpg,None,0.0,0.0,100.0,GOOD
India_001228.jpg,None,0.0,0.0,100.0,GOOD
India_001246.jpg,None,0.0,0.0,100.0,GOOD
India_001247.jpg,None,0.0,0.0,100.0,GOOD
India_001278.jpg,None,0.0,0.0,100.0,GOOD
India_001295.jpg,None,0.0,0.0,100.0,GOOD
India_001311.jpg,None,0.0,0.0,100.0,GOOD
India_001321.jpg,None,0.0,0.0,100.0,GOOD
India_001322.jpg,None,0.0,0.0,100.0,GOOD
India_001390.jpg,None,0.0,0.0,100.0,GOOD
India_001401.jpg,None,0.0,0.0,100.0,GOOD
India_001402.jpg,None,0.0,0.0,100.0,GOOD
India_001407.jpg,None,0.0,0.0,100.0,GOOD
India_001418.jpg,None,0.0,0.0,100.0,GOOD
India_001422.jpg,None,0.0,0.0,100.0,GOOD
India_001424.jpg,None,0.0,0.0,100.0,GOOD
India_001441.jpg,None,0.0,0.0,100.0,GOOD
India_001451.jpg,None,0.0,0.0,100.0,GOOD
India_001456.jpg,None,0.0,0.0,100.0,GOOD
India_001475.jpg,None,0.0,0.0,100.0,GOOD
India_001481.jpg,None,0.0,0.0,100.0,GOOD
India_001494.jpg,None,0.0,0.0,100.0,GOOD
India_001498.jpg,None,0.0,0.0,100.0,GOOD
India_001503.jpg,None,0.0,0.0,100.0,GOOD
India_001516.jpg,None,0.0,0.0,100.0,GOOD
India_001527.jpg,None,0.0,0.0,100.0,GOOD
India_001534.jpg,None,0.0,0.0,100.0,GOOD
India_001541.jpg,None,0.0,0.0,100.0,GOOD
India_001550.jpg,None,0.0,0.0,100.0,GOOD
India_001553.jpg,None,0.0,0.0,100.0,GOOD
India_001566.jpg,None,0.0,0.0,100.0,GOOD
India_001590.jpg,None,0.0,0.0,100.0,GOOD
India_001599.jpg,None,0.0,0.0,100.0,GOOD
India_001635.jpg,None,0.0,0.0,100.0,GOOD
India_001655.jpg,None,0.0,0.0,100.0,GOOD
India_001659.jpg,"2,2",0.737,15.12,84.4,GOOD
India_001680.jpg,None,0.0,0.0,100.0,GOOD
India_001692.jpg,None,0.0,0.0,100.0,GOOD
India_001697.jpg,None,0.0,0.0,100.0,GOOD
India_001703.jpg,None,0.0,0.0,100.0,GOOD
India_001715.jpg,None,0.0,0.0,100.0,GOOD
India_001739.jpg,None,0.0,0.0,100.0,GOOD
India_001747.jpg,None,0.0,0.0,100.0,GOOD
India_001755.jpg,None,0.0,0.0,100.0,GOOD
India_001767.jpg,None,0.0,0.0,100.0,GOOD
India_001787.jpg,None,0.0,0.0,100.0,GOOD
India_001820.jpg,None,0.0,0.0,100.0,GOOD
India_001827.jpg,None,0.0,0.0,100.0,GOOD
India_001831.jpg,None,0.0,0.0,100.0,GOOD
India_001852.jpg,None,0.0,0.0,100.0,GOOD
India_001854.jpg,None,0.0,0.0,100.0,GOOD
India_001865.jpg,None,0.0,0.0,100.0,GOOD
India_001888.jpg,None,0.0,0.0,100.0,GOOD
India_001890.jpg,None,0.0,0.0,100.0,GOOD
India_001966.jpg,None,0.0,0.0,100.0,GOOD
India_001967.jpg,None,0.0,0.0,100.0,GOOD
India_001989.jpg,None,0.0,0.0,100.0,GOOD
India_002004.jpg,None,0.0,0.0,100.0,GOOD
India_002010.jpg,None,0.0,0.0,100.0,GOOD
India_002011.jpg,None,0.0,0.0,100.0,GOOD
India_002024.jpg,None,0.0,0.0,100.0,GOOD
India_002068.jpg,None,0.0,0.0,100.0,GOOD
India_002071.jpg,None,0.0,0.0,100.0,GOOD
India_002082.jpg,4,0.722,0.41,99.58,GOOD
India_002087.jpg,None,0.0,0.0,100.0,GOOD
India_002100.jpg,None,0.0,0.0,100.0,GOOD
India_002112.jpg,None,0.0,0.0,100.0,GOOD
India_002113.jpg,None,0.0,0.0,100.0,GOOD
India_002121.jpg,None,0.0,0.0,100.0,GOOD
India_002122.jpg,None,0.0,0.0,100.0,GOOD
India_002125.jpg,None,0.0,0.0,100.0,GOOD
India_002129.jpg,None,0.0,0.0,100.0,GOOD
India_002137.jpg,None,0.0,0.0,100.0,GOOD
India_002173.jpg,None,0.0,0.0,100.0,GOOD
India_002184.jpg,None,0.0,0.0,100.0,GOOD
India_002192.jpg,None,0.0,0.0,100.0,GOOD
India_002207.jpg,None,0.0,0.0,100.0,GOOD
India_002222.jpg,4,0.659,0.2,99.82,GOOD
India_002247.jpg,None,0.0,0.0,100.0,GOOD
India_002281.jpg,None,0.0,0.0,100.0,GOOD
India_002293.jpg,None,0.0,0.0,100.0,GOOD
India_002331.jpg,None,0.0,0.0,100.0,GOOD
India_002342.jpg,None,0.0,0.0,100.0,GOOD
India_002348.jpg,None,0.0,0.0,100.0,GOOD
India_002352.jpg,None,0.0,0.0,100.0,GOOD
India_002379.jpg,None,0.0,0.0,100.0,GOOD
India_002392.jpg,None,0.0,0.0,100.0,GOOD
India_002396.jpg,None,0.0,0.0,100.0,GOOD
India_002404.jpg,None,0.0,0.0,100.0,GOOD
India_002409.jpg,None,0.0,0.0,100.0,GOOD
India_002410.jpg,None,0.0,0.0,100.0,GOOD
India_002428.jpg,None,0.0,0.0,100.0,GOOD
India_002429.jpg,None,0.0,0.0,100.0,GOOD
India_002437.jpg,None,0.0,0.0,100.0,GOOD
India_002447.jpg,None,0.0,0.0,100.0,GOOD
India_002450.jpg,None,0.0,0.0,100.0,GOOD
India_002464.jpg,None,0.0,0.0,100.0,GOOD
India_002493.jpg,None,0.0,0.0,100.0,GOOD
India_002496.jpg,None,0.0,0.0,100.0,GOOD
India_002522.jpg,None,0.0,0.0,100.0,GOOD
India_002551.jpg,None,0.0,0.0,100.0,GOOD
India_002556.jpg,None,0.0,0.0,100.0,GOOD
India_002558.jpg,None,0.0,0.0,100.0,GOOD
India_002570.jpg,None,0.0,0.0,100.0,GOOD
India_002589.jpg,None,0.0,0.0,100.0,GOOD
India_002591.jpg,None,0.0,0.0,100.0,GOOD
India_002611.jpg,None,0.0,0.0,100.0,GOOD
India_002614.jpg,None,0.0,0.0,100.0,GOOD
India_002642.jpg,None,0.0,0.0,100.0,GOOD
India_002646.jpg,None,0.0,0.0,100.0,GOOD
India_002662.jpg,None,0.0,0.0,100.0,GOOD
India_002673.jpg,None,0.0,0.0,100.0,GOOD
India_002679.jpg,None,0.0,0.0,100.0,GOOD
India_002685.jpg,None,0.0,0.0,100.0,GOOD
India_002700.jpg,None,0.0,0.0,100.0,GOOD
India_002702.jpg,None,0.0,0.0,100.0,GOOD
India_002705.jpg,None,0.0,0.0,100.0,GOOD
India_002713.jpg,None,0.0,0.0,100.0,GOOD
India_002723.jpg,None,0.0,0.0,100.0,GOOD
India_002757.jpg,None,0.0,0.0,100.0,GOOD
India_002759.jpg,None,0.0,0.0,100.0,GOOD
India_002787.jpg,None,0.0,0.0,100.0,GOOD
India_002793.jpg,None,0.0,0.0,100.0,GOOD
India_002801.jpg,None,0.0,0.0,100.0,GOOD
India_002832.jpg,None,0.0,0.0,100.0,GOOD
India_002843.jpg,None,0.0,0.0,100.0,GOOD
India_002849.jpg,None,0.0,0.0,100.0,GOOD
India_002851.jpg,None,0.0,0.0,100.0,GOOD
India_002873.jpg,None,0.0,0.0,100.0,GOOD
India_002884.jpg,None,0.0,0.0,100.0,GOOD
India_002892.jpg,None,0.0,0.0,100.0,GOOD
India_002896.jpg,None,0.0,0.0,100.0,GOOD
India_002901.jpg,"2,2,2,2,2,2,2,2",0.997,21.75,69.64,MODERATE
India_002905.jpg,None,0.0,0.0,100.0,GOOD
India_002925.jpg,None,0.0,0.0,100.0,GOOD
India_002932.jpg,None,0.0,0.0,100.0,GOOD
India_002954.jpg,None,0.0,0.0,100.0,GOOD
India_002960.jpg,None,0.0,0.0,100.0,GOOD
India_002970.jpg,None,0.0,0.0,100.0,GOOD
India_002973.jpg,None,0.0,0.0,100.0,GOOD
India_002976.jpg,4,0.627,0.68,99.41,GOOD
India_002978.jpg,None,0.0,0.0,100.0,GOOD
India_002981.jpg,None,0.0,0.0,100.0,GOOD
India_002985.jpg,None,0.0,0.0,100.0,GOOD
India_002995.jpg,None,0.0,0.0,100.0,GOOD
India_003007.jpg,None,0.0,0.0,100.0,GOOD
India_003018.jpg,None,0.0,0.0,100.0,GOOD
India_003042.jpg,None,0.0,0.0,100.0,GOOD
India_003048.jpg,None,0.0,0.0,100.0,GOOD
India_003062.jpg,None,0.0,0.0,100.0,GOOD
India_003063.jpg,None,0.0,0.0,100.0,GOOD
India_003076.jpg,None,0.0,0.0,100.0,GOOD
India_003085.jpg,None,0.0,0.0,100.0,GOOD
India_003087.jpg,None,0.0,0.0,100.0,GOOD
India_003096.jpg,None,0.0,0.0,100.0,GOOD
India_003102.jpg,None,0.0,0.0,100.0,GOOD
India_003110.jpg,None,0.0,0.0,100.0,GOOD
India_003119.jpg,None,0.0,0.0,100.0,GOOD
India_003125.jpg,None,0.0,0.0,100.0,GOOD
India_003143.jpg,None,0.0,0.0,100.0,GOOD
India_003177.jpg,None,0.0,0.0,100.0,GOOD
India_003185.jpg,None,0.0,0.0,100.0,GOOD
India_003205.jpg,None,0.0,0.0,100.0,GOOD
India_003236.jpg,None,0.0,0.0,100.0,GOOD
India_003243.jpg,None,0.0,0.0,100.0,GOOD
India_003247.jpg,None,0.0,0.0,100.0,GOOD
India_003265.jpg,None,0.0,0.0,100.0,GOOD
India_003270.jpg,None,0.0,0.0,100.0,GOOD
India_003274.jpg,None,0.0,0.0,100.0,GOOD
India_003278.jpg,None,0.0,0.0,100.0,GOOD
India_003292.jpg,None,0.0,0.0,100.0,GOOD
India_003309.jpg,None,0.0,0.0,100.0,GOOD
India_003310.jpg,None,0.0,0.0,100.0,GOOD
India_003313.jpg,None,0.0,0.0,100.0,GOOD
India_003339.jpg,None,0.0,0.0,100.0,GOOD
India_003373.jpg,None,0.0,0.0,100.0,GOOD
India_003376.jpg,None,0.0,0.0,100.0,GOOD
India_003398.jpg,None,0.0,0.0,100.0,GOOD
India_003401.jpg,None,0.0,0.0,100.0,GOOD
India_003404.jpg,2,0.623,3.09,97.31,GOOD
India_003415.jpg,None,0.0,0.0,100.0,GOOD
India_003422.jpg,None,0.0,0.0,100.0,GOOD
India_003432.jpg,None,0.0,0.0,100.0,GOOD
India_003435.jpg,3,0.677,0.3,99.72,GOOD
India_003456.jpg,None,0.0,0.0,100.0,GOOD
India_003468.jpg,None,0.0,0.0,100.0,GOOD
India_003475.jpg,None,0.0,0.0,100.0,GOOD
India_003480.jpg,None,0.0,0.0,100.0,GOOD
India_003482.jpg,None,0.0,0.0,100.0,GOOD
India_003490.jpg,4,0.733,0.41,99.58,GOOD
India_003495.jpg,None,0.0,0.0,100.0,GOOD
India_003498.jpg,None,0.0,0.0,100.0,GOOD
India_003505.jpg,None,0.0,0.0,100.0,GOOD
India_003535.jpg,None,0.0,0.0,100.0,GOOD
India_003556.jpg,4,0.641,0.16,99.85,GOOD
India_003560.jpg,None,0.0,0.0,100.0,GOOD
India_003561.jpg,None,0.0,0.0,100.0,GOOD
India_003565.jpg,None,0.0,0.0,100.0,GOOD
India_003568.jpg,None,0.0,0.0,100.0,GOOD
India_003576.jpg,None,0.0,0.0,100.0,GOOD
India_003587.jpg,None,0.0,0.0,100.0,GOOD
India_003611.jpg,None,0.0,0.0,100.0,GOOD
India_003616.jpg,None,0.0,0.0,100.0,GOOD
India_003624.jpg,None,0.0,0.0,100.0,GOOD
India_003636.jpg,None,0.0,0.0,100.0,GOOD
India_003652.jpg,None,0.0,0.0,100.0,GOOD
India_003677.jpg,None,0.0,0.0,100.0,GOOD
India_003686.jpg,None,0.0,0.0,100.0,GOOD
India_003697.jpg,None,0.0,0.0,100.0,GOOD
India_003702.jpg,None,0.0,0.0,100.0,GOOD
India_003722.jpg,None,0.0,0.0,100.0,GOOD
India_003738.jpg,None,0.0,0.0,100.0,GOOD
India_003742.jpg,None,0.0,0.0,100.0,GOOD
India_003747.jpg,None,0.0,0.0,100.0,GOOD
India_003764.jpg,None,0.0,0.0,100.0,GOOD
India_003774.jpg,4,0.68,0.3,99.71,GOOD
India_003788.jpg,None,0.0,0.0,100.0,GOOD
India_003806.jpg,None,0.0,0.0,100.0,GOOD
India_003827.jpg,None,0.0,0.0,100.0,GOOD
India_003831.jpg,None,0.0,0.0,100.0,GOOD
India_003835.jpg,None,0.0,0.0,100.0,GOOD
India_003839.jpg,None,0.0,0.0,100.0,GOOD
India_003841.jpg,None,0.0,0.0,100.0,GOOD
India_003852.jpg,None,0.0,0.0,100.0,GOOD
India_003854.jpg,None,0.0,0.0,100.0,GOOD
India_003859.jpg,None,0.0,0.0,100.0,GOOD
India_003864.jpg,None,0.0,0.0,100.0,GOOD
India_003865.jpg,None,0.0,0.0,100.0,GOOD
India_003883.jpg,None,0.0,0.0,100.0,GOOD
India_003886.jpg,None,0.0,0.0,100.0,GOOD
India_003913.jpg,None,0.0,0.0,100.0,GOOD
India_003925.jpg,None,0.0,0.0,100.0,GOOD
India_003926.jpg,None,0.0,0.0,100.0,GOOD
India_003939.jpg,None,0.0,0.0,100.0,GOOD
India_003943.jpg,None,0.0,0.0,100.0,GOOD
India_003944.jpg,None,0.0,0.0,100.0,GOOD
India_003948.jpg,None,0.0,0.0,100.0,GOOD
India_003953.jpg,None,0.0,0.0,100.0,GOOD
India_003975.jpg,None,0.0,0.0,100.0,GOOD
India_003980.jpg,None,0.0,0.0,100.0,GOOD
India_003981.jpg,None,0.0,0.0,100.0,GOOD
India_003993.jpg,None,0.0,0.0,100.0,GOOD
India_004003.jpg,None,0.0,0.0,100.0,GOOD
India_004040.jpg,None,0.0,0.0,100.0,GOOD
India_004066.jpg,None,0.0,0.0,100.0,GOOD
India_004102.jpg,None,0.0,0.0,100.0,GOOD
India_004116.jpg,None,0.0,0.0,100.0,GOOD
India_004151.jpg,None,0.0,0.0,100.0,GOOD
India_004158.jpg,None,0.0,0.0,100.0,GOOD
India_004181.jpg,4,0.77,0.46,99.5,GOOD
India_004183.jpg,None,0.0,0.0,100.0,GOOD
India_004193.jpg,None,0.0,0.0,100.0,GOOD
India_004194.jpg,None,0.0,0.0,100.0,GOOD
India_004205.jpg,None,0.0,0.0,100.0,GOOD
India_004209.jpg,None,0.0,0.0,100.0,GOOD
India_004249.jpg,None,0.0,0.0,100.0,GOOD
India_004253.jpg,None,0.0,0.0,100.0,GOOD
India_004264.jpg,None,0.0,0.0,100.0,GOOD
India_004268.jpg,None,0.0,0.0,100.0,GOOD
India_004270.jpg,None,0.0,0.0,100.0,GOOD
India_004274.jpg,None,0.0,0.0,100.0,GOOD
India_004285.jpg,None,0.0,0.0,100.0,GOOD
India_004306.jpg,None,0.0,0.0,100.0,GOOD
India_004311.jpg,"2,2,2,2",0.971,16.95,76.95,MODERATE
India_004364.jpg,None,0.0,0.0,100.0,GOOD
India_004370.jpg,None,0.0,0.0,100.0,GOOD
India_004376.jpg,None,0.0,0.0,100.0,GOOD
India_004392.jpg,4,0.68,0.28,99.74,GOOD
India_004427.jpg,None,0.0,0.0,100.0,GOOD
India_004443.jpg,None,0.0,0.0,100.0,GOOD
India_004449.jpg,None,0.0,0.0,100.0,GOOD
India_004450.jpg,None,0.0,0.0,100.0,GOOD
India_004458.jpg,None,0.0,0.0,100.0,GOOD
India_004461.jpg,None,0.0,0.0,100.0,GOOD
India_004468.jpg,None,0.0,0.0,100.0,GOOD
India_004469.jpg,None,0.0,0.0,100.0,GOOD
India_004480.jpg,None,0.0,0.0,100.0,GOOD
India_004485.jpg,None,0.0,0.0,100.0,GOOD
India_004489.jpg,None,0.0,0.0,100.0,GOOD
India_004497.jpg,None,0.0,0.0,100.0,GOOD
India_004500.jpg,None,0.0,0.0,100.0,GOOD
India_004509.jpg,None,0.0,0.0,100.0,GOOD
India_004513.jpg,None,0.0,0.0,100.0,GOOD
India_004525.jpg,None,0.0,0.0,100.0,GOOD
India_004548.jpg,None,0.0,0.0,100.0,GOOD
India_004551.jpg,None,0.0,0.0,100.0,GOOD
India_004556.jpg,None,0.0,0.0,100.0,GOOD
India_004563.jpg,2,0.798,16.2,81.9,GOOD
India_004632.jpg,None,0.0,0.0,100.0,GOOD
India_004633.jpg,None,0.0,0.0,100.0,GOOD
India_004637.jpg,None,0.0,0.0,100.0,GOOD
India_004650.jpg,None,0.0,0.0,100.0,GOOD
India_004655.jpg,None,0.0,0.0,100.0,GOOD
India_004666.jpg,None,0.0,0.0,100.0,GOOD
India_004669.jpg,None,0.0,0.0,100.0,GOOD
India_004675.jpg,None,0.0,0.0,100.0,GOOD
India_004690.jpg,None,0.0,0.0,100.0,GOOD
India_004694.jpg,None,0.0,0.0,100.0,GOOD
India_004710.jpg,None,0.0,0.0,100.0,GOOD
India_004714.jpg,None,0.0,0.0,100.0,GOOD
India_004721.jpg,None,0.0,0.0,100.0,GOOD
India_004723.jpg,None,0.0,0.0,100.0,GOOD
India_004735.jpg,None,0.0,0.0,100.0,GOOD
India_004739.jpg,None,0.0,0.0,100.0,GOOD
India_004743.jpg,None,0.0,0.0,100.0,GOOD
India_004756.jpg,None,0.0,0.0,100.0,GOOD
India_004815.jpg,None,0.0,0.0,100.0,GOOD
India_004817.jpg,None,0.0,0.0,100.0,GOOD
India_004819.jpg,None,0.0,0.0,100.0,GOOD
India_004827.jpg,None,0.0,0.0,100.0,GOOD
India_004830.jpg,None,0.0,0.0,100.0,GOOD
India_004837.jpg,None,0.0,0.0,100.0,GOOD
India_004842.jpg,None,0.0,0.0,100.0,GOOD
India_004853.jpg,None,0.0,0.0,100.0,GOOD
India_004880.jpg,None,0.0,0.0,100.0,GOOD
India_004898.jpg,None,0.0,0.0,100.0,GOOD
India_004922.jpg,None,0.0,0.0,100.0,GOOD
India_004938.jpg,None,0.0,0.0,100.0,GOOD
India_004949.jpg,None,0.0,0.0,100.0,GOOD
India_004954.jpg,None,0.0,0.0,100.0,GOOD
India_004959.jpg,4,0.608,0.24,99.8,GOOD
India_004977.jpg,None,0.0,0.0,100.0,GOOD
India_004980.jpg,None,0.0,0.0,100.0,GOOD
India_004981.jpg,None,0.0,0.0,100.0,GOOD
India_004989.jpg,None,0.0,0.0,100.0,GOOD
India_004992.jpg,None,0.0,0.0,100.0,GOOD
India_005035.jpg,None,0.0,0.0,100.0,GOOD
India_005036.jpg,None,0.0,0.0,100.0,GOOD
India_005040.jpg,None,0.0,0.0,100.0,GOOD
India_005070.jpg,None,0.0,0.0,100.0,GOOD
India_005071.jpg,None,0.0,0.0,100.0,GOOD
India_005104.jpg,None,0.0,0.0,100.0,GOOD
India_005127.jpg,None,0.0,0.0,100.0,GOOD
India_005129.jpg,None,0.0,0.0,100.0,GOOD
India_005135.jpg,None,0.0,0.0,100.0,GOOD
India_005138.jpg,"2,2",0.915,16.83,78.44,MODERATE
India_005141.jpg,None,0.0,0.0,100.0,GOOD
India_005152.jpg,None,0.0,0.0,100.0,GOOD
India_005153.jpg,None,0.0,0.0,100.0,GOOD
India_005174.jpg,None,0.0,0.0,100.0,GOOD
India_005197.jpg,4,0.637,0.84,99.25,GOOD
India_005214.jpg,None,0.0,0.0,100.0,GOOD
India_005220.jpg,None,0.0,0.0,100.0,GOOD
India_005233.jpg,None,0.0,0.0,100.0,GOOD
India_005284.jpg,None,0.0,0.0,100.0,GOOD
India_005298.jpg,None,0.0,0.0,100.0,GOOD
India_005302.jpg,None,0.0,0.0,100.0,GOOD
India_005305.jpg,None,0.0,0.0,100.0,GOOD
India_005310.jpg,None,0.0,0.0,100.0,GOOD
India_005314.jpg,None,0.0,0.0,100.0,GOOD
India_005351.jpg,None,0.0,0.0,100.0,GOOD
India_005365.jpg,None,0.0,0.0,100.0,GOOD
India_005369.jpg,None,0.0,0.0,100.0,GOOD
India_005372.jpg,None,0.0,0.0,100.0,GOOD
India_005376.jpg,None,0.0,0.0,100.0,GOOD
India_005412.jpg,None,0.0,0.0,100.0,GOOD
India_005421.jpg,None,0.0,0.0,100.0,GOOD
India_005433.jpg,None,0.0,0.0,100.0,GOOD
India_005446.jpg,None,0.0,0.0,100.0,GOOD
India_005447.jpg,None,0.0,0.0,100.0,GOOD
India_005461.jpg,None,0.0,0.0,100.0,GOOD
India_005473.jpg,None,0.0,0.0,100.0,GOOD
India_005489.jpg,None,0.0,0.0,100.0,GOOD
India_005493.jpg,None,0.0,0.0,100.0,GOOD
India_005519.jpg,None,0.0,0.0,100.0,GOOD
India_005528.jpg,None,0.0,0.0,100.0,GOOD
India_005534.jpg,None,0.0,0.0,100.0,GOOD
India_005535.jpg,None,0.0,0.0,100.0,GOOD
India_005557.jpg,None,0.0,0.0,100.0,GOOD
India_005559.jpg,None,0.0,0.0,100.0,GOOD
India_005563.jpg,None,0.0,0.0,100.0,GOOD
India_005576.jpg,None,0.0,0.0,100.0,GOOD
India_005588.jpg,None,0.0,0.0,100.0,GOOD
India_005601.jpg,None,0.0,0.0,100.0,GOOD
India_005612.jpg,"4,4",0.755,0.5,99.47,GOOD
India_005643.jpg,None,0.0,0.0,100.0,GOOD
India_005660.jpg,None,0.0,0.0,100.0,GOOD
India_005681.jpg,None,0.0,0.0,100.0,GOOD
India_005697.jpg,None,0.0,0.0,100.0,GOOD
India_005707.jpg,None,0.0,0.0,100.0,GOOD
India_005713.jpg,None,0.0,0.0,100.0,GOOD
India_005746.jpg,None,0.0,0.0,100.0,GOOD
India_005758.jpg,None,0.0,0.0,100.0,GOOD
India_005762.jpg,None,0.0,0.0,100.0,GOOD
India_005765.jpg,None,0.0,0.0,100.0,GOOD
India_005767.jpg,None,0.0,0.0,100.0,GOOD
India_005774.jpg,None,0.0,0.0,100.0,GOOD
India_005777.jpg,None,0.0,0.0,100.0,GOOD
India_005788.jpg,None,0.0,0.0,100.0,GOOD
India_005815.jpg,None,0.0,0.0,100.0,GOOD
India_005817.jpg,None,0.0,0.0,100.0,GOOD
India_005835.jpg,None,0.0,0.0,100.0,GOOD
India_005839.jpg,None,0.0,0.0,100.0,GOOD
India_005859.jpg,None,0.0,0.0,100.0,GOOD
India_005861.jpg,None,0.0,0.0,100.0,GOOD
India_005862.jpg,None,0.0,0.0,100.0,GOOD
India_005868.jpg,None,0.0,0.0,100.0,GOOD
India_005871.jpg,None,0.0,0.0,100.0,GOOD
India_005901.jpg,None,0.0,0.0,100.0,GOOD
India_005913.jpg,None,0.0,0.0,100.0,GOOD
India_005921.jpg,None,0.0,0.0,100.0,GOOD
India_005933.jpg,None,0.0,0.0,100.0,GOOD
India_005949.jpg,None,0.0,0.0,100.0,GOOD
India_005968.jpg,4,0.802,0.22,99.76,GOOD
India_005995.jpg,None,0.0,0.0,100.0,GOOD
India_006000.jpg,None,0.0,0.0,100.0,GOOD
India_006020.jpg,None,0.0,0.0,100.0,GOOD
India_006027.jpg,None,0.0,0.0,100.0,GOOD
India_006031.jpg,None,0.0,0.0,100.0,GOOD
India_006036.jpg,None,0.0,0.0,100.0,GOOD
India_006057.jpg,None,0.0,0.0,100.0,GOOD
India_006058.jpg,None,0.0,0.0,100.0,GOOD
India_006060.jpg,None,0.0,0.0,100.0,GOOD
India_006062.jpg,None,0.0,0.0,100.0,GOOD
India_006065.jpg,None,0.0,0.0,100.0,GOOD
India_006076.jpg,None,0.0,0.0,100.0,GOOD
India_006094.jpg,None,0.0,0.0,100.0,GOOD
India_006097.jpg,None,0.0,0.0,100.0,GOOD
India_006114.jpg,None,0.0,0.0,100.0,GOOD
India_006115.jpg,None,0.0,0.0,100.0,GOOD
India_006126.jpg,None,0.0,0.0,100.0,GOOD
India_006127.jpg,None,0.0,0.0,100.0,GOOD
India_006129.jpg,None,0.0,0.0,100.0,GOOD
India_006150.jpg,None,0.0,0.0,100.0,GOOD
India_006152.jpg,None,0.0,0.0,100.0,GOOD
India_006174.jpg,None,0.0,0.0,100.0,GOOD
India_006177.jpg,None,0.0,0.0,100.0,GOOD
India_006197.jpg,None,0.0,0.0,100.0,GOOD
India_006214.jpg,None,0.0,0.0,100.0,GOOD
India_006238.jpg,None,0.0,0.0,100.0,GOOD
India_006241.jpg,None,0.0,0.0,100.0,GOOD
India_006253.jpg,None,0.0,0.0,100.0,GOOD
India_006257.jpg,None,0.0,0.0,100.0,GOOD
India_006260.jpg,None,0.0,0.0,100.0,GOOD
India_006262.jpg,None,0.0,0.0,100.0,GOOD
India_006274.jpg,None,0.0,0.0,100.0,GOOD
India_006290.jpg,None,0.0,0.0,100.0,GOOD
India_006305.jpg,None,0.0,0.0,100.0,GOOD
India_006319.jpg,None,0.0,0.0,100.0,GOOD
India_006320.jpg,None,0.0,0.0,100.0,GOOD
India_006325.jpg,None,0.0,0.0,100.0,GOOD
India_006327.jpg,None,0.0,0.0,100.0,GOOD
India_006329.jpg,None,0.0,0.0,100.0,GOOD
India_006342.jpg,None,0.0,0.0,100.0,GOOD
India_006363.jpg,"2,2,2,2",0.827,16.73,80.62,GOOD
India_006364.jpg,None,0.0,0.0,100.0,GOOD
India_006373.jpg,None,0.0,0.0,100.0,GOOD
India_006378.jpg,None,0.0,0.0,100.0,GOOD
India_006386.jpg,None,0.0,0.0,100.0,GOOD
India_006466.jpg,None,0.0,0.0,100.0,GOOD
India_006490.jpg,None,0.0,0.0,100.0,GOOD
India_006502.jpg,None,0.0,0.0,100.0,GOOD
India_006504.jpg,None,0.0,0.0,100.0,GOOD
India_006530.jpg,None,0.0,0.0,100.0,GOOD
India_006535.jpg,None,0.0,0.0,100.0,GOOD
India_006537.jpg,2,0.813,11.87,86.49,GOOD
India_006543.jpg,None,0.0,0.0,100.0,GOOD
India_006576.jpg,None,0.0,0.0,100.0,GOOD
India_006582.jpg,None,0.0,0.0,100.0,GOOD
India_006619.jpg,None,0.0,0.0,100.0,GOOD
India_006635.jpg,None,0.0,0.0,100.0,GOOD
India_006640.jpg,None,0.0,0.0,100.0,GOOD
India_006645.jpg,None,0.0,0.0,100.0,GOOD
India_006652.jpg,None,0.0,0.0,100.0,GOOD
India_006668.jpg,None,0.0,0.0,100.0,GOOD
India_006670.jpg,None,0.0,0.0,100.0,GOOD
India_006674.jpg,None,0.0,0.0,100.0,GOOD
India_006677.jpg,None,0.0,0.0,100.0,GOOD
India_006713.jpg,4,0.741,0.16,99.84,GOOD
India_006730.jpg,None,0.0,0.0,100.0,GOOD
India_006749.jpg,None,0.0,0.0,100.0,GOOD
India_006751.jpg,None,0.0,0.0,100.0,GOOD
India_006767.jpg,None,0.0,0.0,100.0,GOOD
India_006789.jpg,None,0.0,0.0,100.0,GOOD
India_006809.jpg,None,0.0,0.0,100.0,GOOD
India_006817.jpg,None,0.0,0.0,100.0,GOOD
India_006820.jpg,None,0.0,0.0,100.0,GOOD
India_006835.jpg,None,0.0,0.0,100.0,GOOD
India_006850.jpg,None,0.0,0.0,100.0,GOOD
India_006882.jpg,None,0.0,0.0,100.0,GOOD
India_006903.jpg,None,0.0,0.0,100.0,GOOD
India_006943.jpg,None,0.0,0.0,100.0,GOOD
India_006947.jpg,None,0.0,0.0,100.0,GOOD
India_006953.jpg,None,0.0,0.0,100.0,GOOD
India_007007.jpg,2,0.728,21.88,77.69,MODERATE
India_007017.jpg,None,0.0,0.0,100.0,GOOD
India_007019.jpg,None,0.0,0.0,100.0,GOOD
India_007032.jpg,None,0.0,0.0,100.0,GOOD
India_007034.jpg,None,0.0,0.0,100.0,GOOD
India_007048.jpg,None,0.0,0.0,100.0,GOOD
India_007052.jpg,None,0.0,0.0,100.0,GOOD
India_007055.jpg,None,0.0,0.0,100.0,GOOD
India_007088.jpg,None,0.0,0.0,100.0,GOOD
India_007122.jpg,None,0.0,0.0,100.0,GOOD
India_007175.jpg,None,0.0,0.0,100.0,GOOD
India_007178.jpg,None,0.0,0.0,100.0,GOOD
India_007183.jpg,2,0.719,15.32,84.58,GOOD
India_007197.jpg,None,0.0,0.0,100.0,GOOD
India_007200.jpg,None,0.0,0.0,100.0,GOOD
India_007205.jpg,"4,4",0.683,2.68,97.44,GOOD
India_007271.jpg,None,0.0,0.0,100.0,GOOD
India_007279.jpg,None,0.0,0.0,100.0,GOOD
India_007281.jpg,None,0.0,0.0,100.0,GOOD
India_007285.jpg,None,0.0,0.0,100.0,GOOD
India_007293.jpg,4,0.75,0.39,99.59,GOOD
India_007299.jpg,None,0.0,0.0,100.0,GOOD
India_007308.jpg,None,0.0,0.0,100.0,GOOD
India_007327.jpg,None,0.0,0.0,100.0,GOOD
India_007349.jpg,None,0.0,0.0,100.0,GOOD
India_007362.jpg,None,0.0,0.0,100.0,GOOD
India_007390.jpg,None,0.0,0.0,100.0,GOOD
India_007398.jpg,None,0.0,0.0,100.0,GOOD
India_007399.jpg,None,0.0,0.0,100.0,GOOD
India_007412.jpg,None,0.0,0.0,100.0,GOOD
India_007418.jpg,None,0.0,0.0,100.0,GOOD
India_007419.jpg,None,0.0,0.0,100.0,GOOD
India_007420.jpg,None,0.0,0.0,100.0,GOOD
India_007426.jpg,None,0.0,0.0,100.0,GOOD
India_007431.jpg,3,0.63,0.59,99.48,GOOD
India_007463.jpg,None,0.0,0.0,100.0,GOOD
India_007476.jpg,None,0.0,0.0,100.0,GOOD
India_007487.jpg,None,0.0,0.0,100.0,GOOD
India_007492.jpg,None,0.0,0.0,100.0,GOOD
India_007494.jpg,None,0.0,0.0,100.0,GOOD
India_007498.jpg,None,0.0,0.0,100.0,GOOD
India_007509.jpg,None,0.0,0.0,100.0,GOOD
India_007511.jpg,None,0.0,0.0,100.0,GOOD
India_007514.jpg,None,0.0,0.0,100.0,GOOD
India_007529.jpg,None,0.0,0.0,100.0,GOOD
India_007538.jpg,None,0.0,0.0,100.0,GOOD
India_007548.jpg,None,0.0,0.0,100.0,GOOD
India_007555.jpg,None,0.0,0.0,100.0,GOOD
India_007576.jpg,None,0.0,0.0,100.0,GOOD
India_007590.jpg,None,0.0,0.0,100.0,GOOD
India_007595.jpg,None,0.0,0.0,100.0,GOOD
India_007615.jpg,None,0.0,0.0,100.0,GOOD
India_007616.jpg,None,0.0,0.0,100.0,GOOD
India_007618.jpg,None,0.0,0.0,100.0,GOOD
India_007621.jpg,None,0.0,0.0,100.0,GOOD
India_007628.jpg,None,0.0,0.0,100.0,GOOD
India_007630.jpg,None,0.0,0.0,100.0,GOOD
India_007633.jpg,None,0.0,0.0,100.0,GOOD
India_007637.jpg,None,0.0,0.0,100.0,GOOD
India_007646.jpg,None,0.0,0.0,100.0,GOOD
India_007647.jpg,None,0.0,0.0,100.0,GOOD
India_007652.jpg,None,0.0,0.0,100.0,GOOD
India_007655.jpg,None,0.0,0.0,100.0,GOOD
India_007668.jpg,None,0.0,0.0,100.0,GOOD
India_007676.jpg,"2,2",0.739,11.93,87.66,GOOD
India_007706.jpg,None,0.0,0.0,100.0,GOOD
India_007716.jpg,None,0.0,0.0,100.0,GOOD
India_007723.jpg,None,0.0,0.0,100.0,GOOD
India_007733.jpg,None,0.0,0.0,100.0,GOOD
India_007776.jpg,None,0.0,0.0,100.0,GOOD
India_007781.jpg,4,0.64,0.27,99.76,GOOD
India_007782.jpg,None,0.0,0.0,100.0,GOOD
India_007785.jpg,None,0.0,0.0,100.0,GOOD
India_007789.jpg,None,0.0,0.0,100.0,GOOD
India_007791.jpg,None,0.0,0.0,100.0,GOOD
India_007809.jpg,None,0.0,0.0,100.0,GOOD
India_007816.jpg,None,0.0,0.0,100.0,GOOD
India_007834.jpg,None,0.0,0.0,100.0,GOOD
India_007836.jpg,None,0.0,0.0,100.0,GOOD
India_007884.jpg,None,0.0,0.0,100.0,GOOD
India_007946.jpg,None,0.0,0.0,100.0,GOOD
India_007955.jpg,4,0.612,0.52,99.55,GOOD
India_007974.jpg,None,0.0,0.0,100.0,GOOD
India_007981.jpg,None,0.0,0.0,100.0,GOOD
India_008014.jpg,None,0.0,0.0,100.0,GOOD
India_008017.jpg,None,0.0,0.0,100.0,GOOD
India_008019.jpg,None,0.0,0.0,100.0,GOOD
India_008022.jpg,4,0.627,0.75,99.34,GOOD
India_008027.jpg,None,0.0,0.0,100.0,GOOD
India_008035.jpg,None,0.0,0.0,100.0,GOOD
India_008050.jpg,None,0.0,0.0,100.0,GOOD
India_008056.jpg,None,0.0,0.0,100.0,GOOD
India_008079.jpg,None,0.0,0.0,100.0,GOOD
India_008103.jpg,None,0.0,0.0,100.0,GOOD
India_008109.jpg,None,0.0,0.0,100.0,GOOD
India_008130.jpg,None,0.0,0.0,100.0,GOOD
India_008142.jpg,4,0.768,0.18,99.81,GOOD
India_008153.jpg,2,0.603,15.56,86.86,GOOD
India_008222.jpg,None,0.0,0.0,100.0,GOOD
India_008223.jpg,None,0.0,0.0,100.0,GOOD
India_008227.jpg,None,0.0,0.0,100.0,GOOD
India_008238.jpg,None,0.0,0.0,100.0,GOOD
India_008239.jpg,None,0.0,0.0,100.0,GOOD
India_008241.jpg,None,0.0,0.0,100.0,GOOD
India_008249.jpg,None,0.0,0.0,100.0,GOOD
India_008263.jpg,None,0.0,0.0,100.0,GOOD
India_008282.jpg,None,0.0,0.0,100.0,GOOD
India_008296.jpg,None,0.0,0.0,100.0,GOOD
India_008301.jpg,None,0.0,0.0,100.0,GOOD
India_008304.jpg,None,0.0,0.0,100.0,GOOD
India_008306.jpg,None,0.0,0.0,100.0,GOOD
India_008307.jpg,None,0.0,0.0,100.0,GOOD
India_008314.jpg,None,0.0,0.0,100.0,GOOD
India_008317.jpg,None,0.0,0.0,100.0,GOOD
India_008322.jpg,None,0.0,0.0,100.0,GOOD
India_008336.jpg,None,0.0,0.0,100.0,GOOD
India_008374.jpg,None,0.0,0.0,100.0,GOOD
India_008395.jpg,None,0.0,0.0,100.0,GOOD
India_008421.jpg,None,0.0,0.0,100.0,GOOD
India_008429.jpg,None,0.0,0.0,100.0,GOOD
India_008437.jpg,None,0.0,0.0,100.0,GOOD
India_008440.jpg,None,0.0,0.0,100.0,GOOD
India_008471.jpg,"2,2",0.853,13.85,83.46,GOOD
India_008479.jpg,None,0.0,0.0,100.0,GOOD
India_008486.jpg,None,0.0,0.0,100.0,GOOD
India_008488.jpg,None,0.0,0.0,100.0,GOOD
India_008503.jpg,None,0.0,0.0,100.0,GOOD
India_008504.jpg,None,0.0,0.0,100.0,GOOD
India_008535.jpg,None,0.0,0.0,100.0,GOOD
India_008548.jpg,None,0.0,0.0,100.0,GOOD
India_008563.jpg,None,0.0,0.0,100.0,GOOD
India_008572.jpg,None,0.0,0.0,100.0,GOOD
India_008575.jpg,None,0.0,0.0,100.0,GOOD
India_008614.jpg,None,0.0,0.0,100.0,GOOD
India_008623.jpg,None,0.0,0.0,100.0,GOOD
India_008636.jpg,None,0.0,0.0,100.0,GOOD
India_008649.jpg,None,0.0,0.0,100.0,GOOD
India_008664.jpg,None,0.0,0.0,100.0,GOOD
India_008670.jpg,None,0.0,0.0,100.0,GOOD
India_008673.jpg,None,0.0,0.0,100.0,GOOD
India_008675.jpg,None,0.0,0.0,100.0,GOOD
India_008694.jpg,None,0.0,0.0,100.0,GOOD
India_008695.jpg,None,0.0,0.0,100.0,GOOD
India_008698.jpg,None,0.0,0.0,100.0,GOOD
India_008701.jpg,None,0.0,0.0,100.0,GOOD
India_008703.jpg,None,0.0,0.0,100.0,GOOD
India_008715.jpg,None,0.0,0.0,100.0,GOOD
India_008719.jpg,None,0.0,0.0,100.0,GOOD
India_008724.jpg,None,0.0,0.0,100.0,GOOD
India_008728.jpg,None,0.0,0.0,100.0,GOOD
India_008746.jpg,None,0.0,0.0,100.0,GOOD
India_008771.jpg,None,0.0,0.0,100.0,GOOD
India_008789.jpg,None,0.0,0.0,100.0,GOOD
India_008792.jpg,None,0.0,0.0,100.0,GOOD
India_008796.jpg,None,0.0,0.0,100.0,GOOD
India_008819.jpg,None,0.0,0.0,100.0,GOOD
India_008839.jpg,None,0.0,0.0,100.0,GOOD
India_008851.jpg,None,0.0,0.0,100.0,GOOD
India_008870.jpg,None,0.0,0.0,100.0,GOOD
India_008953.jpg,None,0.0,0.0,100.0,GOOD
India_008957.jpg,None,0.0,0.0,100.0,GOOD
India_008971.jpg,None,0.0,0.0,100.0,GOOD
India_008988.jpg,None,0.0,0.0,100.0,GOOD
India_008990.jpg,None,0.0,0.0,100.0,GOOD
India_008991.jpg,None,0.0,0.0,100.0,GOOD
India_008993.jpg,None,0.0,0.0,100.0,GOOD
India_009001.jpg,None,0.0,0.0,100.0,GOOD
India_009027.jpg,None,0.0,0.0,100.0,GOOD
India_009051.jpg,None,0.0,0.0,100.0,GOOD
India_009095.jpg,None,0.0,0.0,100.0,GOOD
India_009129.jpg,None,0.0,0.0,100.0,GOOD
India_009131.jpg,None,0.0,0.0,100.0,GOOD
India_009132.jpg,None,0.0,0.0,100.0,GOOD
India_009133.jpg,None,0.0,0.0,100.0,GOOD
India_009134.jpg,None,0.0,0.0,100.0,GOOD
India_009153.jpg,None,0.0,0.0,100.0,GOOD
India_009158.jpg,None,0.0,0.0,100.0,GOOD
India_009164.jpg,None,0.0,0.0,100.0,GOOD
India_009165.jpg,None,0.0,0.0,100.0,GOOD
India_009177.jpg,None,0.0,0.0,100.0,GOOD
India_009185.jpg,None,0.0,0.0,100.0,GOOD
India_009193.jpg,2,0.617,11.96,89.67,GOOD
India_009240.jpg,None,0.0,0.0,100.0,GOOD
India_009254.jpg,None,0.0,0.0,100.0,GOOD
India_009262.jpg,None,0.0,0.0,100.0,GOOD
India_009270.jpg,None,0.0,0.0,100.0,GOOD
India_009272.jpg,None,0.0,0.0,100.0,GOOD
India_009294.jpg,None,0.0,0.0,100.0,GOOD
India_009317.jpg,None,0.0,0.0,100.0,GOOD
India_009318.jpg,None,0.0,0.0,100.0,GOOD
India_009329.jpg,None,0.0,0.0,100.0,GOOD
India_009337.jpg,None,0.0,0.0,100.0,GOOD
India_009339.jpg,None,0.0,0.0,100.0,GOOD
India_009348.jpg,None,0.0,0.0,100.0,GOOD
India_009358.jpg,None,0.0,0.0,100.0,GOOD
India_009381.jpg,None,0.0,0.0,100.0,GOOD
India_009385.jpg,"2,2,2,2",0.986,16.24,77.57,MODERATE
India_009408.jpg,None,0.0,0.0,100.0,GOOD
India_009428.jpg,None,0.0,0.0,100.0,GOOD
India_009429.jpg,None,0.0,0.0,100.0,GOOD
India_009433.jpg,None,0.0,0.0,100.0,GOOD
India_009434.jpg,None,0.0,0.0,100.0,GOOD
India_009436.jpg,None,0.0,0.0,100.0,GOOD
India_009455.jpg,None,0.0,0.0,100.0,GOOD
India_009517.jpg,None,0.0,0.0,100.0,GOOD
India_009546.jpg,None,0.0,0.0,100.0,GOOD
India_009553.jpg,None,0.0,0.0,100.0,GOOD
India_009564.jpg,None,0.0,0.0,100.0,GOOD
India_009579.jpg,None,0.0,0.0,100.0,GOOD
India_009583.jpg,None,0.0,0.0,100.0,GOOD
India_009586.jpg,"4,4,4",0.626,3.37,97.05,GOOD
India_009593.jpg,None,0.0,0.0,100.0,GOOD
India_009619.jpg,None,0.0,0.0,100.0,GOOD
India_009625.jpg,None,0.0,0.0,100.0,GOOD
India_009630.jpg,None,0.0,0.0,100.0,GOOD
India_009649.jpg,None,0.0,0.0,100.0,GOOD
India_009650.jpg,None,0.0,0.0,100.0,GOOD
India_009666.jpg,None,0.0,0.0,100.0,GOOD
India_009669.jpg,None,0.0,0.0,100.0,GOOD
India_009677.jpg,None,0.0,0.0,100.0,GOOD
India_009698.jpg,None,0.0,0.0,100.0,GOOD
India_009744.jpg,None,0.0,0.0,100.0,GOOD
India_009769.jpg,None,0.0,0.0,100.0,GOOD
India_009785.jpg,None,0.0,0.0,100.0,GOOD
India_009815.jpg,None,0.0,0.0,100.0,GOOD
India_009830.jpg,None,0.0,0.0,100.0,GOOD
India_009836.jpg,None,0.0,0.0,100.0,GOOD
India_009869.jpg,None,0.0,0.0,100.0,GOOD
India_009881.jpg,None,0.0,0.0,100.0,GOOD
India_009890.jpg,None,0.0,0.0,100.0,GOOD
Japan_000001.jpg,None,0.0,0.0,100.0,GOOD
Japan_000006.jpg,None,0.0,0.0,100.0,GOOD
Japan_000015.jpg,None,0.0,0.0,100.0,GOOD
Japan_000017.jpg,"2,2,2,2",0.976,18.71,74.44,MODERATE
Japan_000019.jpg,None,0.0,0.0,100.0,GOOD
Japan_000020.jpg,None,0.0,0.0,100.0,GOOD
Japan_000024.jpg,None,0.0,0.0,100.0,GOOD
Japan_000025.jpg,"2,2,2,2,2,2,2,2,2,2,2",0.995,14.45,79.87,MODERATE
Japan_000026.jpg,None,0.0,0.0,100.0,GOOD
Japan_000028.jpg,None,0.0,0.0,100.0,GOOD
Japan_000029.jpg,2,0.719,17.77,82.11,GOOD
Japan_000043.jpg,None,0.0,0.0,100.0,GOOD
Japan_000044.jpg,"2,2,2",0.776,20.19,78.07,MODERATE
Japan_000051.jpg,3,0.676,0.82,99.23,GOOD
Japan_000053.jpg,None,0.0,0.0,100.0,GOOD
Japan_000058.jpg,None,0.0,0.0,100.0,GOOD
Japan_000064.jpg,"2,2",0.849,14.63,82.6,GOOD
Japan_000067.jpg,None,0.0,0.0,100.0,GOOD
Japan_000068.jpg,None,0.0,0.0,100.0,GOOD
Japan_000073.jpg,None,0.0,0.0,100.0,GOOD
Japan_000074.jpg,None,0.0,0.0,100.0,GOOD
Japan_000077.jpg,None,0.0,0.0,100.0,GOOD
Japan_000081.jpg,None,0.0,0.0,100.0,GOOD
Japan_000085.jpg,"2,2,2,2,3,2,2,2",0.997,15.34,78.58,MODERATE
Japan_000099.jpg,None,0.0,0.0,100.0,GOOD
Japan_000100.jpg,None,0.0,0.0,100.0,GOOD
Japan_000105.jpg,None,0.0,0.0,100.0,GOOD
Japan_000110.jpg,None,0.0,0.0,100.0,GOOD
Japan_000111.jpg,2,0.833,12.72,85.16,GOOD
Japan_000114.jpg,3,0.73,0.44,99.55,GOOD
Japan_000118.jpg,None,0.0,0.0,100.0,GOOD
Japan_000119.jpg,"2,2,2,2,2,2,2,2,2,2,2,2,2,2,2,2,2,2",0.997,23.29,67.51,MODERATE
Japan_000145.jpg,None,0.0,0.0,100.0,GOOD
Japan_000153.jpg,2,0.812,13.28,84.91,GOOD
Japan_000155.jpg,None,0.0,0.0,100.0,GOOD
Japan_000158.jpg,"2,2,2,2,2",0.951,15.51,79.34,MODERATE
Japan_000171.jpg,None,0.0,0.0,100.0,GOOD
Japan_000175.jpg,None,0.0,0.0,100.0,GOOD
Japan_000184.jpg,"2,2,2,2,2,2,2,2,2,2,2,2",0.989,15.97,77.88,MODERATE
Japan_000186.jpg,None,0.0,0.0,100.0,GOOD
Japan_000189.jpg,None,0.0,0.0,100.0,GOOD
Japan_000190.jpg,"2,2,2,2,2,2,2,2,2,2,2,2",0.997,18.99,73.49,MODERATE
Japan_000192.jpg,None,0.0,0.0,100.0,GOOD
Japan_000193.jpg,"1,1,1,1,1,1,1,1,1,1,1",0.906,2.17,97.25,GOOD
Japan_000196.jpg,None,0.0,0.0,100.0,GOOD
Japan_000200.jpg,None,0.0,0.0,100.0,GOOD
Japan_000202.jpg,None,0.0,0.0,100.0,GOOD
Japan_000205.jpg,"3,3",0.909,0.33,99.58,GOOD
Japan_000207.jpg,3,0.807,0.14,99.84,GOOD
Japan_000209.jpg,None,0.0,0.0,100.0,GOOD
Japan_000211.jpg,None,0.0,0.0,100.0,GOOD
Japan_000215.jpg,None,0.0,0.0,100.0,GOOD
Japan_000218.jpg,3,0.608,10.98,90.65,GOOD
Japan_000220.jpg,None,0.0,0.0,100.0,GOOD
Japan_000231.jpg,"2,2,2",0.9,15.26,80.76,GOOD
Japan_000235.jpg,None,0.0,0.0,100.0,GOOD
Japan_000237.jpg,2,0.853,16.2,80.65,GOOD
Japan_000240.jpg,None,0.0,0.0,100.0,GOOD
Japan_000242.jpg,None,0.0,0.0,100.0,GOOD
Japan_000243.jpg,None,0.0,0.0,100.0,GOOD
Japan_000252.jpg,None,0.0,0.0,100.0,GOOD
Japan_000254.jpg,None,0.0,0.0,100.0,GOOD
Japan_000262.jpg,None,0.0,0.0,100.0,GOOD
Japan_000267.jpg,None,0.0,0.0,100.0,GOOD
Japan_000269.jpg,"1,1",0.676,2.09,98.03,GOOD
Japan_000289.jpg,None,0.0,0.0,100.0,GOOD
Japan_000291.jpg,None,0.0,0.0,100.0,GOOD
Japan_000298.jpg,None,0.0,0.0,100.0,GOOD
Japan_000308.jpg,2,0.728,13.86,85.88,GOOD
Japan_000311.jpg,None,0.0,0.0,100.0,GOOD
Japan_000318.jpg,None,0.0,0.0,100.0,GOOD
Japan_000319.jpg,3,0.807,0.3,99.66,GOOD
Japan_000320.jpg,None,0.0,0.0,100.0,GOOD
Japan_000328.jpg,None,0.0,0.0,100.0,GOOD
Japan_000340.jpg,None,0.0,0.0,100.0,GOOD
Japan_000345.jpg,None,0.0,0.0,100.0,GOOD
Japan_000362.jpg,None,0.0,0.0,100.0,GOOD
Japan_000366.jpg,3,0.894,0.18,99.77,GOOD
Japan_000372.jpg,None,0.0,0.0,100.0,GOOD
Japan_000374.jpg,3,0.722,0.14,99.85,GOOD
Japan_000379.jpg,None,0.0,0.0,100.0,GOOD
Japan_000380.jpg,None,0.0,0.0,100.0,GOOD
Japan_000381.jpg,"2,2,2,2",0.996,21.22,70.41,MODERATE
Japan_000386.jpg,None,0.0,0.0,100.0,GOOD
Japan_000396.jpg,None,0.0,0.0,100.0,GOOD
Japan_000399.jpg,None,0.0,0.0,100.0,GOOD
Japan_000401.jpg,None,0.0,0.0,100.0,GOOD
Japan_000404.jpg,None,0.0,0.0,100.0,GOOD
Japan_000419.jpg,2,0.779,19.64,78.58,MODERATE
Japan_000421.jpg,"3,1,1,1,1,1",0.928,0.36,99.53,GOOD
Japan_000424.jpg,None,0.0,0.0,100.0,GOOD
Japan_000426.jpg,None,0.0,0.0,100.0,GOOD
Japan_000428.jpg,2,0.649,8.07,92.66,GOOD
Japan_000437.jpg,None,0.0,0.0,100.0,GOOD
Japan_000440.jpg,2,0.663,16.98,84.25,GOOD
Japan_000446.jpg,None,0.0,0.0,100.0,GOOD
Japan_000452.jpg,None,0.0,0.0,100.0,GOOD
Japan_000456.jpg,None,0.0,0.0,100.0,GOOD
Japan_000476.jpg,None,0.0,0.0,100.0,GOOD
Japan_000478.jpg,3,0.684,0.25,99.76,GOOD
Japan_000485.jpg,None,0.0,0.0,100.0,GOOD
Japan_000489.jpg,None,0.0,0.0,100.0,GOOD
Japan_000494.jpg,"2,2",0.98,17.67,75.75,MODERATE
Japan_000498.jpg,None,0.0,0.0,100.0,GOOD
Japan_000506.jpg,None,0.0,0.0,100.0,GOOD
Japan_000511.jpg,None,0.0,0.0,100.0,GOOD
Japan_000517.jpg,"1,1,1",0.822,2.71,96.89,GOOD
Japan_000528.jpg,None,0.0,0.0,100.0,GOOD
Japan_000530.jpg,None,0.0,0.0,100.0,GOOD
Japan_000531.jpg,None,0.0,0.0,100.0,GOOD
Japan_000535.jpg,"2,2,2",0.882,14.17,82.51,GOOD
Japan_000538.jpg,None,0.0,0.0,100.0,GOOD
Japan_000555.jpg,2,0.909,12.18,84.49,GOOD
Japan_000556.jpg,None,0.0,0.0,100.0,GOOD
Japan_000558.jpg,3,0.681,0.21,99.8,GOOD
Japan_000560.jpg,None,0.0,0.0,100.0,GOOD
Japan_000566.jpg,None,0.0,0.0,100.0,GOOD
Japan_000567.jpg,None,0.0,0.0,100.0,GOOD
Japan_000575.jpg,None,0.0,0.0,100.0,GOOD
Japan_000581.jpg,None,0.0,0.0,100.0,GOOD
Japan_000582.jpg,3,0.665,15.37,85.69,GOOD
Japan_000596.jpg,3,0.802,0.2,99.78,GOOD
Japan_000598.jpg,None,0.0,0.0,100.0,GOOD
Japan_000604.jpg,None,0.0,0.0,100.0,GOOD
Japan_000611.jpg,None,0.0,0.0,100.0,GOOD
Japan_000613.jpg,None,0.0,0.0,100.0,GOOD
Japan_000616.jpg,2,0.743,10.69,88.88,GOOD
Japan_000617.jpg,2,0.687,13.9,86.63,GOOD
Japan_000627.jpg,None,0.0,0.0,100.0,GOOD
Japan_000630.jpg,None,0.0,0.0,100.0,GOOD
Japan_000633.jpg,None,0.0,0.0,100.0,GOOD
Japan_000648.jpg,None,0.0,0.0,100.0,GOOD
Japan_000650.jpg,3,0.855,0.49,99.41,GOOD
Japan_000653.jpg,2,0.754,13.42,85.83,GOOD
Japan_000657.jpg,None,0.0,0.0,100.0,GOOD
Japan_000665.jpg,None,0.0,0.0,100.0,GOOD
Japan_000683.jpg,None,0.0,0.0,100.0,GOOD
Japan_000691.jpg,1,0.632,1.88,98.33,GOOD
Japan_000694.jpg,None,0.0,0.0,100.0,GOOD
Japan_000695.jpg,None,0.0,0.0,100.0,GOOD
Japan_000698.jpg,None,0.0,0.0,100.0,GOOD
Japan_000705.jpg,"2,2,2,2,2",0.957,13.93,81.33,GOOD
Japan_000711.jpg,None,0.0,0.0,100.0,GOOD
Japan_000720.jpg,None,0.0,0.0,100.0,GOOD
Japan_000721.jpg,None,0.0,0.0,100.0,GOOD
Japan_000724.jpg,None,0.0,0.0,100.0,GOOD
Japan_000729.jpg,3,0.753,0.7,99.26,GOOD
Japan_000735.jpg,None,0.0,0.0,100.0,GOOD
Japan_000736.jpg,None,0.0,0.0,100.0,GOOD
Japan_000737.jpg,None,0.0,0.0,100.0,GOOD
Japan_000738.jpg,None,0.0,0.0,100.0,GOOD
Japan_000748.jpg,None,0.0,0.0,100.0,GOOD
Japan_000754.jpg,None,0.0,0.0,100.0,GOOD
Japan_000762.jpg,"1,1,1",0.709,4.84,95.2,GOOD
Japan_000764.jpg,None,0.0,0.0,100.0,GOOD
Japan_000772.jpg,"2,2,2,2",0.952,14.92,80.11,GOOD
Japan_000789.jpg,"2,2",0.71,18.92,81.2,GOOD
Japan_000797.jpg,None,0.0,0.0,100.0,GOOD
Japan_000800.jpg,None,0.0,0.0,100.0,GOOD
Japan_000802.jpg,None,0.0,0.0,100.0,GOOD
Japan_000805.jpg,None,0.0,0.0,100.0,GOOD
Japan_000807.jpg,None,0.0,0.0,100.0,GOOD
Japan_000823.jpg,None,0.0,0.0,100.0,GOOD
Japan_000831.jpg,None,0.0,0.0,100.0,GOOD
Japan_000842.jpg,None,0.0,0.0,100.0,GOOD
Japan_000844.jpg,None,0.0,0.0,100.0,GOOD
Japan_000859.jpg,None,0.0,0.0,100.0,GOOD
Japan_000864.jpg,None,0.0,0.0,100.0,GOOD
Japan_000871.jpg,"3,3",0.796,0.27,99.7,GOOD
Japan_000872.jpg,None,0.0,0.0,100.0,GOOD
Japan_000878.jpg,None,0.0,0.0,100.0,GOOD
Japan_000880.jpg,None,0.0,0.0,100.0,GOOD
Japan_000885.jpg,"2,2,2,2,2",0.986,18.27,74.77,MODERATE
Japan_000893.jpg,None,0.0,0.0,100.0,GOOD
Japan_000895.jpg,None,0.0,0.0,100.0,GOOD
Japan_000916.jpg,None,0.0,0.0,100.0,GOOD
Japan_000920.jpg,None,0.0,0.0,100.0,GOOD
Japan_000927.jpg,None,0.0,0.0,100.0,GOOD
Japan_000929.jpg,"2,2,2,2,2,2,2,3,2",0.987,16.15,77.69,MODERATE
Japan_000931.jpg,None,0.0,0.0,100.0,GOOD
Japan_000939.jpg,"2,2,2",0.941,12.04,84.14,GOOD
Japan_000949.jpg,None,0.0,0.0,100.0,GOOD
Japan_000953.jpg,"2,2",0.898,17.65,77.81,MODERATE
Japan_000963.jpg,"2,2,2,2,2",0.994,18.06,74.87,MODERATE
Japan_000984.jpg,"2,2,2,2,2,2,2",1.0,21.52,69.87,MODERATE
Japan_000985.jpg,None,0.0,0.0,100.0,GOOD
Japan_000993.jpg,None,0.0,0.0,100.0,GOOD
Japan_001000.jpg,2,0.716,16.16,83.81,GOOD
Japan_001002.jpg,None,0.0,0.0,100.0,GOOD
Japan_001009.jpg,"2,2,2,2,2,2,2,2,2,2",0.999,21.36,70.13,MODERATE
Japan_001015.jpg,"2,2,2,2,2,2,1,2",1.0,22.52,68.48,MODERATE
Japan_001017.jpg,None,0.0,0.0,100.0,GOOD
Japan_001020.jpg,None,0.0,0.0,100.0,GOOD
Japan_001026.jpg,3,0.685,8.96,91.41,GOOD
Japan_001027.jpg,None,0.0,0.0,100.0,GOOD
Japan_001029.jpg,None,0.0,0.0,100.0,GOOD
Japan_001032.jpg,None,0.0,0.0,100.0,GOOD
Japan_001037.jpg,None,0.0,0.0,100.0,GOOD
Japan_001040.jpg,None,0.0,0.0,100.0,GOOD
Japan_001043.jpg,None,0.0,0.0,100.0,GOOD
Japan_001045.jpg,3,0.83,0.53,99.39,GOOD
Japan_001058.jpg,2,0.843,10.0,88.2,GOOD
Japan_001063.jpg,"2,2,2",0.961,14.28,80.79,GOOD
Japan_001066.jpg,None,0.0,0.0,100.0,GOOD
Japan_001074.jpg,"2,2,2",0.963,18.66,74.85,MODERATE
Japan_001075.jpg,None,0.0,0.0,100.0,GOOD
Japan_001079.jpg,None,0.0,0.0,100.0,GOOD
Japan_001080.jpg,None,0.0,0.0,100.0,GOOD
Japan_001087.jpg,None,0.0,0.0,100.0,GOOD
Japan_001093.jpg,2,0.621,15.42,86.6,GOOD
Japan_001097.jpg,None,0.0,0.0,100.0,GOOD
Japan_001098.jpg,"2,2,2,2",0.982,16.36,77.51,MODERATE
Japan_001103.jpg,"2,2,2,2,2",0.952,19.21,74.39,MODERATE
Japan_001104.jpg,None,0.0,0.0,100.0,GOOD
Japan_001106.jpg,None,0.0,0.0,100.0,GOOD
Japan_001107.jpg,"2,2,2",0.987,20.23,72.05,MODERATE
Japan_001110.jpg,None,0.0,0.0,100.0,GOOD
Japan_001112.jpg,None,0.0,0.0,100.0,GOOD
Japan_001115.jpg,None,0.0,0.0,100.0,GOOD
Japan_001116.jpg,2,0.723,13.26,86.57,GOOD
Japan_001117.jpg,None,0.0,0.0,100.0,GOOD
Japan_001129.jpg,None,0.0,0.0,100.0,GOOD
Japan_001130.jpg,"2,2,2,2",0.995,18.82,73.8,MODERATE
Japan_001133.jpg,None,0.0,0.0,100.0,GOOD
Japan_001146.jpg,"3,3",0.81,0.21,99.76,GOOD
Japan_001148.jpg,2,0.957,17.27,76.87,MODERATE
Japan_001149.jpg,None,0.0,0.0,100.0,GOOD
Japan_001165.jpg,None,0.0,0.0,100.0,GOOD
Japan_001166.jpg,"2,4",0.825,17.31,80.0,MODERATE
Japan_001169.jpg,None,0.0,0.0,100.0,GOOD
Japan_001174.jpg,None,0.0,0.0,100.0,GOOD
Japan_001182.jpg,"2,2",0.934,15.78,79.37,MODERATE
Japan_001184.jpg,None,0.0,0.0,100.0,GOOD
Japan_001191.jpg,None,0.0,0.0,100.0,GOOD
Japan_001193.jpg,None,0.0,0.0,100.0,GOOD
Japan_001196.jpg,None,0.0,0.0,100.0,GOOD
Japan_001199.jpg,None,0.0,0.0,100.0,GOOD
Japan_001204.jpg,2,0.938,9.68,87.28,GOOD
Japan_001205.jpg,3,0.8,0.36,99.6,GOOD
Japan_001208.jpg,"2,2",0.987,10.31,85.74,GOOD
Japan_001212.jpg,None,0.0,0.0,100.0,GOOD
Japan_001221.jpg,None,0.0,0.0,100.0,GOOD
Japan_001222.jpg,None,0.0,0.0,100.0,GOOD
Japan_001239.jpg,None,0.0,0.0,100.0,GOOD
Japan_001243.jpg,None,0.0,0.0,100.0,GOOD
Japan_001248.jpg,None,0.0,0.0,100.0,GOOD
Japan_001266.jpg,None,0.0,0.0,100.0,GOOD
Japan_001282.jpg,3,0.622,10.23,91.1,GOOD
Japan_001301.jpg,"2,2,2",0.999,18.21,74.54,MODERATE
Japan_001303.jpg,"2,2,2,2,3,2",0.995,19.11,73.38,MODERATE
Japan_001306.jpg,None,0.0,0.0,100.0,GOOD
Japan_001308.jpg,None,0.0,0.0,100.0,GOOD
Japan_001311.jpg,"3,3",0.825,0.36,99.58,GOOD
Japan_001315.jpg,2,0.607,15.9,86.49,GOOD
Japan_001320.jpg,None,0.0,0.0,100.0,GOOD
Japan_001322.jpg,None,0.0,0.0,100.0,GOOD
Japan_001323.jpg,2,0.795,18.68,79.19,MODERATE
Japan_001325.jpg,2,0.796,19.54,78.24,MODERATE
Japan_001326.jpg,"2,2,2,2",0.971,20.28,72.43,MODERATE
Japan_001332.jpg,None,0.0,0.0,100.0,GOOD
Japan_001334.jpg,None,0.0,0.0,100.0,GOOD
Japan_001338.jpg,"2,2,2",0.806,18.92,78.63,MODERATE
Japan_001347.jpg,None,0.0,0.0,100.0,GOOD
Japan_001349.jpg,None,0.0,0.0,100.0,GOOD
Japan_001372.jpg,2,0.966,15.06,79.64,MODERATE
Japan_001373.jpg,None,0.0,0.0,100.0,GOOD
Japan_001374.jpg,"1,1,2,1",0.766,2.02,97.84,GOOD
Japan_001378.jpg,None,0.0,0.0,100.0,GOOD
Japan_001407.jpg,None,0.0,0.0,100.0,GOOD
Japan_001409.jpg,None,0.0,0.0,100.0,GOOD
Japan_001420.jpg,None,0.0,0.0,100.0,GOOD
Japan_001428.jpg,None,0.0,0.0,100.0,GOOD
Japan_001436.jpg,None,0.0,0.0,100.0,GOOD
Japan_001437.jpg,None,0.0,0.0,100.0,GOOD
Japan_001444.jpg,"2,3",0.873,21.27,74.0,MODERATE
Japan_001449.jpg,None,0.0,0.0,100.0,GOOD
Japan_001455.jpg,None,0.0,0.0,100.0,GOOD
Japan_001456.jpg,"2,2",0.903,22.46,71.6,MODERATE
Japan_001457.jpg,None,0.0,0.0,100.0,GOOD
Japan_001463.jpg,None,0.0,0.0,100.0,GOOD
Japan_001467.jpg,None,0.0,0.0,100.0,GOOD
Japan_001468.jpg,"2,2,2,3,2,2,2,2,2",0.967,18.71,74.67,MODERATE
Japan_001472.jpg,0,0.712,5.28,94.73,GOOD
Japan_001473.jpg,None,0.0,0.0,100.0,GOOD
Japan_001479.jpg,None,0.0,0.0,100.0,GOOD
Japan_001483.jpg,None,0.0,0.0,100.0,GOOD
Japan_001487.jpg,None,0.0,0.0,100.0,GOOD
Japan_001489.jpg,None,0.0,0.0,100.0,GOOD
Japan_001493.jpg,None,0.0,0.0,100.0,GOOD
Japan_001498.jpg,None,0.0,0.0,100.0,GOOD
Japan_001506.jpg,2,0.649,20.93,80.99,GOOD
Japan_001508.jpg,3,0.719,0.64,99.36,GOOD
Japan_001513.jpg,None,0.0,0.0,100.0,GOOD
Japan_001516.jpg,None,0.0,0.0,100.0,GOOD
Japan_001519.jpg,None,0.0,0.0,100.0,GOOD
Japan_001521.jpg,None,0.0,0.0,100.0,GOOD
Japan_001523.jpg,None,0.0,0.0,100.0,GOOD
Japan_001526.jpg,None,0.0,0.0,100.0,GOOD
Japan_001527.jpg,None,0.0,0.0,100.0,GOOD
Japan_001528.jpg,3,0.913,0.76,99.03,GOOD
Japan_001533.jpg,None,0.0,0.0,100.0,GOOD
Japan_001546.jpg,"2,2,2,2,2,2,2",0.916,17.83,77.14,MODERATE
Japan_001547.jpg,None,0.0,0.0,100.0,GOOD
Japan_001548.jpg,None,0.0,0.0,100.0,GOOD
Japan_001549.jpg,None,0.0,0.0,100.0,GOOD
Japan_001552.jpg,"2,2,2,2,2",0.968,11.68,84.18,GOOD
Japan_001557.jpg,None,0.0,0.0,100.0,GOOD
Japan_001561.jpg,None,0.0,0.0,100.0,GOOD
Japan_001562.jpg,"2,2,2,2,2,2,2",0.988,21.15,70.76,MODERATE
Japan_001569.jpg,None,0.0,0.0,100.0,GOOD
Japan_001574.jpg,None,0.0,0.0,100.0,GOOD
Japan_001581.jpg,None,0.0,0.0,100.0,GOOD
Japan_001586.jpg,"1,1,1,1",0.819,2.23,97.44,GOOD
Japan_001595.jpg,3,0.706,0.37,99.63,GOOD
Japan_001606.jpg,None,0.0,0.0,100.0,GOOD
Japan_001620.jpg,None,0.0,0.0,100.0,GOOD
Japan_001635.jpg,None,0.0,0.0,100.0,GOOD
Japan_001637.jpg,None,0.0,0.0,100.0,GOOD
Japan_001644.jpg,None,0.0,0.0,100.0,GOOD
Japan_001647.jpg,"2,2,2,2,2,2,2,2,2,2,2",0.999,19.89,72.19,MODERATE
Japan_001651.jpg,3,0.783,8.22,90.99,GOOD
Japan_001652.jpg,None,0.0,0.0,100.0,GOOD
Japan_001659.jpg,"2,2,3,2",0.971,18.44,74.93,MODERATE
Japan_001665.jpg,None,0.0,0.0,100.0,GOOD
Japan_001669.jpg,None,0.0,0.0,100.0,GOOD
Japan_001678.jpg,"2,2,2,2,2,2,2,2",0.997,19.75,72.44,MODERATE
Japan_001682.jpg,None,0.0,0.0,100.0,GOOD
Japan_001690.jpg,None,0.0,0.0,100.0,GOOD
Japan_001695.jpg,None,0.0,0.0,100.0,GOOD
Japan_001696.jpg,"2,2",0.909,18.51,76.45,MODERATE
Japan_001706.jpg,None,0.0,0.0,100.0,GOOD
Japan_001707.jpg,None,0.0,0.0,100.0,GOOD
Japan_001713.jpg,3,0.671,14.63,86.26,GOOD
Japan_001717.jpg,None,0.0,0.0,100.0,GOOD
Japan_001725.jpg,None,0.0,0.0,100.0,GOOD
Japan_001738.jpg,None,0.0,0.0,100.0,GOOD
Japan_001760.jpg,2,0.617,20.54,82.26,GOOD
Japan_001761.jpg,"3,2,2",0.737,0.08,99.92,GOOD
Japan_001763.jpg,"2,2,2",0.992,18.16,74.78,MODERATE
Japan_001771.jpg,None,0.0,0.0,100.0,GOOD
Japan_001776.jpg,None,0.0,0.0,100.0,GOOD
Japan_001779.jpg,"2,2,2,2,2",0.999,14.11,80.27,GOOD
Japan_001781.jpg,None,0.0,0.0,100.0,GOOD
Japan_001783.jpg,"2,2",0.882,14.1,82.59,GOOD
Japan_001786.jpg,None,0.0,0.0,100.0,GOOD
Japan_001791.jpg,None,0.0,0.0,100.0,GOOD
Japan_001796.jpg,None,0.0,0.0,100.0,GOOD
Japan_001810.jpg,2,0.992,16.08,77.68,MODERATE
Japan_001812.jpg,None,0.0,0.0,100.0,GOOD
Japan_001815.jpg,None,0.0,0.0,100.0,GOOD
Japan_001821.jpg,None,0.0,0.0,100.0,GOOD
Japan_001825.jpg,None,0.0,0.0,100.0,GOOD
Japan_001833.jpg,None,0.0,0.0,100.0,GOOD
Japan_001834.jpg,None,0.0,0.0,100.0,GOOD
Japan_001847.jpg,None,0.0,0.0,100.0,GOOD
Japan_001858.jpg,"2,1",0.929,21.0,72.7,MODERATE
Japan_001875.jpg,None,0.0,0.0,100.0,GOOD
Japan_001876.jpg,None,0.0,0.0,100.0,GOOD
Japan_001888.jpg,"3,2,3",0.816,0.22,99.75,GOOD
Japan_001889.jpg,None,0.0,0.0,100.0,GOOD
Japan_001892.jpg,"2,2",0.853,14.83,82.28,GOOD
Japan_001899.jpg,"2,2,2,2",0.863,18.48,77.67,MODERATE
Japan_001912.jpg,None,0.0,0.0,100.0,GOOD
Japan_001914.jpg,None,0.0,0.0,100.0,GOOD
Japan_001916.jpg,"2,2,2,2,2,2,2,2,2,2,2,2,2,2,2,2,2,2",0.989,19.98,72.33,MODERATE
Japan_001917.jpg,None,0.0,0.0,100.0,GOOD
Japan_001922.jpg,2,0.982,18.0,75.26,MODERATE
Japan_001944.jpg,"2,2",0.925,9.55,87.63,GOOD
Japan_001961.jpg,"2,2",0.856,11.26,86.51,GOOD
Japan_001969.jpg,None,0.0,0.0,100.0,GOOD
Japan_001982.jpg,"2,2,2,2,2,2,2,2",0.999,13.61,80.96,GOOD
Japan_001983.jpg,"2,2,2",0.903,11.2,85.84,GOOD
Japan_001984.jpg,None,0.0,0.0,100.0,GOOD
Japan_001985.jpg,None,0.0,0.0,100.0,GOOD
Japan_001989.jpg,None,0.0,0.0,100.0,GOOD
Japan_001991.jpg,"3,3",0.893,0.83,98.96,GOOD
Japan_001999.jpg,None,0.0,0.0,100.0,GOOD
Japan_002004.jpg,None,0.0,0.0,100.0,GOOD
Japan_002008.jpg,3,0.607,0.22,99.82,GOOD
Japan_002009.jpg,"2,2,2",0.958,20.48,72.54,MODERATE
Japan_002010.jpg,1,0.683,1.92,98.16,GOOD
Japan_002023.jpg,3,0.618,12.26,89.39,GOOD
Japan_002025.jpg,"2,2,2,2,2,2,2,2,2",0.963,23.48,68.35,MODERATE
Japan_002029.jpg,"3,1,3",0.89,0.22,99.72,GOOD
Japan_002037.jpg,None,0.0,0.0,100.0,GOOD
Japan_002038.jpg,2,0.951,21.24,71.73,MODERATE
Japan_002039.jpg,None,0.0,0.0,100.0,GOOD
Japan_002041.jpg,"2,2",0.791,16.65,81.57,GOOD
Japan_002051.jpg,1,0.624,1.82,98.41,GOOD
Japan_002053.jpg,None,0.0,0.0,100.0,GOOD
Japan_002069.jpg,"2,3,3,2",0.994,12.04,83.24,GOOD
Japan_002071.jpg,3,0.719,0.19,99.81,GOOD
Japan_002085.jpg,None,0.0,0.0,100.0,GOOD
Japan_002087.jpg,"2,2,2",0.998,16.49,76.97,MODERATE
Japan_002097.jpg,None,0.0,0.0,100.0,GOOD
Japan_002100.jpg,None,0.0,0.0,100.0,GOOD
Japan_002101.jpg,None,0.0,0.0,100.0,GOOD
Japan_002106.jpg,None,0.0,0.0,100.0,GOOD
Japan_002124.jpg,3,0.816,0.52,99.4,GOOD
Japan_002152.jpg,"2,2,2,2,2,2,2,2,2",0.99,22.83,68.35,MODERATE
Japan_002154.jpg,None,0.0,0.0,100.0,GOOD
Japan_002155.jpg,"2,2",0.843,10.5,87.61,GOOD
Japan_002158.jpg,None,0.0,0.0,100.0,GOOD
Japan_002164.jpg,None,0.0,0.0,100.0,GOOD
Japan_002166.jpg,None,0.0,0.0,100.0,GOOD
Japan_002172.jpg,"2,2,2,2",0.993,21.29,70.42,MODERATE
Japan_002183.jpg,None,0.0,0.0,100.0,GOOD
Japan_002187.jpg,None,0.0,0.0,100.0,GOOD
Japan_002191.jpg,None,0.0,0.0,100.0,GOOD
Japan_002202.jpg,None,0.0,0.0,100.0,GOOD
Japan_002208.jpg,None,0.0,0.0,100.0,GOOD
Japan_002211.jpg,"2,2,2,2,2,2,2,2",0.918,14.42,81.48,GOOD
Japan_002214.jpg,None,0.0,0.0,100.0,GOOD
Japan_002237.jpg,2,0.609,14.62,87.54,GOOD
Japan_002239.jpg,"2,2,2,2,2,2,2,2,2,2,2",0.997,19.06,73.39,MODERATE
Japan_002252.jpg,None,0.0,0.0,100.0,GOOD
Japan_002257.jpg,None,0.0,0.0,100.0,GOOD
Japan_002259.jpg,"2,2,2,2,2,2,2,2,2",0.99,12.92,82.1,GOOD
Japan_002265.jpg,None,0.0,0.0,100.0,GOOD
Japan_002273.jpg,None,0.0,0.0,100.0,GOOD
Japan_002276.jpg,None,0.0,0.0,100.0,GOOD
Japan_002281.jpg,None,0.0,0.0,100.0,GOOD
Japan_002283.jpg,None,0.0,0.0,100.0,GOOD
Japan_002284.jpg,None,0.0,0.0,100.0,GOOD
Japan_002286.jpg,None,0.0,0.0,100.0,GOOD
Japan_002294.jpg,3,0.683,0.21,99.8,GOOD
Japan_002299.jpg,None,0.0,0.0,100.0,GOOD
Japan_002301.jpg,None,0.0,0.0,100.0,GOOD
Japan_002306.jpg,None,0.0,0.0,100.0,GOOD
Japan_002309.jpg,None,0.0,0.0,100.0,GOOD
Japan_002310.jpg,None,0.0,0.0,100.0,GOOD
Japan_002311.jpg,"2,2,2,2",0.924,14.7,80.98,GOOD
Japan_002314.jpg,None,0.0,0.0,100.0,GOOD
Japan_002317.jpg,None,0.0,0.0,100.0,GOOD
Japan_002323.jpg,None,0.0,0.0,100.0,GOOD
Japan_002328.jpg,3,0.786,8.41,90.75,GOOD
Japan_002334.jpg,2,0.774,15.27,83.46,GOOD
Japan_002335.jpg,None,0.0,0.0,100.0,GOOD
Japan_002338.jpg,None,0.0,0.0,100.0,GOOD
Japan_002344.jpg,None,0.0,0.0,100.0,GOOD
Japan_002346.jpg,None,0.0,0.0,100.0,GOOD
Japan_002347.jpg,None,0.0,0.0,100.0,GOOD
Japan_002358.jpg,"2,2,2,2,2,2,2",0.966,18.49,75.0,MODERATE
Japan_002363.jpg,"2,2,2",0.986,15.04,79.22,MODERATE
Japan_002373.jpg,None,0.0,0.0,100.0,GOOD
Japan_002377.jpg,2,0.616,8.88,92.34,GOOD
Japan_002379.jpg,None,0.0,0.0,100.0,GOOD
Japan_002381.jpg,None,0.0,0.0,100.0,GOOD
Japan_002384.jpg,2,0.854,17.85,78.65,MODERATE
Japan_002387.jpg,None,0.0,0.0,100.0,GOOD
Japan_002390.jpg,"2,2,3,2,2,2,2",0.835,19.19,77.56,MODERATE
Japan_002392.jpg,3,0.727,0.42,99.57,GOOD
Japan_002393.jpg,"2,2,2,2",0.936,15.56,79.6,MODERATE
Japan_002414.jpg,None,0.0,0.0,100.0,GOOD
Japan_002417.jpg,None,0.0,0.0,100.0,GOOD
Japan_002424.jpg,3,0.781,0.2,99.79,GOOD
Japan_002425.jpg,None,0.0,0.0,100.0,GOOD
Japan_002433.jpg,None,0.0,0.0,100.0,GOOD
Japan_002434.jpg,"2,2,2,2,2,2,2,2",0.998,18.84,73.67,MODERATE
Japan_002436.jpg,None,0.0,0.0,100.0,GOOD
Japan_002440.jpg,None,0.0,0.0,100.0,GOOD
Japan_002443.jpg,None,0.0,0.0,100.0,GOOD
Japan_002453.jpg,2,0.913,14.04,82.06,GOOD
Japan_002464.jpg,"2,2,2,2,2",0.985,19.28,73.41,MODERATE
Japan_002465.jpg,None,0.0,0.0,100.0,GOOD
Japan_002466.jpg,1,0.753,2.07,97.82,GOOD
Japan_002467.jpg,3,0.665,16.14,84.98,GOOD
Japan_002474.jpg,None,0.0,0.0,100.0,GOOD
Japan_002479.jpg,"2,2,2,2",0.988,19.66,72.8,MODERATE
Japan_002487.jpg,None,0.0,0.0,100.0,GOOD
Japan_002491.jpg,None,0.0,0.0,100.0,GOOD
Japan_002497.jpg,"1,1,1,2,1",0.839,2.32,97.27,GOOD
Japan_002498.jpg,"2,2,2,2",0.971,21.85,70.32,MODERATE
Japan_002502.jpg,None,0.0,0.0,100.0,GOOD
Japan_002504.jpg,None,0.0,0.0,100.0,GOOD
Japan_002508.jpg,None,0.0,0.0,100.0,GOOD
Japan_002517.jpg,3,0.628,13.27,88.33,GOOD
Japan_002518.jpg,None,0.0,0.0,100.0,GOOD
Japan_002521.jpg,3,0.956,0.52,99.3,GOOD
Japan_002528.jpg,None,0.0,0.0,100.0,GOOD
Japan_002537.jpg,None,0.0,0.0,100.0,GOOD
Japan_002538.jpg,None,0.0,0.0,100.0,GOOD
Japan_002542.jpg,None,0.0,0.0,100.0,GOOD
Japan_002550.jpg,None,0.0,0.0,100.0,GOOD
Japan_002565.jpg,"1,1",0.688,1.94,98.13,GOOD
Japan_002567.jpg,None,0.0,0.0,100.0,GOOD
Japan_002570.jpg,2,0.744,20.57,78.59,MODERATE
Japan_002574.jpg,None,0.0,0.0,100.0,GOOD
Japan_002581.jpg,"3,3",0.83,0.37,99.57,GOOD
Japan_002584.jpg,None,0.0,0.0,100.0,GOOD
Japan_002592.jpg,None,0.0,0.0,100.0,GOOD
Japan_002593.jpg,"2,2,2,2",0.969,17.36,76.45,MODERATE
Japan_002598.jpg,"2,2",0.737,20.04,79.33,MODERATE
Japan_002604.jpg,None,0.0,0.0,100.0,GOOD
Japan_002616.jpg,"2,2,2,2",0.993,15.28,78.77,MODERATE
Japan_002627.jpg,None,0.0,0.0,100.0,GOOD
Japan_002634.jpg,"2,2,2,2,2",0.979,19.97,72.64,MODERATE
Japan_002638.jpg,None,0.0,0.0,100.0,GOOD
Japan_002647.jpg,None,0.0,0.0,100.0,GOOD
Japan_002655.jpg,None,0.0,0.0,100.0,GOOD
Japan_002678.jpg,3,0.759,0.74,99.21,GOOD
Japan_002680.jpg,None,0.0,0.0,100.0,GOOD
Japan_002685.jpg,None,0.0,0.0,100.0,GOOD
Japan_002689.jpg,"3,3",0.676,0.36,99.66,GOOD
Japan_002690.jpg,3,0.863,0.35,99.58,GOOD
Japan_002695.jpg,None,0.0,0.0,100.0,GOOD
Japan_002700.jpg,"2,2",0.881,20.22,75.05,MODERATE
Japan_002710.jpg,3,0.646,0.73,99.34,GOOD
Japan_002712.jpg,"2,3",0.985,18.7,74.22,MODERATE
Japan_002718.jpg,None,0.0,0.0,100.0,GOOD
Japan_002732.jpg,None,0.0,0.0,100.0,GOOD
Japan_002733.jpg,"2,2,2,2,2",0.995,13.87,80.69,GOOD
Japan_002736.jpg,None,0.0,0.0,100.0,GOOD
Japan_002742.jpg,None,0.0,0.0,100.0,GOOD
Japan_002753.jpg,None,0.0,0.0,100.0,GOOD
Japan_002760.jpg,None,0.0,0.0,100.0,GOOD
Japan_002761.jpg,"2,2",0.937,18.16,76.19,MODERATE
Japan_002766.jpg,None,0.0,0.0,100.0,GOOD
Japan_002769.jpg,2,0.658,14.54,86.61,GOOD
Japan_002789.jpg,None,0.0,0.0,100.0,GOOD
Japan_002792.jpg,None,0.0,0.0,100.0,GOOD
Japan_002811.jpg,None,0.0,0.0,100.0,GOOD
Japan_002818.jpg,None,0.0,0.0,100.0,GOOD
Japan_002822.jpg,None,0.0,0.0,100.0,GOOD
Japan_002831.jpg,None,0.0,0.0,100.0,GOOD
Japan_002832.jpg,None,0.0,0.0,100.0,GOOD
Japan_002838.jpg,"2,2,2,2,2,2",0.969,19.18,73.96,MODERATE
Japan_002844.jpg,None,0.0,0.0,100.0,GOOD
Japan_002850.jpg,None,0.0,0.0,100.0,GOOD
Japan_002855.jpg,None,0.0,0.0,100.0,GOOD
Japan_002857.jpg,None,0.0,0.0,100.0,GOOD
Japan_002862.jpg,None,0.0,0.0,100.0,GOOD
Japan_002863.jpg,None,0.0,0.0,100.0,GOOD
Japan_002865.jpg,2,0.979,12.59,82.74,GOOD
Japan_002867.jpg,"2,2,2",0.925,13.59,82.4,GOOD
Japan_002871.jpg,"2,2",0.776,13.4,85.44,GOOD
Japan_002873.jpg,None,0.0,0.0,100.0,GOOD
Japan_002874.jpg,None,0.0,0.0,100.0,GOOD
Japan_002876.jpg,None,0.0,0.0,100.0,GOOD
Japan_002884.jpg,None,0.0,0.0,100.0,GOOD
Japan_002887.jpg,None,0.0,0.0,100.0,GOOD
Japan_002912.jpg,None,0.0,0.0,100.0,GOOD
Japan_002913.jpg,None,0.0,0.0,100.0,GOOD
Japan_002916.jpg,2,0.939,19.86,73.9,MODERATE
Japan_002920.jpg,None,0.0,0.0,100.0,GOOD
Japan_002924.jpg,3,0.853,0.44,99.47,GOOD
Japan_002926.jpg,"2,2,2",0.961,11.63,84.35,GOOD
Japan_002929.jpg,None,0.0,0.0,100.0,GOOD
Japan_002931.jpg,None,0.0,0.0,100.0,GOOD
Japan_002934.jpg,1,0.617,2.96,97.44,GOOD
Japan_002938.jpg,None,0.0,0.0,100.0,GOOD
Japan_002941.jpg,None,0.0,0.0,100.0,GOOD
Japan_002943.jpg,"2,2,2,2,2,2,2,2,2,2,2",0.99,14.51,79.9,MODERATE
Japan_002953.jpg,None,0.0,0.0,100.0,GOOD
Japan_002968.jpg,None,0.0,0.0,100.0,GOOD
Japan_002986.jpg,2,0.875,17.7,78.32,MODERATE
Japan_002987.jpg,None,0.0,0.0,100.0,GOOD
Japan_002988.jpg,None,0.0,0.0,100.0,GOOD
Japan_002989.jpg,None,0.0,0.0,100.0,GOOD
Japan_002998.jpg,None,0.0,0.0,100.0,GOOD
Japan_003001.jpg,None,0.0,0.0,100.0,GOOD
Japan_003003.jpg,"2,2,2",0.996,18.91,73.62,MODERATE
Japan_003009.jpg,None,0.0,0.0,100.0,GOOD
Japan_003013.jpg,None,0.0,0.0,100.0,GOOD
Japan_003018.jpg,None,0.0,0.0,100.0,GOOD
Japan_003031.jpg,None,0.0,0.0,100.0,GOOD
Japan_003040.jpg,None,0.0,0.0,100.0,GOOD
Japan_003049.jpg,None,0.0,0.0,100.0,GOOD
Japan_003052.jpg,None,0.0,0.0,100.0,GOOD
Japan_003056.jpg,None,0.0,0.0,100.0,GOOD
Japan_003060.jpg,"2,2",0.92,21.14,72.77,MODERATE
Japan_003061.jpg,0,0.64,1.55,98.62,GOOD
Japan_003064.jpg,None,0.0,0.0,100.0,GOOD
Japan_003065.jpg,None,0.0,0.0,100.0,GOOD
Japan_003067.jpg,None,0.0,0.0,100.0,GOOD
Japan_003068.jpg,None,0.0,0.0,100.0,GOOD
Japan_003071.jpg,4,0.672,0.99,99.07,GOOD
Japan_003076.jpg,"2,2,2,2,2,2,2,2,2,2,2,2,2,2,2,2,2,2,2,2,2,2,2,2,2,2,2,2,2,2,2,2,2",1.0,22.18,68.95,MODERATE
Japan_003077.jpg,None,0.0,0.0,100.0,GOOD
Japan_003080.jpg,None,0.0,0.0,100.0,GOOD
Japan_003090.jpg,None,0.0,0.0,100.0,GOOD
Japan_003093.jpg,None,0.0,0.0,100.0,GOOD
Japan_003095.jpg,None,0.0,0.0,100.0,GOOD
Japan_003098.jpg,None,0.0,0.0,100.0,GOOD
Japan_003106.jpg,2,0.615,13.37,88.49,GOOD
Japan_003107.jpg,None,0.0,0.0,100.0,GOOD
Japan_003111.jpg,"2,2,2",0.93,17.85,76.76,MODERATE
Japan_003128.jpg,None,0.0,0.0,100.0,GOOD
Japan_003131.jpg,3,0.656,1.11,98.98,GOOD
Japan_003138.jpg,None,0.0,0.0,100.0,GOOD
Japan_003139.jpg,None,0.0,0.0,100.0,GOOD
Japan_003144.jpg,"2,2,2",0.974,20.02,72.71,MODERATE
Japan_003145.jpg,None,0.0,0.0,100.0,GOOD
Japan_003146.jpg,None,0.0,0.0,100.0,GOOD
Japan_003151.jpg,None,0.0,0.0,100.0,GOOD
Japan_003178.jpg,"2,2",0.85,21.09,74.9,MODERATE
Japan_003183.jpg,None,0.0,0.0,100.0,GOOD
Japan_003187.jpg,None,0.0,0.0,100.0,GOOD
Japan_003196.jpg,0,0.662,3.14,97.09,GOOD
Japan_003198.jpg,None,0.0,0.0,100.0,GOOD
Japan_003199.jpg,"2,2,2",0.973,19.86,72.95,MODERATE
Japan_003204.jpg,2,0.882,11.84,85.39,GOOD
Japan_003205.jpg,None,0.0,0.0,100.0,GOOD
Japan_003215.jpg,None,0.0,0.0,100.0,GOOD
Japan_003236.jpg,"2,2",0.917,8.42,89.19,GOOD
Japan_003240.jpg,"3,3",0.935,0.26,99.67,GOOD
Japan_003252.jpg,None,0.0,0.0,100.0,GOOD
Japan_003259.jpg,None,0.0,0.0,100.0,GOOD
Japan_003269.jpg,"2,2,2,2",0.999,20.91,70.76,MODERATE
Japan_003286.jpg,None,0.0,0.0,100.0,GOOD
Japan_003293.jpg,"1,1",0.784,4.09,95.51,GOOD
Japan_003296.jpg,None,0.0,0.0,100.0,GOOD
Japan_003302.jpg,None,0.0,0.0,100.0,GOOD
Japan_003304.jpg,None,0.0,0.0,100.0,GOOD
Japan_003307.jpg,"2,2",0.962,21.82,70.63,MODERATE
Japan_003315.jpg,2,0.734,21.37,78.05,MODERATE
Japan_003323.jpg,2,0.781,17.7,80.65,GOOD
Japan_003328.jpg,None,0.0,0.0,100.0,GOOD
Japan_003333.jpg,None,0.0,0.0,100.0,GOOD
Japan_003346.jpg,"2,3",0.747,17.71,81.48,GOOD
Japan_003350.jpg,2,0.775,20.36,77.9,MODERATE
Japan_003352.jpg,None,0.0,0.0,100.0,GOOD
Japan_003359.jpg,None,0.0,0.0,100.0,GOOD
Japan_003361.jpg,None,0.0,0.0,100.0,GOOD
Japan_003367.jpg,None,0.0,0.0,100.0,GOOD
Japan_003372.jpg,None,0.0,0.0,100.0,GOOD
Japan_003379.jpg,None,0.0,0.0,100.0,GOOD
Japan_003387.jpg,None,0.0,0.0,100.0,GOOD
Japan_003392.jpg,"2,2,2,3",0.988,17.42,75.91,MODERATE
Japan_003396.jpg,None,0.0,0.0,100.0,GOOD
Japan_003402.jpg,None,0.0,0.0,100.0,GOOD
Japan_003404.jpg,None,0.0,0.0,100.0,GOOD
Japan_003405.jpg,None,0.0,0.0,100.0,GOOD
Japan_003411.jpg,None,0.0,0.0,100.0,GOOD
Japan_003416.jpg,None,0.0,0.0,100.0,GOOD
Japan_003422.jpg,1,0.615,5.19,95.53,GOOD
Japan_003439.jpg,"2,2,2,2,2,2,2,2",0.986,13.16,81.84,GOOD
Japan_003445.jpg,"2,2,2",0.964,22.54,69.58,MODERATE
Japan_003451.jpg,None,0.0,0.0,100.0,GOOD
Japan_003456.jpg,None,0.0,0.0,100.0,GOOD
Japan_003458.jpg,None,0.0,0.0,100.0,GOOD
Japan_003470.jpg,"2,2",0.946,11.64,84.59,GOOD
Japan_003480.jpg,None,0.0,0.0,100.0,GOOD
Japan_003484.jpg,None,0.0,0.0,100.0,GOOD
Japan_003486.jpg,None,0.0,0.0,100.0,GOOD
Japan_003490.jpg,"2,2,2",0.993,19.74,72.57,MODERATE
Japan_003494.jpg,None,0.0,0.0,100.0,GOOD
Japan_003496.jpg,None,0.0,0.0,100.0,GOOD
Japan_003497.jpg,"2,2,2,2,2,2,2",0.969,20.5,72.2,MODERATE
Japan_003506.jpg,None,0.0,0.0,100.0,GOOD
Japan_003509.jpg,3,0.898,0.43,99.45,GOOD
Japan_003523.jpg,"2,2,2,2,2,2,2,2,2",0.979,16.34,77.6,MODERATE
Japan_003525.jpg,"2,2,2",0.907,13.0,83.49,GOOD
Japan_003529.jpg,"2,2,2",0.957,11.1,85.13,GOOD
Japan_003536.jpg,None,0.0,0.0,100.0,GOOD
Japan_003544.jpg,None,0.0,0.0,100.0,GOOD
Japan_003547.jpg,None,0.0,0.0,100.0,GOOD
Japan_003548.jpg,None,0.0,0.0,100.0,GOOD
Japan_003575.jpg,"2,2,2,2,2,2,2,2,2,2",0.996,21.23,70.39,MODERATE
Japan_003583.jpg,None,0.0,0.0,100.0,GOOD
Japan_003600.jpg,None,0.0,0.0,100.0,GOOD
Japan_003606.jpg,None,0.0,0.0,100.0,GOOD
Japan_003608.jpg,3,0.841,0.68,99.2,GOOD
Japan_003620.jpg,3,0.662,1.16,98.92,GOOD
Japan_003643.jpg,2,0.962,15.99,78.47,MODERATE
Japan_003644.jpg,None,0.0,0.0,100.0,GOOD
Japan_003650.jpg,None,0.0,0.0,100.0,GOOD
Japan_003653.jpg,None,0.0,0.0,100.0,GOOD
Japan_003659.jpg,None,0.0,0.0,100.0,GOOD
Japan_003667.jpg,None,0.0,0.0,100.0,GOOD
Japan_003671.jpg,None,0.0,0.0,100.0,GOOD
Japan_003674.jpg,3,0.695,17.6,82.89,GOOD
Japan_003675.jpg,None,0.0,0.0,100.0,GOOD
Japan_003686.jpg,None,0.0,0.0,100.0,GOOD
Japan_003688.jpg,None,0.0,0.0,100.0,GOOD
Japan_003689.jpg,"1,1,1,1",0.856,3.08,96.31,GOOD
Japan_003694.jpg,None,0.0,0.0,100.0,GOOD
Japan_003697.jpg,None,0.0,0.0,100.0,GOOD
Japan_003702.jpg,3,0.85,0.4,99.53,GOOD
Japan_003711.jpg,None,0.0,0.0,100.0,GOOD
Japan_003713.jpg,None,0.0,0.0,100.0,GOOD
Japan_003714.jpg,"2,2,3",0.816,17.98,79.47,MODERATE
Japan_003716.jpg,2,0.834,14.71,82.82,GOOD
Japan_003718.jpg,None,0.0,0.0,100.0,GOOD
Japan_003741.jpg,None,0.0,0.0,100.0,GOOD
Japan_003745.jpg,None,0.0,0.0,100.0,GOOD
Japan_003750.jpg,1,0.605,1.87,98.42,GOOD
Japan_003754.jpg,None,0.0,0.0,100.0,GOOD
Japan_003761.jpg,None,0.0,0.0,100.0,GOOD
Japan_003777.jpg,None,0.0,0.0,100.0,GOOD
Japan_003778.jpg,None,0.0,0.0,100.0,GOOD
Japan_003779.jpg,None,0.0,0.0,100.0,GOOD
Japan_003782.jpg,None,0.0,0.0,100.0,GOOD
Japan_003789.jpg,None,0.0,0.0,100.0,GOOD
Japan_003802.jpg,"1,1",0.858,3.22,96.13,GOOD
Japan_003808.jpg,"2,2,2,2,2,2,2,2,2,2,2,2,2,2,2,2",0.995,15.77,78.04,MODERATE
Japan_003821.jpg,None,0.0,0.0,100.0,GOOD
Japan_003822.jpg,None,0.0,0.0,100.0,GOOD
Japan_003828.jpg,None,0.0,0.0,100.0,GOOD
Japan_003831.jpg,None,0.0,0.0,100.0,GOOD
Japan_003840.jpg,None,0.0,0.0,100.0,GOOD
Japan_003849.jpg,"2,2,2,2,2,2,2,2",1.0,20.2,71.74,MODERATE
Japan_003857.jpg,None,0.0,0.0,100.0,GOOD
Japan_003860.jpg,"2,2,2",0.996,14.47,79.82,MODERATE
Japan_003870.jpg,None,0.0,0.0,100.0,GOOD
Japan_003882.jpg,None,0.0,0.0,100.0,GOOD
Japan_003886.jpg,None,0.0,0.0,100.0,GOOD
Japan_003888.jpg,1,0.7,2.5,97.55,GOOD
Japan_003893.jpg,"2,2",0.777,11.07,87.95,GOOD
Japan_003896.jpg,None,0.0,0.0,100.0,GOOD
Japan_003901.jpg,None,0.0,0.0,100.0,GOOD
Japan_003905.jpg,"2,2,2,2,2,2,2,2,2,2,2,2,2,2,2,2,2,2,2,2,2,2",1.0,22.77,68.14,MODERATE
Japan_003919.jpg,"2,2,2,2,2,2,2,2,2,2,2,2,2,2,2,2",0.999,23.81,66.7,MODERATE
Japan_003922.jpg,None,0.0,0.0,100.0,GOOD
Japan_003924.jpg,None,0.0,0.0,100.0,GOOD
Japan_003926.jpg,None,0.0,0.0,100.0,GOOD
Japan_003930.jpg,2,0.946,18.33,75.71,MODERATE
Japan_003933.jpg,None,0.0,0.0,100.0,GOOD
Japan_003935.jpg,None,0.0,0.0,100.0,GOOD
Japan_003938.jpg,None,0.0,0.0,100.0,GOOD
Japan_003946.jpg,None,0.0,0.0,100.0,GOOD
Japan_003947.jpg,None,0.0,0.0,100.0,GOOD
Japan_003962.jpg,None,0.0,0.0,100.0,GOOD
Japan_003973.jpg,None,0.0,0.0,100.0,GOOD
Japan_003975.jpg,"2,2,2,2,2,2,2",0.982,21.76,70.08,MODERATE
Japan_003976.jpg,None,0.0,0.0,100.0,GOOD
Japan_003979.jpg,"2,2,2,2",0.979,18.75,74.31,MODERATE
Japan_003986.jpg,None,0.0,0.0,100.0,GOOD
Japan_003993.jpg,3,0.933,0.37,99.52,GOOD
Japan_003996.jpg,None,0.0,0.0,100.0,GOOD
Japan_004001.jpg,3,0.724,0.72,99.27,GOOD
Japan_004003.jpg,None,0.0,0.0,100.0,GOOD
Japan_004008.jpg,None,0.0,0.0,100.0,GOOD
Japan_004016.jpg,None,0.0,0.0,100.0,GOOD
Japan_004030.jpg,"3,3",0.84,12.87,84.85,GOOD
Japan_004040.jpg,None,0.0,0.0,100.0,GOOD
Japan_004044.jpg,None,0.0,0.0,100.0,GOOD
Japan_004052.jpg,None,0.0,0.0,100.0,GOOD
Japan_004058.jpg,None,0.0,0.0,100.0,GOOD
Japan_004066.jpg,"2,2,2,2,2,2",0.992,17.38,75.88,MODERATE
Japan_004072.jpg,2,0.629,22.21,80.45,GOOD
Japan_004075.jpg,None,0.0,0.0,100.0,GOOD
Japan_004078.jpg,None,0.0,0.0,100.0,GOOD
Japan_004079.jpg,"2,2",0.941,13.44,82.3,GOOD
Japan_004081.jpg,None,0.0,0.0,100.0,GOOD
Japan_004082.jpg,None,0.0,0.0,100.0,GOOD
Japan_004085.jpg,2,0.891,18.19,77.32,MODERATE
Japan_004098.jpg,None,0.0,0.0,100.0,GOOD
Japan_004101.jpg,"2,3,2",0.933,11.76,84.64,GOOD
Japan_004104.jpg,None,0.0,0.0,100.0,GOOD
Japan_004114.jpg,"3,2",0.854,0.36,99.57,GOOD
Japan_004121.jpg,None,0.0,0.0,100.0,GOOD
Japan_004133.jpg,None,0.0,0.0,100.0,GOOD
Japan_004134.jpg,3,0.615,0.15,99.87,GOOD
Japan_004139.jpg,None,0.0,0.0,100.0,GOOD
Japan_004144.jpg,None,0.0,0.0,100.0,GOOD
Japan_004155.jpg,"2,2,2,2,2,2,2,2",0.991,12.64,82.46,GOOD
Japan_004156.jpg,None,0.0,0.0,100.0,GOOD
Japan_004157.jpg,None,0.0,0.0,100.0,GOOD
Japan_004166.jpg,None,0.0,0.0,100.0,GOOD
Japan_004167.jpg,None,0.0,0.0,100.0,GOOD
Japan_004178.jpg,None,0.0,0.0,100.0,GOOD
Japan_004182.jpg,"3,3",0.707,0.27,99.73,GOOD
Japan_004185.jpg,"2,2,2,2,2,2",0.991,17.63,75.55,MODERATE
Japan_004190.jpg,"2,2",0.748,18.65,80.46,GOOD
Japan_004205.jpg,None,0.0,0.0,100.0,GOOD
Japan_004212.jpg,None,0.0,0.0,100.0,GOOD
Japan_004216.jpg,None,0.0,0.0,100.0,GOOD
Japan_004222.jpg,None,0.0,0.0,100.0,GOOD
Japan_004225.jpg,"2,2,2",0.991,20.78,71.18,MODERATE
Japan_004228.jpg,None,0.0,0.0,100.0,GOOD
Japan_004232.jpg,None,0.0,0.0,100.0,GOOD
Japan_004234.jpg,None,0.0,0.0,100.0,GOOD
Japan_004236.jpg,None,0.0,0.0,100.0,GOOD
Japan_004241.jpg,None,0.0,0.0,100.0,GOOD
Japan_004243.jpg,None,0.0,0.0,100.0,GOOD
Japan_004262.jpg,None,0.0,0.0,100.0,GOOD
Japan_004263.jpg,None,0.0,0.0,100.0,GOOD
Japan_004272.jpg,"2,2,2,2,2,2,2,2,2,2,2,2,2",0.999,20.94,70.7,MODERATE
Japan_004274.jpg,None,0.0,0.0,100.0,GOOD
Japan_004275.jpg,"2,2,2,2,2,2,3,2",0.966,9.43,87.25,GOOD
Japan_004282.jpg,None,0.0,0.0,100.0,GOOD
Japan_004284.jpg,3,0.701,0.85,99.16,GOOD
Japan_004285.jpg,None,0.0,0.0,100.0,GOOD
Japan_004289.jpg,"2,2,2,2,2,2,2,2,2,2,2,2,2,2",0.995,20.22,71.83,MODERATE
Japan_004294.jpg,None,0.0,0.0,100.0,GOOD
Japan_004296.jpg,None,0.0,0.0,100.0,GOOD
Japan_004297.jpg,None,0.0,0.0,100.0,GOOD
Japan_004299.jpg,None,0.0,0.0,100.0,GOOD
Japan_004302.jpg,"2,2,2,2,2",0.978,22.78,68.79,MODERATE
Japan_004304.jpg,2,0.825,19.6,77.36,MODERATE
Japan_004313.jpg,None,0.0,0.0,100.0,GOOD
Japan_004325.jpg,"2,2,2",0.951,12.48,83.39,GOOD
Japan_004335.jpg,2,0.841,20.59,75.76,MODERATE
Japan_004337.jpg,2,0.827,9.89,88.55,GOOD
Japan_004339.jpg,None,0.0,0.0,100.0,GOOD
Japan_004347.jpg,"2,2,2",0.987,23.56,67.44,MODERATE
Japan_004349.jpg,None,0.0,0.0,100.0,GOOD
Japan_004351.jpg,3,0.747,0.18,99.81,GOOD
Japan_004352.jpg,None,0.0,0.0,100.0,GOOD
Japan_004356.jpg,None,0.0,0.0,100.0,GOOD
Japan_004366.jpg,3,0.757,0.91,99.04,GOOD
Japan_004369.jpg,None,0.0,0.0,100.0,GOOD
Japan_004377.jpg,None,0.0,0.0,100.0,GOOD
Japan_004387.jpg,None,0.0,0.0,100.0,GOOD
Japan_004389.jpg,None,0.0,0.0,100.0,GOOD
Japan_004392.jpg,3,0.649,0.15,99.87,GOOD
Japan_004394.jpg,None,0.0,0.0,100.0,GOOD
Japan_004396.jpg,None,0.0,0.0,100.0,GOOD
Japan_004398.jpg,"2,2,2,2,2,2",0.977,16.86,76.93,MODERATE
Japan_004399.jpg,None,0.0,0.0,100.0,GOOD
Japan_004405.jpg,2,0.669,14.3,86.61,GOOD
Japan_004407.jpg,None,0.0,0.0,100.0,GOOD
Japan_004418.jpg,2,0.734,15.32,84.26,GOOD
Japan_004420.jpg,None,0.0,0.0,100.0,GOOD
Japan_004422.jpg,3,0.609,0.1,99.91,GOOD
Japan_004423.jpg,None,0.0,0.0,100.0,GOOD
Japan_004428.jpg,None,0.0,0.0,100.0,GOOD
Japan_004429.jpg,None,0.0,0.0,100.0,GOOD
Japan_004430.jpg,None,0.0,0.0,100.0,GOOD
Japan_004440.jpg,"2,2",0.665,10.45,90.27,GOOD
Japan_004448.jpg,"2,3",0.999,20.16,71.81,MODERATE
Japan_004449.jpg,"2,2",0.93,20.25,73.62,MODERATE
Japan_004466.jpg,None,0.0,0.0,100.0,GOOD
Japan_004467.jpg,None,0.0,0.0,100.0,GOOD
Japan_004477.jpg,None,0.0,0.0,100.0,GOOD
Japan_004495.jpg,3,0.778,0.25,99.73,GOOD
Japan_004504.jpg,None,0.0,0.0,100.0,GOOD
Japan_004513.jpg,None,0.0,0.0,100.0,GOOD
Japan_004516.jpg,None,0.0,0.0,100.0,GOOD
Japan_004520.jpg,None,0.0,0.0,100.0,GOOD
Japan_004526.jpg,None,0.0,0.0,100.0,GOOD
Japan_004530.jpg,None,0.0,0.0,100.0,GOOD
Japan_004544.jpg,None,0.0,0.0,100.0,GOOD
Japan_004554.jpg,3,0.825,0.45,99.48,GOOD
Japan_004555.jpg,3,0.962,0.34,99.54,GOOD
Japan_004562.jpg,None,0.0,0.0,100.0,GOOD
Japan_004567.jpg,None,0.0,0.0,100.0,GOOD
Japan_004569.jpg,"2,2,2,2,2,2,2,2,2,2,2,2,2,2,2,2,2,2,2,2,2,2,2,2,2,2",0.972,18.34,75.03,MODERATE
Japan_004570.jpg,None,0.0,0.0,100.0,GOOD
Japan_004587.jpg,2,0.605,14.83,87.45,GOOD
Japan_004595.jpg,None,0.0,0.0,100.0,GOOD
Japan_004601.jpg,None,0.0,0.0,100.0,GOOD
Japan_004602.jpg,None,0.0,0.0,100.0,GOOD
Japan_004606.jpg,3,0.889,0.31,99.61,GOOD
Japan_004607.jpg,None,0.0,0.0,100.0,GOOD
Japan_004611.jpg,None,0.0,0.0,100.0,GOOD
Japan_004612.jpg,None,0.0,0.0,100.0,GOOD
Japan_004619.jpg,None,0.0,0.0,100.0,GOOD
Japan_004621.jpg,"2,2,2,2,2",0.998,14.93,79.15,MODERATE
Japan_004624.jpg,None,0.0,0.0,100.0,GOOD
Japan_004627.jpg,"2,2,2",0.905,18.32,76.79,MODERATE
Japan_004631.jpg,"2,2",0.783,22.63,75.2,MODERATE
Japan_004640.jpg,None,0.0,0.0,100.0,GOOD
Japan_004648.jpg,None,0.0,0.0,100.0,GOOD
Japan_004655.jpg,None,0.0,0.0,100.0,GOOD
Japan_004657.jpg,None,0.0,0.0,100.0,GOOD
Japan_004660.jpg,2,0.887,17.73,77.99,MODERATE
Japan_004662.jpg,None,0.0,0.0,100.0,GOOD
Japan_004663.jpg,None,0.0,0.0,100.0,GOOD
Japan_004665.jpg,None,0.0,0.0,100.0,GOOD
Japan_004667.jpg,"2,2",0.947,19.37,74.31,MODERATE
Japan_004674.jpg,None,0.0,0.0,100.0,GOOD
Japan_004676.jpg,None,0.0,0.0,100.0,GOOD
Japan_004680.jpg,"3,1,1,1,1,1,3,1,1,1,1",0.96,0.29,99.61,GOOD
Japan_004683.jpg,"3,3",0.833,0.4,99.53,GOOD
Japan_004687.jpg,2,0.846,6.91,91.82,GOOD
Japan_004690.jpg,None,0.0,0.0,100.0,GOOD
Japan_004694.jpg,None,0.0,0.0,100.0,GOOD
Japan_004696.jpg,None,0.0,0.0,100.0,GOOD
Japan_004704.jpg,"2,2",0.792,14.51,83.91,GOOD
Japan_004706.jpg,"2,2",0.971,15.65,78.72,MODERATE
Japan_004708.jpg,2,0.706,21.12,79.11,MODERATE
Japan_004720.jpg,2,0.642,19.5,82.47,GOOD
Japan_004729.jpg,None,0.0,0.0,100.0,GOOD
Japan_004736.jpg,None,0.0,0.0,100.0,GOOD
Japan_004737.jpg,"3,3,3",0.836,0.47,99.45,GOOD
Japan_004739.jpg,None,0.0,0.0,100.0,GOOD
Japan_004744.jpg,None,0.0,0.0,100.0,GOOD
Japan_004749.jpg,None,0.0,0.0,100.0,GOOD
Japan_004750.jpg,"2,3",0.664,10.46,90.27,GOOD
Japan_004751.jpg,3,0.79,0.7,99.23,GOOD
Japan_004757.jpg,None,0.0,0.0,100.0,GOOD
Japan_004768.jpg,None,0.0,0.0,100.0,GOOD
Japan_004769.jpg,None,0.0,0.0,100.0,GOOD
Japan_004771.jpg,None,0.0,0.0,100.0,GOOD
Japan_004779.jpg,None,0.0,0.0,100.0,GOOD
Japan_004782.jpg,None,0.0,0.0,100.0,GOOD
Japan_004789.jpg,None,0.0,0.0,100.0,GOOD
Japan_004792.jpg,"2,3,2,1",0.984,18.8,74.11,MODERATE
Japan_004794.jpg,None,0.0,0.0,100.0,GOOD
Japan_004799.jpg,None,0.0,0.0,100.0,GOOD
Japan_004801.jpg,None,0.0,0.0,100.0,GOOD
Japan_004803.jpg,None,0.0,0.0,100.0,GOOD
Japan_004817.jpg,None,0.0,0.0,100.0,GOOD
Japan_004818.jpg,None,0.0,0.0,100.0,GOOD
Japan_004826.jpg,None,0.0,0.0,100.0,GOOD
Japan_004827.jpg,None,0.0,0.0,100.0,GOOD
Japan_004828.jpg,3,0.769,0.44,99.53,GOOD
Japan_004831.jpg,None,0.0,0.0,100.0,GOOD
Japan_004835.jpg,3,0.739,0.33,99.66,GOOD
Japan_004836.jpg,None,0.0,0.0,100.0,GOOD
Japan_004845.jpg,None,0.0,0.0,100.0,GOOD
Japan_004851.jpg,None,0.0,0.0,100.0,GOOD
Japan_004857.jpg,2,0.814,13.89,84.17,GOOD
Japan_004861.jpg,None,0.0,0.0,100.0,GOOD
Japan_004862.jpg,3,0.619,13.01,88.73,GOOD
Japan_004868.jpg,None,0.0,0.0,100.0,GOOD
Japan_004870.jpg,"2,2,2,2,2,2,2",0.997,23.03,67.84,MODERATE
Japan_004872.jpg,3,0.787,0.38,99.58,GOOD
Japan_004875.jpg,None,0.0,0.0,100.0,GOOD
Japan_004878.jpg,3,0.798,0.24,99.73,GOOD
Japan_004882.jpg,"2,2,2,2,2,2,2,2,2,2",0.978,24.92,65.86,MODERATE
Japan_004883.jpg,None,0.0,0.0,100.0,GOOD
Japan_004885.jpg,"2,2,2,2",0.923,10.73,86.13,GOOD
Japan_004887.jpg,"1,1,1",0.698,4.56,95.54,GOOD
Japan_004889.jpg,"2,2,2",0.939,11.5,84.87,GOOD
Japan_004900.jpg,None,0.0,0.0,100.0,GOOD
Japan_004903.jpg,None,0.0,0.0,100.0,GOOD
Japan_004913.jpg,None,0.0,0.0,100.0,GOOD
Japan_004916.jpg,None,0.0,0.0,100.0,GOOD
Japan_004917.jpg,"2,2,2,2,2",0.999,19.06,73.34,MODERATE
Japan_004919.jpg,None,0.0,0.0,100.0,GOOD
Japan_004920.jpg,"2,2,2,2,2,2,2",0.96,21.03,71.73,MODERATE
Japan_004930.jpg,"2,2",0.998,19.47,72.8,MODERATE
Japan_004933.jpg,None,0.0,0.0,100.0,GOOD
Japan_004936.jpg,None,0.0,0.0,100.0,GOOD
Japan_004938.jpg,3,0.684,13.51,87.07,GOOD
Japan_004939.jpg,3,0.633,0.66,99.42,GOOD
Japan_004954.jpg,None,0.0,0.0,100.0,GOOD
Japan_004966.jpg,1,0.744,2.02,97.89,GOOD
Japan_004967.jpg,None,0.0,0.0,100.0,GOOD
Japan_004972.jpg,None,0.0,0.0,100.0,GOOD
Japan_004973.jpg,None,0.0,0.0,100.0,GOOD
Japan_004977.jpg,"2,2",0.986,16.46,77.27,MODERATE
Japan_004986.jpg,None,0.0,0.0,100.0,GOOD
Japan_004993.jpg,3,0.697,0.41,99.6,GOOD
Japan_005000.jpg,"2,2,2,2,3,2,2",0.992,21.07,70.73,MODERATE
Japan_005007.jpg,None,0.0,0.0,100.0,GOOD
Japan_005011.jpg,None,0.0,0.0,100.0,GOOD
Japan_005013.jpg,"2,2",0.762,18.88,79.87,MODERATE
Japan_005020.jpg,None,0.0,0.0,100.0,GOOD
Japan_005034.jpg,None,0.0,0.0,100.0,GOOD
Japan_005035.jpg,None,0.0,0.0,100.0,GOOD
Japan_005045.jpg,None,0.0,0.0,100.0,GOOD
Japan_005047.jpg,None,0.0,0.0,100.0,GOOD
Japan_005050.jpg,"2,2",0.689,11.63,88.79,GOOD
Japan_005058.jpg,None,0.0,0.0,100.0,GOOD
Japan_005066.jpg,None,0.0,0.0,100.0,GOOD
Japan_005071.jpg,"2,2,2,2,2",0.988,16.09,77.76,MODERATE
Japan_005082.jpg,None,0.0,0.0,100.0,GOOD
Japan_005084.jpg,None,0.0,0.0,100.0,GOOD
Japan_005085.jpg,None,0.0,0.0,100.0,GOOD
Japan_005088.jpg,3,0.691,14.86,85.63,GOOD
Japan_005096.jpg,2,0.62,18.73,83.74,GOOD
Japan_005099.jpg,3,0.871,0.41,99.51,GOOD
Japan_005105.jpg,None,0.0,0.0,100.0,GOOD
Japan_005106.jpg,2,0.645,17.83,83.89,GOOD
Japan_005107.jpg,None,0.0,0.0,100.0,GOOD
Japan_005111.jpg,None,0.0,0.0,100.0,GOOD
Japan_005124.jpg,3,0.736,0.32,99.67,GOOD
Japan_005134.jpg,2,0.699,11.05,89.18,GOOD
Japan_005153.jpg,None,0.0,0.0,100.0,GOOD
Japan_005157.jpg,None,0.0,0.0,100.0,GOOD
Japan_005164.jpg,3,0.864,0.19,99.77,GOOD
Japan_005172.jpg,2,0.849,17.79,78.85,MODERATE
Japan_005182.jpg,None,0.0,0.0,100.0,GOOD
Japan_005183.jpg,None,0.0,0.0,100.0,GOOD
Japan_005186.jpg,"1,1",0.721,1.87,98.11,GOOD
Japan_005188.jpg,None,0.0,0.0,100.0,GOOD
Japan_005197.jpg,2,0.615,13.02,88.79,GOOD
Japan_005200.jpg,2,0.729,13.55,86.17,GOOD
Japan_005204.jpg,None,0.0,0.0,100.0,GOOD
Japan_005209.jpg,None,0.0,0.0,100.0,GOOD
Japan_005221.jpg,None,0.0,0.0,100.0,GOOD
Japan_005222.jpg,None,0.0,0.0,100.0,GOOD
Japan_005231.jpg,2,0.671,10.62,90.03,GOOD
Japan_005234.jpg,None,0.0,0.0,100.0,GOOD
Japan_005236.jpg,None,0.0,0.0,100.0,GOOD
Japan_005238.jpg,None,0.0,0.0,100.0,GOOD
Japan_005240.jpg,2,0.713,17.83,82.21,GOOD
Japan_005251.jpg,None,0.0,0.0,100.0,GOOD
Japan_005252.jpg,"2,2,2",0.881,11.69,85.59,GOOD
Japan_005255.jpg,None,0.0,0.0,100.0,GOOD
Japan_005256.jpg,None,0.0,0.0,100.0,GOOD
Japan_005258.jpg,None,0.0,0.0,100.0,GOOD
Japan_005259.jpg,3,0.813,0.6,99.31,GOOD
Japan_005262.jpg,None,0.0,0.0,100.0,GOOD
Japan_005277.jpg,None,0.0,0.0,100.0,GOOD
Japan_005278.jpg,None,0.0,0.0,100.0,GOOD
Japan_005285.jpg,3,0.787,0.19,99.79,GOOD
Japan_005286.jpg,None,0.0,0.0,100.0,GOOD
Japan_005291.jpg,"2,2",0.906,16.4,79.19,MODERATE
Japan_005300.jpg,3,0.829,0.39,99.55,GOOD
Japan_005303.jpg,2,0.909,14.11,82.05,GOOD
Japan_005324.jpg,None,0.0,0.0,100.0,GOOD
Japan_005326.jpg,None,0.0,0.0,100.0,GOOD
Japan_005328.jpg,None,0.0,0.0,100.0,GOOD
Japan_005335.jpg,None,0.0,0.0,100.0,GOOD
Japan_005338.jpg,None,0.0,0.0,100.0,GOOD
Japan_005340.jpg,None,0.0,0.0,100.0,GOOD
Japan_005341.jpg,"2,2,2,2,2,2,2,2,2,2,2,2,2,2,2",1.0,22.74,68.18,MODERATE
Japan_005349.jpg,None,0.0,0.0,100.0,GOOD
Japan_005368.jpg,None,0.0,0.0,100.0,GOOD
Japan_005371.jpg,None,0.0,0.0,100.0,GOOD
Japan_005375.jpg,None,0.0,0.0,100.0,GOOD
Japan_005386.jpg,None,0.0,0.0,100.0,GOOD
Japan_005401.jpg,None,0.0,0.0,100.0,GOOD
Japan_005404.jpg,"2,2,2,3",0.965,14.53,80.37,GOOD
Japan_005409.jpg,"3,3",0.781,0.53,99.42,GOOD
Japan_005411.jpg,None,0.0,0.0,100.0,GOOD
Japan_005416.jpg,None,0.0,0.0,100.0,GOOD
Japan_005421.jpg,None,0.0,0.0,100.0,GOOD
Japan_005423.jpg,None,0.0,0.0,100.0,GOOD
Japan_005426.jpg,"2,2,2,2,2,2,2,2,2,2,2,2",0.958,13.07,82.48,GOOD
Japan_005427.jpg,None,0.0,0.0,100.0,GOOD
Japan_005428.jpg,2,0.775,19.18,79.19,MODERATE
Japan_005434.jpg,"2,2,2,2,2,2",1.0,17.8,75.09,MODERATE
Japan_005446.jpg,None,0.0,0.0,100.0,GOOD
Japan_005451.jpg,"2,2,2,2,2,2",0.993,21.47,70.15,MODERATE
Japan_005461.jpg,None,0.0,0.0,100.0,GOOD
Japan_005471.jpg,1,0.744,2.12,97.79,GOOD
Japan_005476.jpg,"2,2,2,2,2",0.889,14.35,82.14,GOOD
Japan_005478.jpg,None,0.0,0.0,100.0,GOOD
Japan_005495.jpg,None,0.0,0.0,100.0,GOOD
Japan_005510.jpg,"2,2",0.886,11.44,85.81,GOOD
Japan_005514.jpg,None,0.0,0.0,100.0,GOOD
Japan_005524.jpg,None,0.0,0.0,100.0,GOOD
Japan_005528.jpg,2,0.744,21.12,78.01,MODERATE
Japan_005532.jpg,None,0.0,0.0,100.0,GOOD
Japan_005538.jpg,"2,1,1,1,1,1",0.919,16.84,78.34,MODERATE
Japan_005540.jpg,None,0.0,0.0,100.0,GOOD
Japan_005541.jpg,None,0.0,0.0,100.0,GOOD
Japan_005542.jpg,"2,2,2,2,2",0.937,14.0,81.63,GOOD
Japan_005549.jpg,None,0.0,0.0,100.0,GOOD
Japan_005552.jpg,None,0.0,0.0,100.0,GOOD
Japan_005564.jpg,2,0.818,14.58,83.3,GOOD
Japan_005566.jpg,"2,2,2",0.997,19.42,72.91,MODERATE
Japan_005570.jpg,None,0.0,0.0,100.0,GOOD
Japan_005572.jpg,3,0.835,0.4,99.53,GOOD
Japan_005578.jpg,"3,2",0.701,0.57,99.44,GOOD
Japan_005582.jpg,2,0.839,12.74,85.03,GOOD
Japan_005591.jpg,None,0.0,0.0,100.0,GOOD
Japan_005592.jpg,None,0.0,0.0,100.0,GOOD
Japan_005593.jpg,"2,2,2,2,2,2,2,3",0.991,19.17,73.41,MODERATE
Japan_005599.jpg,None,0.0,0.0,100.0,GOOD
Japan_005612.jpg,None,0.0,0.0,100.0,GOOD
Japan_005616.jpg,None,0.0,0.0,100.0,GOOD
Japan_005620.jpg,None,0.0,0.0,100.0,GOOD
Japan_005622.jpg,2,0.711,20.31,79.77,MODERATE
Japan_005623.jpg,2,0.843,16.06,81.04,GOOD
Japan_005625.jpg,"2,2,2,2,2,2,2,2,2,2",0.987,19.49,73.07,MODERATE
Japan_005628.jpg,"2,2,2",0.996,12.69,82.31,GOOD
Japan_005635.jpg,"2,2,2,2,2,2,2,2,2",0.96,19.43,73.87,MODERATE
Japan_005638.jpg,"2,3",0.856,19.03,77.18,MODERATE
Japan_005646.jpg,None,0.0,0.0,100.0,GOOD
Japan_005669.jpg,"2,2",0.799,20.72,76.83,MODERATE
Japan_005670.jpg,None,0.0,0.0,100.0,GOOD
Japan_005676.jpg,None,0.0,0.0,100.0,GOOD
Japan_005679.jpg,None,0.0,0.0,100.0,GOOD
Japan_005686.jpg,None,0.0,0.0,100.0,GOOD
Japan_005698.jpg,None,0.0,0.0,100.0,GOOD
Japan_005701.jpg,3,0.784,0.45,99.51,GOOD
Japan_005706.jpg,None,0.0,0.0,100.0,GOOD
Japan_005713.jpg,"2,2,2,2,2,2,2,2,2,2,2",0.998,22.77,68.17,MODERATE
Japan_005714.jpg,3,0.629,0.33,99.71,GOOD
Japan_005717.jpg,None,0.0,0.0,100.0,GOOD
Japan_005724.jpg,None,0.0,0.0,100.0,GOOD
Japan_005728.jpg,"1,1,1",0.767,2.08,97.76,GOOD
Japan_005739.jpg,2,0.603,18.31,84.54,GOOD
Japan_005744.jpg,None,0.0,0.0,100.0,GOOD
Japan_005749.jpg,None,0.0,0.0,100.0,GOOD
Japan_005754.jpg,None,0.0,0.0,100.0,GOOD
Japan_005760.jpg,None,0.0,0.0,100.0,GOOD
Japan_005766.jpg,None,0.0,0.0,100.0,GOOD
Japan_005770.jpg,None,0.0,0.0,100.0,GOOD
Japan_005779.jpg,2,0.991,21.29,70.45,MODERATE
Japan_005798.jpg,4,0.656,0.12,99.89,GOOD
Japan_005801.jpg,None,0.0,0.0,100.0,GOOD
Japan_005816.jpg,None,0.0,0.0,100.0,GOOD
Japan_005821.jpg,None,0.0,0.0,100.0,GOOD
Japan_005825.jpg,None,0.0,0.0,100.0,GOOD
Japan_005828.jpg,"2,2",0.856,17.79,78.69,MODERATE
Japan_005834.jpg,None,0.0,0.0,100.0,GOOD
Japan_005836.jpg,None,0.0,0.0,100.0,GOOD
Japan_005846.jpg,None,0.0,0.0,100.0,GOOD
Japan_005849.jpg,None,0.0,0.0,100.0,GOOD
Japan_005854.jpg,1,0.659,2.0,98.15,GOOD
Japan_005857.jpg,None,0.0,0.0,100.0,GOOD
Japan_005872.jpg,None,0.0,0.0,100.0,GOOD
Japan_005887.jpg,None,0.0,0.0,100.0,GOOD
Japan_005889.jpg,None,0.0,0.0,100.0,GOOD
Japan_005890.jpg,None,0.0,0.0,100.0,GOOD
Japan_005897.jpg,None,0.0,0.0,100.0,GOOD
Japan_005907.jpg,None,0.0,0.0,100.0,GOOD
Japan_005910.jpg,"1,1,1,1,1",0.833,2.11,97.54,GOOD
Japan_005911.jpg,None,0.0,0.0,100.0,GOOD
Japan_005912.jpg,3,0.81,0.16,99.82,GOOD
Japan_005919.jpg,3,0.963,0.76,98.97,GOOD
Japan_005931.jpg,None,0.0,0.0,100.0,GOOD
Japan_005939.jpg,2,0.668,19.17,82.08,GOOD
Japan_005946.jpg,None,0.0,0.0,100.0,GOOD
Japan_005947.jpg,None,0.0,0.0,100.0,GOOD
Japan_005952.jpg,None,0.0,0.0,100.0,GOOD
Japan_005953.jpg,None,0.0,0.0,100.0,GOOD
Japan_005956.jpg,None,0.0,0.0,100.0,GOOD
Japan_005966.jpg,"2,2,2,2,2,2",0.993,18.36,74.47,MODERATE
Japan_005968.jpg,2,0.93,13.21,82.79,GOOD
Japan_005969.jpg,"2,2,2,3,2,2",0.995,18.43,74.34,MODERATE
Japan_005973.jpg,None,0.0,0.0,100.0,GOOD
Japan_005987.jpg,"2,2,2,2",0.993,20.87,70.99,MODERATE
Japan_005991.jpg,None,0.0,0.0,100.0,GOOD
Japan_005992.jpg,None,0.0,0.0,100.0,GOOD
Japan_005997.jpg,None,0.0,0.0,100.0,GOOD
Japan_006003.jpg,None,0.0,0.0,100.0,GOOD
Japan_006013.jpg,"2,2,2,2,2,2,2,2,2,2,2,2",0.972,16.71,77.27,MODERATE
Japan_006018.jpg,None,0.0,0.0,100.0,GOOD
Japan_006019.jpg,None,0.0,0.0,100.0,GOOD
Japan_006024.jpg,None,0.0,0.0,100.0,GOOD
Japan_006028.jpg,2,0.71,12.4,87.67,GOOD
Japan_006037.jpg,None,0.0,0.0,100.0,GOOD
Japan_006040.jpg,None,0.0,0.0,100.0,GOOD
Japan_006042.jpg,None,0.0,0.0,100.0,GOOD
Japan_006051.jpg,None,0.0,0.0,100.0,GOOD
Japan_006063.jpg,None,0.0,0.0,100.0,GOOD
Japan_006069.jpg,None,0.0,0.0,100.0,GOOD
Japan_006071.jpg,3,0.637,16.56,85.22,GOOD
Japan_006085.jpg,2,0.96,14.83,80.07,GOOD
Japan_006089.jpg,None,0.0,0.0,100.0,GOOD
Japan_006096.jpg,None,0.0,0.0,100.0,GOOD
Japan_006105.jpg,None,0.0,0.0,100.0,GOOD
Japan_006114.jpg,None,0.0,0.0,100.0,GOOD
Japan_006115.jpg,1,0.64,1.98,98.22,GOOD
Japan_006122.jpg,None,0.0,0.0,100.0,GOOD
Japan_006123.jpg,None,0.0,0.0,100.0,GOOD
Japan_006126.jpg,"2,2,2,2,2",0.942,13.97,81.57,GOOD
Japan_006131.jpg,None,0.0,0.0,100.0,GOOD
Japan_006132.jpg,3,0.621,0.44,99.62,GOOD
Japan_006136.jpg,2,0.637,20.73,81.53,GOOD
Japan_006144.jpg,None,0.0,0.0,100.0,GOOD
Japan_006151.jpg,"3,3,3,3",0.867,10.46,87.29,GOOD
Japan_006163.jpg,None,0.0,0.0,100.0,GOOD
Japan_006168.jpg,None,0.0,0.0,100.0,GOOD
Japan_006177.jpg,None,0.0,0.0,100.0,GOOD
Japan_006188.jpg,"2,2,2,2",0.997,20.51,71.36,MODERATE
Japan_006190.jpg,2,0.694,22.49,78.16,MODERATE
Japan_006222.jpg,None,0.0,0.0,100.0,GOOD
Japan_006223.jpg,2,0.637,14.39,87.17,GOOD
Japan_006229.jpg,"2,2,2",0.915,12.54,83.93,GOOD
Japan_006262.jpg,"2,2",0.875,14.84,81.82,GOOD
Japan_006264.jpg,None,0.0,0.0,100.0,GOOD
Japan_006267.jpg,2,0.862,20.57,75.19,MODERATE
Japan_006277.jpg,None,0.0,0.0,100.0,GOOD
Japan_006278.jpg,None,0.0,0.0,100.0,GOOD
Japan_006279.jpg,None,0.0,0.0,100.0,GOOD
Japan_006287.jpg,None,0.0,0.0,100.0,GOOD
Japan_006288.jpg,3,0.712,0.16,99.84,GOOD
Japan_006298.jpg,3,0.765,10.83,88.4,GOOD
Japan_006311.jpg,"2,2,2,2,2,2",0.955,22.36,70.1,MODERATE
Japan_006314.jpg,None,0.0,0.0,100.0,GOOD
Japan_006318.jpg,2,0.625,18.83,83.53,GOOD
Japan_006323.jpg,"2,2",0.745,12.69,86.76,GOOD
Japan_006332.jpg,"2,2,2,2,2,2",0.989,16.19,77.59,MODERATE
Japan_006333.jpg,1,0.855,1.84,97.8,GOOD
Japan_006344.jpg,None,0.0,0.0,100.0,GOOD
Japan_006345.jpg,"2,2",0.977,19.65,73.12,MODERATE
Japan_006347.jpg,None,0.0,0.0,100.0,GOOD
Japan_006358.jpg,"2,2,2,2,2,2",0.988,20.49,71.66,MODERATE
Japan_006368.jpg,None,0.0,0.0,100.0,GOOD
Japan_006372.jpg,2,0.984,15.83,78.19,MODERATE
Japan_006377.jpg,None,0.0,0.0,100.0,GOOD
Japan_006380.jpg,2,0.736,16.71,82.79,GOOD
Japan_006381.jpg,None,0.0,0.0,100.0,GOOD
Japan_006393.jpg,None,0.0,0.0,100.0,GOOD
Japan_006400.jpg,None,0.0,0.0,100.0,GOOD
Japan_006402.jpg,None,0.0,0.0,100.0,GOOD
Japan_006423.jpg,None,0.0,0.0,100.0,GOOD
Japan_006428.jpg,"2,2,2,2",0.979,18.48,74.67,MODERATE
Japan_006430.jpg,None,0.0,0.0,100.0,GOOD
Japan_006436.jpg,"1,1",0.847,3.95,95.32,GOOD
Japan_006439.jpg,"2,2,2,2,2,2,2,2",0.998,19.16,73.23,MODERATE
Japan_006446.jpg,None,0.0,0.0,100.0,GOOD
Japan_006448.jpg,None,0.0,0.0,100.0,GOOD
Japan_006453.jpg,None,0.0,0.0,100.0,GOOD
Japan_006464.jpg,None,0.0,0.0,100.0,GOOD
Japan_006465.jpg,1,0.631,4.75,95.8,GOOD
Japan_006478.jpg,None,0.0,0.0,100.0,GOOD
Japan_006481.jpg,"2,2,2,1",0.968,22.59,69.37,MODERATE
Japan_006486.jpg,None,0.0,0.0,100.0,GOOD
Japan_006488.jpg,None,0.0,0.0,100.0,GOOD
Japan_006497.jpg,None,0.0,0.0,100.0,GOOD
Japan_006506.jpg,"2,2,2,2,2",0.954,18.36,75.49,MODERATE
Japan_006509.jpg,"2,2",0.667,8.6,91.96,GOOD
Japan_006512.jpg,3,0.627,0.33,99.71,GOOD
Japan_006513.jpg,None,0.0,0.0,100.0,GOOD
Japan_006515.jpg,None,0.0,0.0,100.0,GOOD
Japan_006516.jpg,None,0.0,0.0,100.0,GOOD
Japan_006523.jpg,None,0.0,0.0,100.0,GOOD
Japan_006526.jpg,3,0.739,0.16,99.83,GOOD
Japan_006527.jpg,None,0.0,0.0,100.0,GOOD
Japan_006529.jpg,None,0.0,0.0,100.0,GOOD
Japan_006544.jpg,None,0.0,0.0,100.0,GOOD
Japan_006551.jpg,None,0.0,0.0,100.0,GOOD
Japan_006558.jpg,3,0.692,14.16,86.28,GOOD
Japan_006578.jpg,"2,2,2,2,2,2,2,2",0.991,19.23,73.31,MODERATE
Japan_006582.jpg,3,0.786,0.25,99.72,GOOD
Japan_006589.jpg,None,0.0,0.0,100.0,GOOD
Japan_006591.jpg,None,0.0,0.0,100.0,GOOD
Japan_006593.jpg,None,0.0,0.0,100.0,GOOD
Japan_006600.jpg,None,0.0,0.0,100.0,GOOD
Japan_006605.jpg,"3,3",0.952,0.61,99.19,GOOD
Japan_006610.jpg,2,0.89,23.61,70.58,MODERATE
Japan_006632.jpg,"2,2",0.809,16.44,81.37,GOOD
Japan_006644.jpg,None,0.0,0.0,100.0,GOOD
Japan_006646.jpg,1,0.643,2.65,97.61,GOOD
Japan_006650.jpg,None,0.0,0.0,100.0,GOOD
Japan_006651.jpg,None,0.0,0.0,100.0,GOOD
Japan_006654.jpg,None,0.0,0.0,100.0,GOOD
Japan_006656.jpg,1,0.774,4.25,95.4,GOOD
Japan_006657.jpg,None,0.0,0.0,100.0,GOOD
Japan_006658.jpg,None,0.0,0.0,100.0,GOOD
Japan_006676.jpg,"2,2",0.873,19.86,75.73,MODERATE
Japan_006687.jpg,None,0.0,0.0,100.0,GOOD
Japan_006693.jpg,None,0.0,0.0,100.0,GOOD
Japan_006698.jpg,None,0.0,0.0,100.0,GOOD
Japan_006703.jpg,3,0.654,0.6,99.45,GOOD
Japan_006713.jpg,3,0.73,0.37,99.62,GOOD
Japan_006717.jpg,"2,2,2,2,2",0.993,17.33,75.91,MODERATE
Japan_006720.jpg,None,0.0,0.0,100.0,GOOD
Japan_006723.jpg,None,0.0,0.0,100.0,GOOD
Japan_006730.jpg,None,0.0,0.0,100.0,GOOD
Japan_006731.jpg,3,0.777,0.19,99.79,GOOD
Japan_006737.jpg,None,0.0,0.0,100.0,GOOD
Japan_006742.jpg,None,0.0,0.0,100.0,GOOD
Japan_006743.jpg,None,0.0,0.0,100.0,GOOD
Japan_006751.jpg,None,0.0,0.0,100.0,GOOD
Japan_006755.jpg,None,0.0,0.0,100.0,GOOD
Japan_006771.jpg,None,0.0,0.0,100.0,GOOD
Japan_006772.jpg,3,0.791,0.22,99.75,GOOD
Japan_006777.jpg,"3,2",0.855,0.67,99.2,GOOD
Japan_006779.jpg,"2,2,2",0.914,11.96,84.69,GOOD
Japan_006793.jpg,2,0.936,19.92,73.89,MODERATE
Japan_006801.jpg,None,0.0,0.0,100.0,GOOD
Japan_006806.jpg,None,0.0,0.0,100.0,GOOD
Japan_006811.jpg,None,0.0,0.0,100.0,GOOD
Japan_006816.jpg,None,0.0,0.0,100.0,GOOD
Japan_006817.jpg,"2,2,2,2",0.989,18.51,74.37,MODERATE
Japan_006821.jpg,None,0.0,0.0,100.0,GOOD
Japan_006825.jpg,None,0.0,0.0,100.0,GOOD
Japan_006839.jpg,None,0.0,0.0,100.0,GOOD
Japan_006845.jpg,3,0.732,1.11,98.86,GOOD
Japan_006847.jpg,None,0.0,0.0,100.0,GOOD
Japan_006854.jpg,"2,2",0.98,20.57,71.77,MODERATE
Japan_006861.jpg,"2,2,2,2",0.934,14.04,81.65,GOOD
Japan_006873.jpg,None,0.0,0.0,100.0,GOOD
Japan_006875.jpg,None,0.0,0.0,100.0,GOOD
Japan_006877.jpg,None,0.0,0.0,100.0,GOOD
Japan_006878.jpg,None,0.0,0.0,100.0,GOOD
Japan_006884.jpg,None,0.0,0.0,100.0,GOOD
Japan_006890.jpg,"2,2",0.983,18.84,74.07,MODERATE
Japan_006893.jpg,None,0.0,0.0,100.0,GOOD
Japan_006909.jpg,None,0.0,0.0,100.0,GOOD
Japan_006911.jpg,None,0.0,0.0,100.0,GOOD
Japan_006912.jpg,None,0.0,0.0,100.0,GOOD
Japan_006919.jpg,None,0.0,0.0,100.0,GOOD
Japan_006931.jpg,None,0.0,0.0,100.0,GOOD
Japan_006936.jpg,"2,2,2,2,2",0.98,18.06,75.22,MODERATE
Japan_006938.jpg,None,0.0,0.0,100.0,GOOD
Japan_006942.jpg,None,0.0,0.0,100.0,GOOD
Japan_006956.jpg,None,0.0,0.0,100.0,GOOD
Japan_006959.jpg,"2,2,2",0.881,14.72,81.84,GOOD
Japan_006972.jpg,None,0.0,0.0,100.0,GOOD
Japan_006978.jpg,None,0.0,0.0,100.0,GOOD
Japan_006983.jpg,None,0.0,0.0,100.0,GOOD
Japan_006984.jpg,None,0.0,0.0,100.0,GOOD
Japan_006985.jpg,2,0.991,19.15,73.42,MODERATE
Japan_006986.jpg,3,0.687,0.86,99.17,GOOD
Japan_006990.jpg,None,0.0,0.0,100.0,GOOD
Japan_006995.jpg,None,0.0,0.0,100.0,GOOD
Japan_007003.jpg,"2,2",0.981,16.68,77.1,MODERATE
Japan_007012.jpg,None,0.0,0.0,100.0,GOOD
Japan_007038.jpg,None,0.0,0.0,100.0,GOOD
Japan_007040.jpg,None,0.0,0.0,100.0,GOOD
Japan_007051.jpg,None,0.0,0.0,100.0,GOOD
Japan_007057.jpg,None,0.0,0.0,100.0,GOOD
Japan_007061.jpg,"2,2,2",0.867,15.8,80.83,GOOD
Japan_007062.jpg,None,0.0,0.0,100.0,GOOD
Japan_007072.jpg,3,0.874,0.51,99.38,GOOD
Japan_007075.jpg,2,0.632,19.67,82.59,GOOD
Japan_007076.jpg,3,0.83,0.51,99.41,GOOD
Japan_007079.jpg,"2,2,2,2,2,2,2,2,2,2,2,2,2,2",0.998,17.64,75.35,MODERATE
Japan_007080.jpg,None,0.0,0.0,100.0,GOOD
Japan_007082.jpg,None,0.0,0.0,100.0,GOOD
Japan_007085.jpg,None,0.0,0.0,100.0,GOOD
Japan_007087.jpg,None,0.0,0.0,100.0,GOOD
Japan_007091.jpg,None,0.0,0.0,100.0,GOOD
Japan_007092.jpg,None,0.0,0.0,100.0,GOOD
Japan_007094.jpg,"3,2,2",0.891,0.26,99.67,GOOD
Japan_007100.jpg,None,0.0,0.0,100.0,GOOD
Japan_007101.jpg,None,0.0,0.0,100.0,GOOD
Japan_007107.jpg,None,0.0,0.0,100.0,GOOD
Japan_007112.jpg,None,0.0,0.0,100.0,GOOD
Japan_007117.jpg,"2,2,2",0.94,20.05,73.62,MODERATE
Japan_007127.jpg,None,0.0,0.0,100.0,GOOD
Japan_007132.jpg,0,0.67,5.02,95.29,GOOD
Japan_007135.jpg,None,0.0,0.0,100.0,GOOD
Japan_007142.jpg,None,0.0,0.0,100.0,GOOD
Japan_007146.jpg,None,0.0,0.0,100.0,GOOD
Japan_007150.jpg,None,0.0,0.0,100.0,GOOD
Japan_007153.jpg,None,0.0,0.0,100.0,GOOD
Japan_007158.jpg,"2,2",0.9,20.06,74.73,MODERATE
Japan_007159.jpg,"2,2,2,2,2,2,2,2",0.994,22.14,69.18,MODERATE
Japan_007160.jpg,"2,2,2,2,2",0.944,18.79,75.16,MODERATE
Japan_007161.jpg,None,0.0,0.0,100.0,GOOD
Japan_007166.jpg,None,0.0,0.0,100.0,GOOD
Japan_007172.jpg,None,0.0,0.0,100.0,GOOD
Japan_007174.jpg,None,0.0,0.0,100.0,GOOD
Japan_007175.jpg,None,0.0,0.0,100.0,GOOD
Japan_007179.jpg,None,0.0,0.0,100.0,GOOD
Japan_007184.jpg,None,0.0,0.0,100.0,GOOD
Japan_007196.jpg,None,0.0,0.0,100.0,GOOD
Japan_007198.jpg,None,0.0,0.0,100.0,GOOD
Japan_007207.jpg,None,0.0,0.0,100.0,GOOD
Japan_007208.jpg,None,0.0,0.0,100.0,GOOD
Japan_007222.jpg,"2,2,2,2",0.994,23.16,67.77,MODERATE
Japan_007228.jpg,"3,2,2,2,3",0.787,0.31,99.66,GOOD
Japan_007230.jpg,None,0.0,0.0,100.0,GOOD
Japan_007250.jpg,"2,2,2,2,2,2",0.996,21.94,69.4,MODERATE
Japan_007253.jpg,"3,1",0.893,0.28,99.65,GOOD
Japan_007261.jpg,None,0.0,0.0,100.0,GOOD
Japan_007266.jpg,3,0.711,0.19,99.81,GOOD
Japan_007269.jpg,3,0.905,0.26,99.67,GOOD
Japan_007274.jpg,None,0.0,0.0,100.0,GOOD
Japan_007276.jpg,None,0.0,0.0,100.0,GOOD
Japan_007277.jpg,2,0.661,6.22,94.24,GOOD
Japan_007286.jpg,None,0.0,0.0,100.0,GOOD
Japan_007292.jpg,2,0.723,17.35,82.45,GOOD
Japan_007303.jpg,None,0.0,0.0,100.0,GOOD
Japan_007307.jpg,"2,2,2,2,2,2,2,2",0.977,15.71,78.52,MODERATE
Japan_007311.jpg,2,0.651,19.43,82.3,GOOD
Japan_007315.jpg,None,0.0,0.0,100.0,GOOD
Japan_007318.jpg,None,0.0,0.0,100.0,GOOD
Japan_007325.jpg,None,0.0,0.0,100.0,GOOD
Japan_007338.jpg,None,0.0,0.0,100.0,GOOD
Japan_007340.jpg,None,0.0,0.0,100.0,GOOD
Japan_007342.jpg,None,0.0,0.0,100.0,GOOD
Japan_007344.jpg,None,0.0,0.0,100.0,GOOD
Japan_007351.jpg,2,0.938,13.2,82.67,GOOD
Japan_007354.jpg,"2,2,2,2,2,2,2,2,2,2,2,2",1.0,21.14,70.41,MODERATE
Japan_007356.jpg,None,0.0,0.0,100.0,GOOD
Japan_007357.jpg,None,0.0,0.0,100.0,GOOD
Japan_007358.jpg,3,0.744,0.17,99.82,GOOD
Japan_007360.jpg,None,0.0,0.0,100.0,GOOD
Japan_007361.jpg,None,0.0,0.0,100.0,GOOD
Japan_007366.jpg,"2,2,2,2",0.849,19.84,76.43,MODERATE
Japan_007367.jpg,None,0.0,0.0,100.0,GOOD
Japan_007373.jpg,None,0.0,0.0,100.0,GOOD
Japan_007381.jpg,None,0.0,0.0,100.0,GOOD
Japan_007382.jpg,None,0.0,0.0,100.0,GOOD
Japan_007393.jpg,"2,2",0.827,17.68,79.53,MODERATE
Japan_007395.jpg,None,0.0,0.0,100.0,GOOD
Japan_007398.jpg,None,0.0,0.0,100.0,GOOD
Japan_007399.jpg,None,0.0,0.0,100.0,GOOD
Japan_007409.jpg,2,0.707,17.9,82.29,GOOD
Japan_007411.jpg,None,0.0,0.0,100.0,GOOD
Japan_007412.jpg,None,0.0,0.0,100.0,GOOD
Japan_007413.jpg,None,0.0,0.0,100.0,GOOD
Japan_007415.jpg,"2,2,2,2,2,2,2",0.834,15.73,81.64,GOOD
Japan_007417.jpg,"2,2,2",0.978,17.99,75.36,MODERATE
Japan_007432.jpg,None,0.0,0.0,100.0,GOOD
Japan_007434.jpg,None,0.0,0.0,100.0,GOOD
Japan_007448.jpg,"2,2,2,2,2,2,2,2",0.98,18.6,74.48,MODERATE
Japan_007453.jpg,"2,2",0.996,22.16,69.1,MODERATE
Japan_007454.jpg,"2,2,2,2,2,2,2,2,2",0.972,16.49,77.55,MODERATE
Japan_007455.jpg,2,0.613,19.47,83.3,GOOD
Japan_007461.jpg,None,0.0,0.0,100.0,GOOD
Japan_007464.jpg,None,0.0,0.0,100.0,GOOD
Japan_007467.jpg,None,0.0,0.0,100.0,GOOD
Japan_007468.jpg,None,0.0,0.0,100.0,GOOD
Japan_007473.jpg,"2,3,2,2,2",0.899,16.48,79.25,MODERATE
Japan_007475.jpg,"2,2",0.915,19.63,74.85,MODERATE
Japan_007495.jpg,None,0.0,0.0,100.0,GOOD
Japan_007506.jpg,None,0.0,0.0,100.0,GOOD
Japan_007510.jpg,None,0.0,0.0,100.0,GOOD
Japan_007514.jpg,"2,2,2,2",0.885,15.57,80.7,GOOD
Japan_007516.jpg,"2,2,2,2,2,2,2,2,2,2,2",0.947,20.64,72.63,MODERATE
Japan_007520.jpg,None,0.0,0.0,100.0,GOOD
Japan_007526.jpg,None,0.0,0.0,100.0,GOOD
Japan_007528.jpg,None,0.0,0.0,100.0,GOOD
Japan_007544.jpg,"2,2,2",0.957,22.83,69.41,MODERATE
Japan_007547.jpg,None,0.0,0.0,100.0,GOOD
Japan_007555.jpg,"2,3",0.875,11.68,85.7,GOOD
Japan_007562.jpg,None,0.0,0.0,100.0,GOOD
Japan_007567.jpg,"2,2,2,2,2,2,2,2,2,2,2,2,2,2,2,2,2,2",0.987,22.71,68.63,MODERATE
Japan_007570.jpg,None,0.0,0.0,100.0,GOOD
Japan_007571.jpg,None,0.0,0.0,100.0,GOOD
Japan_007586.jpg,3,0.709,0.36,99.65,GOOD
Japan_007592.jpg,None,0.0,0.0,100.0,GOOD
Japan_007599.jpg,None,0.0,0.0,100.0,GOOD
Japan_007601.jpg,None,0.0,0.0,100.0,GOOD
Japan_007604.jpg,None,0.0,0.0,100.0,GOOD
Japan_007606.jpg,None,0.0,0.0,100.0,GOOD
Japan_007607.jpg,None,0.0,0.0,100.0,GOOD
Japan_007615.jpg,3,0.909,0.29,99.64,GOOD
Japan_007623.jpg,None,0.0,0.0,100.0,GOOD
Japan_007626.jpg,None,0.0,0.0,100.0,GOOD
Japan_007639.jpg,3,0.718,0.3,99.7,GOOD
Japan_007640.jpg,None,0.0,0.0,100.0,GOOD
Japan_007641.jpg,None,0.0,0.0,100.0,GOOD
Japan_007647.jpg,None,0.0,0.0,100.0,GOOD
Japan_007654.jpg,None,0.0,0.0,100.0,GOOD
Japan_007661.jpg,2,0.777,17.87,80.56,GOOD
Japan_007665.jpg,"2,2,2,2,2,2,2,2,2",0.996,19.35,73.02,MODERATE
Japan_007676.jpg,None,0.0,0.0,100.0,GOOD
Japan_007680.jpg,"2,2,2,2",0.992,18.65,74.09,MODERATE
Japan_007683.jpg,"2,2,2,2,2,2,2,3",0.873,15.92,80.53,GOOD
Japan_007695.jpg,None,0.0,0.0,100.0,GOOD
Japan_007703.jpg,None,0.0,0.0,100.0,GOOD
Japan_007705.jpg,None,0.0,0.0,100.0,GOOD
Japan_007714.jpg,"2,2,2,2,2,2,2,2,2,2,2",0.993,22.84,68.26,MODERATE
Japan_007718.jpg,"2,2,3,2",0.946,18.79,75.11,MODERATE
Japan_007727.jpg,"3,3",0.939,0.31,99.6,GOOD
Japan_007733.jpg,None,0.0,0.0,100.0,GOOD
Japan_007741.jpg,2,0.902,17.7,77.65,MODERATE
Japan_007745.jpg,2,0.79,12.43,86.26,GOOD
Japan_007746.jpg,None,0.0,0.0,100.0,GOOD
Japan_007750.jpg,None,0.0,0.0,100.0,GOOD
Japan_007754.jpg,None,0.0,0.0,100.0,GOOD
Japan_007756.jpg,None,0.0,0.0,100.0,GOOD
Japan_007758.jpg,None,0.0,0.0,100.0,GOOD
Japan_007762.jpg,"3,1",0.835,0.53,99.38,GOOD
Japan_007765.jpg,None,0.0,0.0,100.0,GOOD
Japan_007776.jpg,"2,2,2,2",0.993,18.19,74.72,MODERATE
Japan_007781.jpg,2,0.6,12.86,89.19,GOOD
Japan_007784.jpg,None,0.0,0.0,100.0,GOOD
Japan_007787.jpg,None,0.0,0.0,100.0,GOOD
Japan_007801.jpg,"2,2,2,2,2,2,2,2,2,2",1.0,19.86,72.2,MODERATE
Japan_007807.jpg,None,0.0,0.0,100.0,GOOD
Japan_007833.jpg,2,0.679,9.47,91.0,GOOD
Japan_007837.jpg,None,0.0,0.0,100.0,GOOD
Japan_007839.jpg,None,0.0,0.0,100.0,GOOD
Japan_007843.jpg,None,0.0,0.0,100.0,GOOD
Japan_007856.jpg,None,0.0,0.0,100.0,GOOD
Japan_007857.jpg,"2,2",0.984,18.57,74.42,MODERATE
Japan_007886.jpg,None,0.0,0.0,100.0,GOOD
Japan_007890.jpg,"2,2,2,2,2,2,2,2,2,2,2,2,2,1",0.999,24.25,66.08,MODERATE
Japan_007895.jpg,"2,2",0.931,18.83,75.47,MODERATE
Japan_007899.jpg,3,0.662,0.14,99.87,GOOD
Japan_007911.jpg,None,0.0,0.0,100.0,GOOD
Japan_007912.jpg,"2,1",0.702,19.78,80.57,GOOD
Japan_007916.jpg,"1,1",0.714,2.5,97.5,GOOD
Japan_007917.jpg,None,0.0,0.0,100.0,GOOD
Japan_007951.jpg,"2,2,2,2,2",0.902,16.94,78.61,MODERATE
Japan_007953.jpg,None,0.0,0.0,100.0,GOOD
Japan_007954.jpg,None,0.0,0.0,100.0,GOOD
Japan_007958.jpg,"2,2",0.911,17.11,78.17,MODERATE
Japan_007965.jpg,None,0.0,0.0,100.0,GOOD
Japan_007971.jpg,None,0.0,0.0,100.0,GOOD
Japan_007979.jpg,None,0.0,0.0,100.0,GOOD
Japan_007980.jpg,None,0.0,0.0,100.0,GOOD
Japan_007982.jpg,3,0.64,0.21,99.82,GOOD
Japan_007984.jpg,"3,3",0.864,0.29,99.65,GOOD
Japan_007989.jpg,2,0.709,14.57,85.53,GOOD
Japan_007990.jpg,3,0.667,0.29,99.73,GOOD
Japan_008000.jpg,None,0.0,0.0,100.0,GOOD
Japan_008008.jpg,None,0.0,0.0,100.0,GOOD
Japan_008026.jpg,None,0.0,0.0,100.0,GOOD
Japan_008031.jpg,None,0.0,0.0,100.0,GOOD
Japan_008032.jpg,None,0.0,0.0,100.0,GOOD
Japan_008051.jpg,None,0.0,0.0,100.0,GOOD
Japan_008061.jpg,"2,2,2,2,2",0.963,20.81,71.94,MODERATE
Japan_008063.jpg,2,0.971,17.8,75.79,MODERATE
Japan_008072.jpg,2,0.8,15.93,82.16,GOOD
Japan_008074.jpg,None,0.0,0.0,100.0,GOOD
Japan_008077.jpg,None,0.0,0.0,100.0,GOOD
Japan_008093.jpg,"2,2,3,2",0.961,11.39,84.68,GOOD
Japan_008104.jpg,2,0.941,17.95,76.35,MODERATE
Japan_008114.jpg,None,0.0,0.0,100.0,GOOD
Japan_008115.jpg,None,0.0,0.0,100.0,GOOD
Japan_008123.jpg,"2,2,2,2",0.976,19.96,72.72,MODERATE
Japan_008130.jpg,"2,2,2,2,2,2",0.864,20.38,75.35,MODERATE
Japan_008148.jpg,None,0.0,0.0,100.0,GOOD
Japan_008149.jpg,"2,2,2,2",0.941,15.94,79.0,MODERATE
Japan_008154.jpg,None,0.0,0.0,100.0,GOOD
Japan_008157.jpg,None,0.0,0.0,100.0,GOOD
Japan_008158.jpg,"3,2,2",0.958,0.34,99.55,GOOD
Japan_008159.jpg,3,0.612,0.38,99.68,GOOD
Japan_008169.jpg,None,0.0,0.0,100.0,GOOD
Japan_008174.jpg,"3,3",0.817,6.27,92.83,GOOD
Japan_008175.jpg,None,0.0,0.0,100.0,GOOD
Japan_008183.jpg,None,0.0,0.0,100.0,GOOD
Japan_008200.jpg,"2,2",0.86,23.3,71.94,MODERATE
Japan_008204.jpg,"2,2,2,2",0.816,12.64,85.56,GOOD
Japan_008226.jpg,3,0.914,0.32,99.59,GOOD
Japan_008228.jpg,None,0.0,0.0,100.0,GOOD
Japan_008231.jpg,2,0.624,16.44,85.63,GOOD
Japan_008235.jpg,None,0.0,0.0,100.0,GOOD
Japan_008237.jpg,None,0.0,0.0,100.0,GOOD
Japan_008243.jpg,None,0.0,0.0,100.0,GOOD
Japan_008250.jpg,None,0.0,0.0,100.0,GOOD
Japan_008257.jpg,"2,2",0.777,12.8,86.08,GOOD
Japan_008259.jpg,None,0.0,0.0,100.0,GOOD
Japan_008275.jpg,"3,3",0.933,0.3,99.61,GOOD
Japan_008281.jpg,"2,2,2,2,2,2",0.987,16.55,77.14,MODERATE
Japan_008286.jpg,None,0.0,0.0,100.0,GOOD
Japan_008287.jpg,None,0.0,0.0,100.0,GOOD
Japan_008288.jpg,None,0.0,0.0,100.0,GOOD
Japan_008291.jpg,None,0.0,0.0,100.0,GOOD
Japan_008301.jpg,None,0.0,0.0,100.0,GOOD
Japan_008303.jpg,"2,2",0.884,20.15,75.06,MODERATE
Japan_008308.jpg,3,0.726,0.14,99.86,GOOD
Japan_008312.jpg,None,0.0,0.0,100.0,GOOD
Japan_008332.jpg,None,0.0,0.0,100.0,GOOD
Japan_008351.jpg,None,0.0,0.0,100.0,GOOD
Japan_008362.jpg,None,0.0,0.0,100.0,GOOD
Japan_008364.jpg,2,0.94,21.45,71.77,MODERATE
Japan_008368.jpg,None,0.0,0.0,100.0,GOOD
Japan_008370.jpg,None,0.0,0.0,100.0,GOOD
Japan_008378.jpg,2,0.773,15.71,83.0,GOOD
Japan_008389.jpg,None,0.0,0.0,100.0,GOOD
Japan_008402.jpg,None,0.0,0.0,100.0,GOOD
Japan_008412.jpg,None,0.0,0.0,100.0,GOOD
Japan_008418.jpg,"2,2",0.943,22.52,70.25,MODERATE
Japan_008424.jpg,1,0.682,1.9,98.19,GOOD
Japan_008426.jpg,None,0.0,0.0,100.0,GOOD
Japan_008440.jpg,None,0.0,0.0,100.0,GOOD
Japan_008452.jpg,"2,2,2",0.969,16.82,77.17,MODERATE
Japan_008457.jpg,"2,2,2,2",0.895,15.4,80.7,GOOD
Japan_008461.jpg,3,0.914,0.22,99.71,GOOD
Japan_008501.jpg,None,0.0,0.0,100.0,GOOD
Japan_008504.jpg,None,0.0,0.0,100.0,GOOD
Japan_008510.jpg,None,0.0,0.0,100.0,GOOD
Japan_008512.jpg,"2,2,2,2,2,2,2,2,2,2,2",0.993,16.3,77.33,MODERATE
Japan_008540.jpg,None,0.0,0.0,100.0,GOOD
Japan_008544.jpg,None,0.0,0.0,100.0,GOOD
Japan_008545.jpg,None,0.0,0.0,100.0,GOOD
Japan_008546.jpg,"2,2,2,2,2",0.95,12.78,83.01,GOOD
Japan_008547.jpg,"2,2,2,2,2,2,2,2,2,2,2,2,2,2,2,2,2,2,2,2,2,2,2",1.0,21.8,69.49,MODERATE
Japan_008550.jpg,3,0.917,0.24,99.69,GOOD
Japan_008563.jpg,None,0.0,0.0,100.0,GOOD
Japan_008566.jpg,"0,0",0.665,5.44,94.94,GOOD
Japan_008576.jpg,None,0.0,0.0,100.0,GOOD
Japan_008579.jpg,None,0.0,0.0,100.0,GOOD
Japan_008581.jpg,None,0.0,0.0,100.0,GOOD
Japan_008584.jpg,None,0.0,0.0,100.0,GOOD
Japan_008588.jpg,None,0.0,0.0,100.0,GOOD
Japan_008607.jpg,None,0.0,0.0,100.0,GOOD
Japan_008617.jpg,None,0.0,0.0,100.0,GOOD
Japan_008618.jpg,3,0.959,0.75,98.99,GOOD
Japan_008623.jpg,2,0.625,15.74,86.22,GOOD
Japan_008627.jpg,None,0.0,0.0,100.0,GOOD
Japan_008631.jpg,None,0.0,0.0,100.0,GOOD
Japan_008640.jpg,None,0.0,0.0,100.0,GOOD
Japan_008644.jpg,None,0.0,0.0,100.0,GOOD
Japan_008649.jpg,2,0.615,14.04,87.91,GOOD
Japan_008652.jpg,None,0.0,0.0,100.0,GOOD
Japan_008659.jpg,"2,3",0.789,17.49,80.68,GOOD
Japan_008667.jpg,None,0.0,0.0,100.0,GOOD
Japan_008677.jpg,None,0.0,0.0,100.0,GOOD
Japan_008682.jpg,None,0.0,0.0,100.0,GOOD
Japan_008687.jpg,None,0.0,0.0,100.0,GOOD
Japan_008689.jpg,3,0.847,0.23,99.73,GOOD
Japan_008691.jpg,None,0.0,0.0,100.0,GOOD
Japan_008696.jpg,None,0.0,0.0,100.0,GOOD
Japan_008701.jpg,"2,2",0.957,14.94,79.98,MODERATE
Japan_008748.jpg,3,0.793,0.38,99.58,GOOD
Japan_008749.jpg,"3,3",0.855,0.29,99.65,GOOD
Japan_008752.jpg,None,0.0,0.0,100.0,GOOD
Japan_008761.jpg,None,0.0,0.0,100.0,GOOD
Japan_008765.jpg,None,0.0,0.0,100.0,GOOD
Japan_008774.jpg,None,0.0,0.0,100.0,GOOD
Japan_008779.jpg,2,0.914,14.51,81.43,GOOD
Japan_008793.jpg,None,0.0,0.0,100.0,GOOD
Japan_008797.jpg,None,0.0,0.0,100.0,GOOD
Japan_008798.jpg,None,0.0,0.0,100.0,GOOD
Japan_008801.jpg,3,0.76,10.82,88.48,GOOD
Japan_008803.jpg,None,0.0,0.0,100.0,GOOD
Japan_008805.jpg,None,0.0,0.0,100.0,GOOD
Japan_008811.jpg,2,0.602,7.15,93.97,GOOD
Japan_008814.jpg,None,0.0,0.0,100.0,GOOD
Japan_008817.jpg,None,0.0,0.0,100.0,GOOD
Japan_008832.jpg,None,0.0,0.0,100.0,GOOD
Japan_008837.jpg,None,0.0,0.0,100.0,GOOD
Japan_008843.jpg,None,0.0,0.0,100.0,GOOD
Japan_008846.jpg,None,0.0,0.0,100.0,GOOD
Japan_008849.jpg,None,0.0,0.0,100.0,GOOD
Japan_008853.jpg,"1,1",0.65,3.75,96.59,GOOD
Japan_008854.jpg,None,0.0,0.0,100.0,GOOD
Japan_008860.jpg,None,0.0,0.0,100.0,GOOD
Japan_008874.jpg,4,0.719,0.17,99.83,GOOD
Japan_008888.jpg,None,0.0,0.0,100.0,GOOD
Japan_008889.jpg,"2,2,2,2,2,2,2,2,2",0.994,21.04,70.7,MODERATE
Japan_008892.jpg,3,0.737,0.49,99.49,GOOD
Japan_008894.jpg,2,0.8,17.83,80.03,GOOD
Japan_008904.jpg,2,0.748,21.47,77.52,MODERATE
Japan_008905.jpg,"3,3,3",0.719,7.81,92.13,GOOD
Japan_008908.jpg,None,0.0,0.0,100.0,GOOD
Japan_008911.jpg,None,0.0,0.0,100.0,GOOD
Japan_008920.jpg,2,0.744,10.5,89.06,GOOD
Japan_008922.jpg,None,0.0,0.0,100.0,GOOD
Japan_008942.jpg,"2,2,2,2,2,2,2,2,2",0.998,22.55,68.5,MODERATE
Japan_008946.jpg,3,0.613,0.24,99.8,GOOD
Japan_008960.jpg,None,0.0,0.0,100.0,GOOD
Japan_008964.jpg,None,0.0,0.0,100.0,GOOD
Japan_008969.jpg,None,0.0,0.0,100.0,GOOD
Japan_008983.jpg,None,0.0,0.0,100.0,GOOD
Japan_008991.jpg,None,0.0,0.0,100.0,GOOD
Japan_008992.jpg,None,0.0,0.0,100.0,GOOD
Japan_008993.jpg,None,0.0,0.0,100.0,GOOD
Japan_008995.jpg,2,0.717,17.32,82.62,GOOD
Japan_008998.jpg,"2,2,2,2,2",0.986,20.79,71.31,MODERATE
Japan_009004.jpg,"2,2,2,2,2,2,2,2,2,2,3",0.997,21.51,69.98,MODERATE
Japan_009013.jpg,None,0.0,0.0,100.0,GOOD
Japan_009020.jpg,None,0.0,0.0,100.0,GOOD
Japan_009021.jpg,"2,2,2,2,2",0.998,21.43,70.04,MODERATE
Japan_009022.jpg,None,0.0,0.0,100.0,GOOD
Japan_009025.jpg,None,0.0,0.0,100.0,GOOD
Japan_009027.jpg,None,0.0,0.0,100.0,GOOD
Japan_009029.jpg,"2,2",0.756,20.74,78.04,MODERATE
Japan_009053.jpg,"2,2",0.899,13.75,82.68,GOOD
Japan_009054.jpg,None,0.0,0.0,100.0,GOOD
Japan_009079.jpg,None,0.0,0.0,100.0,GOOD
Japan_009085.jpg,None,0.0,0.0,100.0,GOOD
Japan_009089.jpg,None,0.0,0.0,100.0,GOOD
Japan_009094.jpg,3,0.893,0.23,99.71,GOOD
Japan_009096.jpg,3,0.836,0.23,99.73,GOOD
Japan_009097.jpg,None,0.0,0.0,100.0,GOOD
Japan_009116.jpg,"3,3",0.823,0.41,99.53,GOOD
Japan_009121.jpg,None,0.0,0.0,100.0,GOOD
Japan_009122.jpg,None,0.0,0.0,100.0,GOOD
Japan_009123.jpg,None,0.0,0.0,100.0,GOOD
Japan_009124.jpg,None,0.0,0.0,100.0,GOOD
Japan_009125.jpg,None,0.0,0.0,100.0,GOOD
Japan_009127.jpg,None,0.0,0.0,100.0,GOOD
Japan_009130.jpg,None,0.0,0.0,100.0,GOOD
Japan_009132.jpg,3,0.613,0.28,99.76,GOOD
Japan_009133.jpg,None,0.0,0.0,100.0,GOOD
Japan_009144.jpg,None,0.0,0.0,100.0,GOOD
Japan_009150.jpg,None,0.0,0.0,100.0,GOOD
Japan_009154.jpg,None,0.0,0.0,100.0,GOOD
Japan_009162.jpg,None,0.0,0.0,100.0,GOOD
Japan_009174.jpg,3,0.673,0.33,99.69,GOOD
Japan_009176.jpg,None,0.0,0.0,100.0,GOOD
Japan_009181.jpg,None,0.0,0.0,100.0,GOOD
Japan_009184.jpg,"2,2,2",0.951,19.72,73.73,MODERATE
Japan_009187.jpg,None,0.0,0.0,100.0,GOOD
Japan_009189.jpg,None,0.0,0.0,100.0,GOOD
Japan_009195.jpg,None,0.0,0.0,100.0,GOOD
Japan_009201.jpg,None,0.0,0.0,100.0,GOOD
Japan_009206.jpg,None,0.0,0.0,100.0,GOOD
Japan_009223.jpg,None,0.0,0.0,100.0,GOOD
Japan_009232.jpg,None,0.0,0.0,100.0,GOOD
Japan_009239.jpg,3,0.722,0.19,99.81,GOOD
Japan_009245.jpg,None,0.0,0.0,100.0,GOOD
Japan_009248.jpg,None,0.0,0.0,100.0,GOOD
Japan_009255.jpg,3,0.624,0.44,99.62,GOOD
Japan_009258.jpg,None,0.0,0.0,100.0,GOOD
Japan_009262.jpg,None,0.0,0.0,100.0,GOOD
Japan_009263.jpg,None,0.0,0.0,100.0,GOOD
Japan_009265.jpg,None,0.0,0.0,100.0,GOOD
Japan_009267.jpg,None,0.0,0.0,100.0,GOOD
Japan_009268.jpg,None,0.0,0.0,100.0,GOOD
Japan_009272.jpg,None,0.0,0.0,100.0,GOOD
Japan_009288.jpg,"2,2,2,2,2",0.932,18.41,75.98,MODERATE
Japan_009290.jpg,None,0.0,0.0,100.0,GOOD
Japan_009294.jpg,3,0.872,0.5,99.39,GOOD
Japan_009303.jpg,"2,2,2,2,2,2,2,2,2,2,2,2,2,2,2,2",0.999,22.51,68.53,MODERATE
Japan_009306.jpg,None,0.0,0.0,100.0,GOOD
Japan_009307.jpg,None,0.0,0.0,100.0,GOOD
Japan_009311.jpg,2,0.92,14.06,81.88,GOOD
Japan_009321.jpg,None,0.0,0.0,100.0,GOOD
Japan_009326.jpg,"2,2,2,3",0.996,19.47,72.85,MODERATE
Japan_009328.jpg,None,0.0,0.0,100.0,GOOD
Japan_009335.jpg,None,0.0,0.0,100.0,GOOD
Japan_009339.jpg,None,0.0,0.0,100.0,GOOD
Japan_009340.jpg,None,0.0,0.0,100.0,GOOD
Japan_009345.jpg,None,0.0,0.0,100.0,GOOD
Japan_009360.jpg,"3,3",0.684,12.33,88.19,GOOD
Japan_009364.jpg,None,0.0,0.0,100.0,GOOD
Japan_009372.jpg,"3,2,3,3,3",0.911,0.44,99.44,GOOD
Japan_009378.jpg,None,0.0,0.0,100.0,GOOD
Japan_009379.jpg,None,0.0,0.0,100.0,GOOD
Japan_009380.jpg,None,0.0,0.0,100.0,GOOD
Japan_009388.jpg,None,0.0,0.0,100.0,GOOD
Japan_009400.jpg,None,0.0,0.0,100.0,GOOD
Japan_009402.jpg,None,0.0,0.0,100.0,GOOD
Japan_009409.jpg,"2,2",0.843,19.77,76.67,MODERATE
Japan_009417.jpg,"2,2,2,2,2,2,2",0.988,21.12,70.8,MODERATE
Japan_009425.jpg,None,0.0,0.0,100.0,GOOD
Japan_009426.jpg,3,0.694,0.27,99.74,GOOD
Japan_009427.jpg,2,0.812,13.18,85.01,GOOD
Japan_009433.jpg,"2,2,2,2,2,2",0.993,20.98,70.83,MODERATE
Japan_009439.jpg,None,0.0,0.0,100.0,GOOD
Japan_009445.jpg,None,0.0,0.0,100.0,GOOD
Japan_009453.jpg,None,0.0,0.0,100.0,GOOD
Japan_009457.jpg,"2,2,2,2",0.998,21.54,69.89,MODERATE
Japan_009480.jpg,2,0.785,14.27,84.32,GOOD
Japan_009481.jpg,None,0.0,0.0,100.0,GOOD
Japan_009490.jpg,None,0.0,0.0,100.0,GOOD
Japan_009492.jpg,2,0.86,20.28,75.58,MODERATE
Japan_009505.jpg,None,0.0,0.0,100.0,GOOD
Japan_009507.jpg,None,0.0,0.0,100.0,GOOD
Japan_009508.jpg,None,0.0,0.0,100.0,GOOD
Japan_009510.jpg,None,0.0,0.0,100.0,GOOD
Japan_009513.jpg,None,0.0,0.0,100.0,GOOD
Japan_009521.jpg,"2,2,2",0.963,17.21,76.8,MODERATE
Japan_009529.jpg,None,0.0,0.0,100.0,GOOD
Japan_009546.jpg,None,0.0,0.0,100.0,GOOD
Japan_009547.jpg,"2,2,2,2",0.98,22.61,68.99,MODERATE
Japan_009555.jpg,None,0.0,0.0,100.0,GOOD
Japan_009559.jpg,"2,2,2",0.966,12.53,83.06,GOOD
Japan_009564.jpg,None,0.0,0.0,100.0,GOOD
Japan_009567.jpg,None,0.0,0.0,100.0,GOOD
Japan_009569.jpg,None,0.0,0.0,100.0,GOOD
Japan_009582.jpg,2,0.957,9.39,87.43,GOOD
Japan_009587.jpg,2,0.862,12.41,85.02,GOOD
Japan_009598.jpg,None,0.0,0.0,100.0,GOOD
Japan_009617.jpg,"1,1",0.763,1.96,97.91,GOOD
Japan_009618.jpg,None,0.0,0.0,100.0,GOOD
Japan_009637.jpg,None,0.0,0.0,100.0,GOOD
Japan_009644.jpg,None,0.0,0.0,100.0,GOOD
Japan_009645.jpg,None,0.0,0.0,100.0,GOOD
Japan_009659.jpg,None,0.0,0.0,100.0,GOOD
Japan_009664.jpg,None,0.0,0.0,100.0,GOOD
Japan_009665.jpg,None,0.0,0.0,100.0,GOOD
Japan_009669.jpg,None,0.0,0.0,100.0,GOOD
Japan_009679.jpg,None,0.0,0.0,100.0,GOOD
Japan_009684.jpg,None,0.0,0.0,100.0,GOOD
Japan_009685.jpg,None,0.0,0.0,100.0,GOOD
Japan_009693.jpg,None,0.0,0.0,100.0,GOOD
Japan_009698.jpg,"2,2,2,2",0.986,9.5,86.88,GOOD
Japan_009702.jpg,None,0.0,0.0,100.0,GOOD
Japan_009705.jpg,"2,2,2,2,2,2",0.966,20.19,72.7,MODERATE
Japan_009707.jpg,None,0.0,0.0,100.0,GOOD
Japan_009708.jpg,None,0.0,0.0,100.0,GOOD
Japan_009709.jpg,2,0.628,11.35,90.01,GOOD
Japan_009717.jpg,"3,2",0.841,0.3,99.65,GOOD
Japan_009726.jpg,None,0.0,0.0,100.0,GOOD
Japan_009730.jpg,None,0.0,0.0,100.0,GOOD
Japan_009731.jpg,3,0.713,0.33,99.67,GOOD
Japan_009734.jpg,"2,2,2,2",0.989,19.61,72.85,MODERATE
Japan_009740.jpg,None,0.0,0.0,100.0,GOOD
Japan_009741.jpg,None,0.0,0.0,100.0,GOOD
Japan_009743.jpg,2,0.874,21.95,73.15,MODERATE
Japan_009744.jpg,None,0.0,0.0,100.0,GOOD
Japan_009770.jpg,None,0.0,0.0,100.0,GOOD
Japan_009778.jpg,None,0.0,0.0,100.0,GOOD
Japan_009779.jpg,None,0.0,0.0,100.0,GOOD
Japan_009784.jpg,None,0.0,0.0,100.0,GOOD
Japan_009800.jpg,None,0.0,0.0,100.0,GOOD
Japan_009802.jpg,"2,2,2,2,2",0.983,21.88,69.88,MODERATE
Japan_009805.jpg,None,0.0,0.0,100.0,GOOD
Japan_009821.jpg,None,0.0,0.0,100.0,GOOD
Japan_009832.jpg,None,0.0,0.0,100.0,GOOD
Japan_009841.jpg,None,0.0,0.0,100.0,GOOD
Japan_009845.jpg,3,0.606,0.21,99.82,GOOD
Japan_009859.jpg,None,0.0,0.0,100.0,GOOD
Japan_009874.jpg,None,0.0,0.0,100.0,GOOD
Japan_009875.jpg,None,0.0,0.0,100.0,GOOD
Japan_009889.jpg,3,0.974,0.36,99.51,GOOD
Japan_009893.jpg,None,0.0,0.0,100.0,GOOD
Japan_009909.jpg,None,0.0,0.0,100.0,GOOD
Japan_009911.jpg,3,0.836,0.31,99.63,GOOD
Japan_009916.jpg,None,0.0,0.0,100.0,GOOD
Japan_009918.jpg,None,0.0,0.0,100.0,GOOD
Japan_009939.jpg,None,0.0,0.0,100.0,GOOD
Japan_009940.jpg,None,0.0,0.0,100.0,GOOD
Japan_009943.jpg,None,0.0,0.0,100.0,GOOD
Japan_009950.jpg,None,0.0,0.0,100.0,GOOD
Japan_009951.jpg,None,0.0,0.0,100.0,GOOD
Japan_009954.jpg,None,0.0,0.0,100.0,GOOD
Japan_009960.jpg,None,0.0,0.0,100.0,GOOD
Japan_009965.jpg,None,0.0,0.0,100.0,GOOD
Japan_009974.jpg,None,0.0,0.0,100.0,GOOD
Japan_009981.jpg,None,0.0,0.0,100.0,GOOD
Japan_009992.jpg,None,0.0,0.0,100.0,GOOD
Japan_010002.jpg,None,0.0,0.0,100.0,GOOD
Japan_010010.jpg,None,0.0,0.0,100.0,GOOD
Japan_010011.jpg,"2,2,2,2,2,2,2,2,2,2",0.99,20.83,71.13,MODERATE
Japan_010015.jpg,3,0.772,0.55,99.4,GOOD
Japan_010016.jpg,3,0.741,0.56,99.42,GOOD
Japan_010019.jpg,"2,2,2,2,2,2,2,2",0.982,13.54,81.4,GOOD
Japan_010022.jpg,None,0.0,0.0,100.0,GOOD
Japan_010026.jpg,None,0.0,0.0,100.0,GOOD
Japan_010027.jpg,3,0.72,16.24,83.63,GOOD
Japan_010029.jpg,None,0.0,0.0,100.0,GOOD
Japan_010038.jpg,3,0.929,0.36,99.53,GOOD
Japan_010045.jpg,None,0.0,0.0,100.0,GOOD
Japan_010048.jpg,2,0.685,18.86,81.91,GOOD
Japan_010050.jpg,None,0.0,0.0,100.0,GOOD
Japan_010068.jpg,"2,2,2,2,2,2,2,2",0.998,17.02,76.21,MODERATE
Japan_010069.jpg,"2,2,2,2,2,2,2,2,2,2",0.991,13.74,80.95,GOOD
Japan_010075.jpg,2,0.732,19.32,80.2,GOOD
Japan_010077.jpg,None,0.0,0.0,100.0,GOOD
Japan_010099.jpg,None,0.0,0.0,100.0,GOOD
Japan_010101.jpg,None,0.0,0.0,100.0,GOOD
Japan_010103.jpg,2,0.896,13.5,83.07,GOOD
Japan_010109.jpg,2,0.659,19.06,82.41,GOOD
Japan_010122.jpg,None,0.0,0.0,100.0,GOOD
Japan_010145.jpg,None,0.0,0.0,100.0,GOOD
Japan_010159.jpg,"2,2,2",0.997,22.54,68.56,MODERATE
Japan_010166.jpg,None,0.0,0.0,100.0,GOOD
Japan_010169.jpg,"2,3",0.703,18.04,82.25,GOOD
Japan_010171.jpg,None,0.0,0.0,100.0,GOOD
Japan_010173.jpg,None,0.0,0.0,100.0,GOOD
Japan_010191.jpg,None,0.0,0.0,100.0,GOOD
Japan_010205.jpg,3,0.92,0.35,99.55,GOOD
Japan_010208.jpg,"2,2,2",0.781,12.04,86.84,GOOD
Japan_010227.jpg,"2,3,2,2,2",0.927,17.66,77.09,MODERATE
Japan_010239.jpg,None,0.0,0.0,100.0,GOOD
Japan_010248.jpg,None,0.0,0.0,100.0,GOOD
Japan_010249.jpg,None,0.0,0.0,100.0,GOOD
Japan_010253.jpg,None,0.0,0.0,100.0,GOOD
Japan_010269.jpg,3,0.824,0.37,99.58,GOOD
Japan_010277.jpg,None,0.0,0.0,100.0,GOOD
Japan_010287.jpg,None,0.0,0.0,100.0,GOOD
Japan_010288.jpg,"2,2,2,2,2,2,2,2,2,2",0.986,19.14,73.59,MODERATE
Japan_010289.jpg,0,0.628,3.22,97.16,GOOD
Japan_010292.jpg,None,0.0,0.0,100.0,GOOD
Japan_010302.jpg,"2,2,2,2,2,2",0.912,10.95,86.02,GOOD
Japan_010305.jpg,None,0.0,0.0,100.0,GOOD
Japan_010309.jpg,"2,2,2,2",0.962,12.52,83.15,GOOD
Japan_010314.jpg,None,0.0,0.0,100.0,GOOD
Japan_010320.jpg,None,0.0,0.0,100.0,GOOD
Japan_010328.jpg,None,0.0,0.0,100.0,GOOD
Japan_010342.jpg,"2,2,2,2",0.924,13.94,81.96,GOOD
Japan_010350.jpg,"2,2,2,2,2,2,2",0.939,22.34,70.64,MODERATE
Japan_010358.jpg,None,0.0,0.0,100.0,GOOD
Japan_010360.jpg,None,0.0,0.0,100.0,GOOD
Japan_010364.jpg,None,0.0,0.0,100.0,GOOD
Japan_010379.jpg,"2,2,2,2",0.899,20.09,74.71,MODERATE
Japan_010381.jpg,None,0.0,0.0,100.0,GOOD
Japan_010385.jpg,None,0.0,0.0,100.0,GOOD
Japan_010388.jpg,"2,2,2,2,2,2,2,2,2,2,2,2,2,2,2,2,2",1.0,16.06,77.52,MODERATE
Japan_010389.jpg,None,0.0,0.0,100.0,GOOD
Japan_010397.jpg,None,0.0,0.0,100.0,GOOD
Japan_010400.jpg,2,0.697,17.09,83.33,GOOD
Japan_010403.jpg,"2,2,2,2,2,2,2,2,2",0.983,15.19,79.1,MODERATE
Japan_010405.jpg,None,0.0,0.0,100.0,GOOD
Japan_010429.jpg,None,0.0,0.0,100.0,GOOD
Japan_010432.jpg,2,0.696,15.48,84.91,GOOD
Japan_010433.jpg,3,0.805,0.26,99.7,GOOD
Japan_010440.jpg,"2,2,2,2",0.973,14.67,80.01,GOOD
Japan_010444.jpg,"2,2",0.889,20.17,74.9,MODERATE
Japan_010448.jpg,None,0.0,0.0,100.0,GOOD
Japan_010456.jpg,"2,2",0.714,13.0,87.0,GOOD
Japan_010463.jpg,None,0.0,0.0,100.0,GOOD
Japan_010464.jpg,"2,2",0.878,12.31,84.87,GOOD
Japan_010471.jpg,None,0.0,0.0,100.0,GOOD
Japan_010473.jpg,None,0.0,0.0,100.0,GOOD
Japan_010477.jpg,None,0.0,0.0,100.0,GOOD
Japan_010483.jpg,None,0.0,0.0,100.0,GOOD
Japan_010486.jpg,None,0.0,0.0,100.0,GOOD
Japan_010498.jpg,None,0.0,0.0,100.0,GOOD
Japan_010502.jpg,None,0.0,0.0,100.0,GOOD
Japan_010507.jpg,"2,2,2,2",0.969,20.96,71.57,MODERATE
Japan_010508.jpg,None,0.0,0.0,100.0,GOOD
Japan_010510.jpg,None,0.0,0.0,100.0,GOOD
Japan_010511.jpg,None,0.0,0.0,100.0,GOOD
Japan_010520.jpg,None,0.0,0.0,100.0,GOOD
Japan_010534.jpg,"3,2",0.671,13.71,87.13,GOOD
Japan_010547.jpg,None,0.0,0.0,100.0,GOOD
Japan_010548.jpg,"2,2,2",0.843,12.61,85.12,GOOD
Japan_010557.jpg,None,0.0,0.0,100.0,GOOD
Japan_010568.jpg,None,0.0,0.0,100.0,GOOD
Japan_010573.jpg,"2,2,2,2,2,2,2",0.993,21.24,70.46,MODERATE
Japan_010578.jpg,"2,2",0.904,9.76,87.65,GOOD
Japan_010604.jpg,None,0.0,0.0,100.0,GOOD
Japan_010616.jpg,None,0.0,0.0,100.0,GOOD
Japan_010622.jpg,"2,2,2,2",0.986,12.83,82.29,GOOD
Japan_010636.jpg,"2,2,2,2,2,2,2,2,2",0.989,19.31,73.26,MODERATE
Japan_010655.jpg,None,0.0,0.0,100.0,GOOD
Japan_010662.jpg,None,0.0,0.0,100.0,GOOD
Japan_010666.jpg,None,0.0,0.0,100.0,GOOD
Japan_010669.jpg,2,0.749,17.13,82.05,GOOD
Japan_010675.jpg,None,0.0,0.0,100.0,GOOD
Japan_010676.jpg,None,0.0,0.0,100.0,GOOD
Japan_010684.jpg,"2,2,2,2,2,2,2",0.92,20.22,73.96,MODERATE
Japan_010686.jpg,"2,2,2,2,2",0.823,19.48,77.56,MODERATE
Japan_010695.jpg,3,0.782,0.21,99.77,GOOD
Japan_010712.jpg,None,0.0,0.0,100.0,GOOD
Japan_010718.jpg,3,0.791,0.51,99.43,GOOD
Japan_010720.jpg,None,0.0,0.0,100.0,GOOD
Japan_010724.jpg,None,0.0,0.0,100.0,GOOD
Japan_010727.jpg,None,0.0,0.0,100.0,GOOD
Japan_010731.jpg,"2,2,2,2,2,2,2,2,2",0.996,23.55,67.18,MODERATE
Japan_010733.jpg,"3,3,3",0.823,10.42,88.01,GOOD
Japan_010741.jpg,None,0.0,0.0,100.0,GOOD
Japan_010744.jpg,None,0.0,0.0,100.0,GOOD
Japan_010753.jpg,3,0.748,0.37,99.61,GOOD
Japan_010763.jpg,None,0.0,0.0,100.0,GOOD
Japan_010764.jpg,None,0.0,0.0,100.0,GOOD
Japan_010767.jpg,None,0.0,0.0,100.0,GOOD
Japan_010773.jpg,3,0.657,0.24,99.78,GOOD
Japan_010775.jpg,2,0.888,17.07,78.78,MODERATE
Japan_010782.jpg,None,0.0,0.0,100.0,GOOD
Japan_010806.jpg,"3,3",0.764,0.26,99.73,GOOD
Japan_010814.jpg,None,0.0,0.0,100.0,GOOD
Japan_010823.jpg,None,0.0,0.0,100.0,GOOD
Japan_010826.jpg,"2,2,2",0.919,10.24,86.81,GOOD
Japan_010837.jpg,None,0.0,0.0,100.0,GOOD
Japan_010840.jpg,None,0.0,0.0,100.0,GOOD
Japan_010856.jpg,None,0.0,0.0,100.0,GOOD
Japan_010859.jpg,2,0.811,20.61,76.58,MODERATE
Japan_010861.jpg,"2,2,2,2,2",0.995,21.37,70.23,MODERATE
Japan_010863.jpg,1,0.631,2.05,98.19,GOOD
Japan_010867.jpg,None,0.0,0.0,100.0,GOOD
Japan_010887.jpg,None,0.0,0.0,100.0,GOOD
Japan_010894.jpg,None,0.0,0.0,100.0,GOOD
Japan_010895.jpg,None,0.0,0.0,100.0,GOOD
Japan_010900.jpg,None,0.0,0.0,100.0,GOOD
Japan_010913.jpg,None,0.0,0.0,100.0,GOOD
Japan_010924.jpg,None,0.0,0.0,100.0,GOOD
Japan_010925.jpg,2,0.781,17.77,80.59,GOOD
Japan_010931.jpg,None,0.0,0.0,100.0,GOOD
Japan_010936.jpg,None,0.0,0.0,100.0,GOOD
Japan_010949.jpg,None,0.0,0.0,100.0,GOOD
Japan_010960.jpg,None,0.0,0.0,100.0,GOOD
Japan_010973.jpg,None,0.0,0.0,100.0,GOOD
Japan_010978.jpg,None,0.0,0.0,100.0,GOOD
Japan_010980.jpg,"2,2",0.995,17.21,76.03,MODERATE
Japan_010981.jpg,None,0.0,0.0,100.0,GOOD
Japan_010982.jpg,None,0.0,0.0,100.0,GOOD
Japan_010985.jpg,None,0.0,0.0,100.0,GOOD
Japan_010995.jpg,None,0.0,0.0,100.0,GOOD
Japan_011025.jpg,None,0.0,0.0,100.0,GOOD
Japan_011027.jpg,"2,2,2",0.999,21.24,70.29,MODERATE
Japan_011034.jpg,None,0.0,0.0,100.0,GOOD
Japan_011035.jpg,None,0.0,0.0,100.0,GOOD
Japan_011041.jpg,None,0.0,0.0,100.0,GOOD
Japan_011045.jpg,None,0.0,0.0,100.0,GOOD
Japan_011049.jpg,None,0.0,0.0,100.0,GOOD
Japan_011051.jpg,"2,2,2,2",0.954,22.38,70.13,MODERATE
Japan_011054.jpg,"2,2,2",0.976,19.34,73.56,MODERATE
Japan_011055.jpg,"2,2,2,2,2,2,2,2,2",0.981,16.0,78.03,MODERATE
Japan_011056.jpg,"2,2,2,2,2,2",0.987,17.99,75.15,MODERATE
Japan_011058.jpg,None,0.0,0.0,100.0,GOOD
Japan_011063.jpg,"2,2,2,2,2,2,2,2,4",0.997,22.35,68.8,MODERATE
Japan_011065.jpg,2,0.651,16.57,84.89,GOOD
Japan_011067.jpg,None,0.0,0.0,100.0,GOOD
Japan_011068.jpg,"2,2,2,2,2,2,2,2,2,2,2,2,2,2,2,2,2,2,2,2,2,2",0.997,20.71,71.09,MODERATE
Japan_011069.jpg,None,0.0,0.0,100.0,GOOD
Japan_011075.jpg,None,0.0,0.0,100.0,GOOD
Japan_011076.jpg,2,0.9,10.15,87.21,GOOD
Japan_011099.jpg,3,0.952,0.39,99.48,GOOD
Japan_011108.jpg,None,0.0,0.0,100.0,GOOD
Japan_011119.jpg,None,0.0,0.0,100.0,GOOD
Japan_011138.jpg,None,0.0,0.0,100.0,GOOD
Japan_011147.jpg,2,0.837,12.79,85.0,GOOD
Japan_011155.jpg,None,0.0,0.0,100.0,GOOD
Japan_011157.jpg,3,0.901,0.3,99.62,GOOD
Japan_011163.jpg,None,0.0,0.0,100.0,GOOD
Japan_011170.jpg,None,0.0,0.0,100.0,GOOD
Japan_011171.jpg,None,0.0,0.0,100.0,GOOD
Japan_011179.jpg,"3,3",0.638,0.21,99.81,GOOD
Japan_011180.jpg,None,0.0,0.0,100.0,GOOD
Japan_011187.jpg,None,0.0,0.0,100.0,GOOD
Japan_011193.jpg,None,0.0,0.0,100.0,GOOD
Japan_011201.jpg,"2,2,2,2,2,2,2",0.993,14.53,79.8,MODERATE
Japan_011202.jpg,None,0.0,0.0,100.0,GOOD
Japan_011203.jpg,None,0.0,0.0,100.0,GOOD
Japan_011207.jpg,"2,2,2,2,2,2,2,2",0.989,15.83,78.08,MODERATE
Japan_011211.jpg,3,0.681,0.19,99.82,GOOD
Japan_011212.jpg,None,0.0,0.0,100.0,GOOD
Japan_011213.jpg,2,0.754,14.31,84.89,GOOD
Japan_011218.jpg,None,0.0,0.0,100.0,GOOD
Japan_011225.jpg,None,0.0,0.0,100.0,GOOD
Japan_011227.jpg,None,0.0,0.0,100.0,GOOD
Japan_011230.jpg,None,0.0,0.0,100.0,GOOD
Japan_011239.jpg,None,0.0,0.0,100.0,GOOD
Japan_011254.jpg,"2,2",0.713,16.37,83.65,GOOD
Japan_011256.jpg,None,0.0,0.0,100.0,GOOD
Japan_011263.jpg,"2,2",0.906,17.35,77.99,MODERATE
Japan_011265.jpg,None,0.0,0.0,100.0,GOOD
Japan_011269.jpg,None,0.0,0.0,100.0,GOOD
Japan_011273.jpg,None,0.0,0.0,100.0,GOOD
Japan_011276.jpg,1,0.654,1.88,98.28,GOOD
Japan_011278.jpg,"2,2,2,2,2,2,2,2",0.992,19.03,73.59,MODERATE
Japan_011283.jpg,None,0.0,0.0,100.0,GOOD
Japan_011287.jpg,3,0.618,0.27,99.76,GOOD
Japan_011296.jpg,None,0.0,0.0,100.0,GOOD
Japan_011299.jpg,None,0.0,0.0,100.0,GOOD
Japan_011306.jpg,"3,3",0.85,0.35,99.58,GOOD
Japan_011311.jpg,None,0.0,0.0,100.0,GOOD
Japan_011315.jpg,None,0.0,0.0,100.0,GOOD
Japan_011319.jpg,None,0.0,0.0,100.0,GOOD
Japan_011320.jpg,None,0.0,0.0,100.0,GOOD
Japan_011325.jpg,None,0.0,0.0,100.0,GOOD
Japan_011341.jpg,None,0.0,0.0,100.0,GOOD
Japan_011342.jpg,None,0.0,0.0,100.0,GOOD
Japan_011350.jpg,"2,2,2,2",0.775,19.76,78.57,MODERATE
Japan_011351.jpg,None,0.0,0.0,100.0,GOOD
Japan_011374.jpg,None,0.0,0.0,100.0,GOOD
Japan_011382.jpg,"1,1,1",0.878,4.12,94.94,GOOD
Japan_011389.jpg,None,0.0,0.0,100.0,GOOD
Japan_011391.jpg,None,0.0,0.0,100.0,GOOD
Japan_011392.jpg,None,0.0,0.0,100.0,GOOD
Japan_011393.jpg,None,0.0,0.0,100.0,GOOD
Japan_011395.jpg,"2,2,2",0.88,14.8,81.76,GOOD
Japan_011396.jpg,None,0.0,0.0,100.0,GOOD
Japan_011399.jpg,"2,2,2,2,2,2,2,2,2,2,2,2",0.998,17.79,75.13,MODERATE
Japan_011406.jpg,None,0.0,0.0,100.0,GOOD
Japan_011409.jpg,3,0.864,0.24,99.7,GOOD
Japan_011412.jpg,None,0.0,0.0,100.0,GOOD
Japan_011417.jpg,"2,2,2",0.923,13.89,82.05,GOOD
Japan_011427.jpg,None,0.0,0.0,100.0,GOOD
Japan_011438.jpg,2,0.668,16.99,84.12,GOOD
Japan_011456.jpg,None,0.0,0.0,100.0,GOOD
Japan_011458.jpg,None,0.0,0.0,100.0,GOOD
Japan_011462.jpg,2,0.937,22.51,70.47,MODERATE
Japan_011483.jpg,"2,2",0.975,19.88,72.88,MODERATE
Japan_011499.jpg,None,0.0,0.0,100.0,GOOD
Japan_011501.jpg,"2,2,2",0.98,10.69,85.33,GOOD
Japan_011521.jpg,None,0.0,0.0,100.0,GOOD
Japan_011524.jpg,None,0.0,0.0,100.0,GOOD
Japan_011527.jpg,"2,2,2,2,2,2,2,2,2",0.999,21.57,69.83,MODERATE
Japan_011536.jpg,None,0.0,0.0,100.0,GOOD
Japan_011539.jpg,None,0.0,0.0,100.0,GOOD
Japan_011544.jpg,None,0.0,0.0,100.0,GOOD
Japan_011549.jpg,2,0.613,19.73,83.07,GOOD
Japan_011552.jpg,None,0.0,0.0,100.0,GOOD
Japan_011553.jpg,None,0.0,0.0,100.0,GOOD
Japan_011559.jpg,None,0.0,0.0,100.0,GOOD
Japan_011560.jpg,None,0.0,0.0,100.0,GOOD
Japan_011563.jpg,"2,3",0.674,14.44,86.37,GOOD
Japan_011564.jpg,None,0.0,0.0,100.0,GOOD
Japan_011566.jpg,3,0.843,0.48,99.44,GOOD
Japan_011567.jpg,None,0.0,0.0,100.0,GOOD
Japan_011583.jpg,None,0.0,0.0,100.0,GOOD
Japan_011586.jpg,"2,2",0.8,11.4,87.23,GOOD
Japan_011589.jpg,None,0.0,0.0,100.0,GOOD
Japan_011603.jpg,None,0.0,0.0,100.0,GOOD
Japan_011609.jpg,None,0.0,0.0,100.0,GOOD
Japan_011610.jpg,"2,2,2,2,2,2,2",0.918,19.04,75.52,MODERATE
Japan_011616.jpg,None,0.0,0.0,100.0,GOOD
Japan_011627.jpg,None,0.0,0.0,100.0,GOOD
Japan_011636.jpg,None,0.0,0.0,100.0,GOOD
Japan_011640.jpg,2,0.729,18.15,81.47,GOOD
Japan_011641.jpg,None,0.0,0.0,100.0,GOOD
Japan_011642.jpg,None,0.0,0.0,100.0,GOOD
Japan_011645.jpg,2,0.689,16.53,84.07,GOOD
Japan_011654.jpg,None,0.0,0.0,100.0,GOOD
Japan_011655.jpg,None,0.0,0.0,100.0,GOOD
Japan_011657.jpg,None,0.0,0.0,100.0,GOOD
Japan_011658.jpg,None,0.0,0.0,100.0,GOOD
Japan_011659.jpg,None,0.0,0.0,100.0,GOOD
Japan_011660.jpg,"2,2",0.879,22.06,72.84,MODERATE
Japan_011661.jpg,2,0.654,13.24,87.87,GOOD
Japan_011663.jpg,None,0.0,0.0,100.0,GOOD
Japan_011668.jpg,None,0.0,0.0,100.0,GOOD
Japan_011671.jpg,None,0.0,0.0,100.0,GOOD
Japan_011676.jpg,"3,3",0.731,3.65,96.26,GOOD
Japan_011696.jpg,None,0.0,0.0,100.0,GOOD
Japan_011698.jpg,None,0.0,0.0,100.0,GOOD
Japan_011702.jpg,"2,2,1",0.884,18.6,76.97,MODERATE
Japan_011705.jpg,"2,2,2,2,2",0.984,17.62,75.73,MODERATE
Japan_011709.jpg,"2,2,2",0.878,20.62,74.66,MODERATE
Japan_011711.jpg,2,0.712,19.96,80.1,GOOD
Japan_011717.jpg,None,0.0,0.0,100.0,GOOD
Japan_011720.jpg,None,0.0,0.0,100.0,GOOD
Japan_011728.jpg,2,0.698,17.51,82.9,GOOD
Japan_011731.jpg,None,0.0,0.0,100.0,GOOD
Japan_011738.jpg,"2,2",0.912,16.21,79.31,MODERATE
Japan_011741.jpg,None,0.0,0.0,100.0,GOOD
Japan_011743.jpg,None,0.0,0.0,100.0,GOOD
Japan_011747.jpg,None,0.0,0.0,100.0,GOOD
Japan_011754.jpg,None,0.0,0.0,100.0,GOOD
Japan_011755.jpg,"2,2",0.975,19.41,73.51,MODERATE
Japan_011766.jpg,None,0.0,0.0,100.0,GOOD
Japan_011767.jpg,"2,3",0.959,13.97,81.24,GOOD
Japan_011772.jpg,None,0.0,0.0,100.0,GOOD
Japan_011773.jpg,2,0.642,21.09,81.06,GOOD
Japan_011778.jpg,None,0.0,0.0,100.0,GOOD
Japan_011784.jpg,None,0.0,0.0,100.0,GOOD
Japan_011787.jpg,None,0.0,0.0,100.0,GOOD
Japan_011791.jpg,None,0.0,0.0,100.0,GOOD
Japan_011804.jpg,3,0.882,12.14,85.01,GOOD
Japan_011817.jpg,None,0.0,0.0,100.0,GOOD
Japan_011829.jpg,None,0.0,0.0,100.0,GOOD
Japan_011831.jpg,None,0.0,0.0,100.0,GOOD
Japan_011844.jpg,None,0.0,0.0,100.0,GOOD
Japan_011845.jpg,2,0.753,10.88,88.53,GOOD
Japan_011847.jpg,None,0.0,0.0,100.0,GOOD
Japan_011849.jpg,None,0.0,0.0,100.0,GOOD
Japan_011855.jpg,None,0.0,0.0,100.0,GOOD
Japan_011867.jpg,None,0.0,0.0,100.0,GOOD
Japan_011868.jpg,3,0.605,0.74,99.38,GOOD
Japan_011870.jpg,2,0.716,11.89,88.07,GOOD
Japan_011872.jpg,3,0.821,0.5,99.42,GOOD
Japan_011874.jpg,"2,2,2,2,2",0.995,21.12,70.57,MODERATE
Japan_011881.jpg,None,0.0,0.0,100.0,GOOD
Japan_011895.jpg,None,0.0,0.0,100.0,GOOD
Japan_011896.jpg,2,0.646,18.17,83.57,GOOD
Japan_011910.jpg,None,0.0,0.0,100.0,GOOD
Japan_011912.jpg,None,0.0,0.0,100.0,GOOD
Japan_011913.jpg,None,0.0,0.0,100.0,GOOD
Japan_011914.jpg,None,0.0,0.0,100.0,GOOD
Japan_011916.jpg,None,0.0,0.0,100.0,GOOD
Japan_011925.jpg,"3,2",0.821,0.9,98.97,GOOD
Japan_011934.jpg,None,0.0,0.0,100.0,GOOD
Japan_011943.jpg,None,0.0,0.0,100.0,GOOD
Japan_011947.jpg,1,0.653,1.99,98.18,GOOD
Japan_011950.jpg,None,0.0,0.0,100.0,GOOD
Japan_011952.jpg,3,0.802,0.39,99.57,GOOD
Japan_011955.jpg,None,0.0,0.0,100.0,GOOD
Japan_011957.jpg,"2,2,2,2,2,2,2,2,2,2,2,2,2,2",1.0,22.64,68.31,MODERATE
Japan_011959.jpg,None,0.0,0.0,100.0,GOOD
Japan_011960.jpg,None,0.0,0.0,100.0,GOOD
Japan_011971.jpg,3,0.847,0.49,99.41,GOOD
Japan_011978.jpg,"2,2,2,2,2,2,2",0.985,11.81,83.71,GOOD
Japan_011981.jpg,None,0.0,0.0,100.0,GOOD
Japan_011984.jpg,None,0.0,0.0,100.0,GOOD
Japan_011986.jpg,"2,2,2,2,2,2,2,2,2,2,2,2,2,2,2",0.995,21.81,69.61,MODERATE
Japan_012002.jpg,None,0.0,0.0,100.0,GOOD
Japan_012003.jpg,2,0.784,20.23,77.8,MODERATE
Japan_012005.jpg,None,0.0,0.0,100.0,GOOD
Japan_012006.jpg,None,0.0,0.0,100.0,GOOD
Japan_012016.jpg,None,0.0,0.0,100.0,GOOD
Japan_012020.jpg,"2,2,2,2,2,2,2,2,2,2,2,2,2,2,2,2,2,2,2,2,2",0.999,20.52,71.29,MODERATE
Japan_012025.jpg,None,0.0,0.0,100.0,GOOD
Japan_012032.jpg,None,0.0,0.0,100.0,GOOD
Japan_012034.jpg,None,0.0,0.0,100.0,GOOD
Japan_012046.jpg,None,0.0,0.0,100.0,GOOD
Japan_012050.jpg,1,0.702,2.08,97.95,GOOD
Japan_012051.jpg,None,0.0,0.0,100.0,GOOD
Japan_012062.jpg,None,0.0,0.0,100.0,GOOD
Japan_012063.jpg,2,0.66,18.11,83.27,GOOD
Japan_012065.jpg,None,0.0,0.0,100.0,GOOD
Japan_012081.jpg,2,0.871,17.79,78.3,MODERATE
Japan_012084.jpg,"2,2,2",0.988,16.2,77.6,MODERATE
Japan_012088.jpg,None,0.0,0.0,100.0,GOOD
Japan_012097.jpg,"3,3,3",0.802,0.19,99.79,GOOD
Japan_012125.jpg,None,0.0,0.0,100.0,GOOD
Japan_012133.jpg,None,0.0,0.0,100.0,GOOD
Japan_012144.jpg,None,0.0,0.0,100.0,GOOD
Japan_012148.jpg,None,0.0,0.0,100.0,GOOD
Japan_012150.jpg,None,0.0,0.0,100.0,GOOD
Japan_012155.jpg,3,0.635,8.59,92.37,GOOD
Japan_012170.jpg,2,0.783,17.24,81.1,GOOD
Japan_012174.jpg,"2,2",0.969,17.18,76.7,MODERATE
Japan_012181.jpg,None,0.0,0.0,100.0,GOOD
Japan_012182.jpg,2,0.68,19.09,81.83,GOOD
Japan_012187.jpg,None,0.0,0.0,100.0,GOOD
Japan_012191.jpg,"2,2",0.955,13.0,82.62,GOOD
Japan_012194.jpg,None,0.0,0.0,100.0,GOOD
Japan_012198.jpg,None,0.0,0.0,100.0,GOOD
Japan_012200.jpg,None,0.0,0.0,100.0,GOOD
Japan_012229.jpg,3,0.756,0.35,99.62,GOOD
Japan_012244.jpg,2,0.627,20.07,82.37,GOOD
Japan_012245.jpg,None,0.0,0.0,100.0,GOOD
Japan_012248.jpg,None,0.0,0.0,100.0,GOOD
Japan_012267.jpg,None,0.0,0.0,100.0,GOOD
Japan_012280.jpg,None,0.0,0.0,100.0,GOOD
Japan_012281.jpg,"2,2,2",0.904,15.55,80.32,GOOD
Japan_012282.jpg,None,0.0,0.0,100.0,GOOD
Japan_012298.jpg,None,0.0,0.0,100.0,GOOD
Japan_012302.jpg,None,0.0,0.0,100.0,GOOD
Japan_012303.jpg,"3,3,3",0.82,14.25,83.64,GOOD
Japan_012309.jpg,2,0.69,8.34,91.94,GOOD
Japan_012329.jpg,None,0.0,0.0,100.0,GOOD
Japan_012330.jpg,None,0.0,0.0,100.0,GOOD
Japan_012332.jpg,None,0.0,0.0,100.0,GOOD
Japan_012341.jpg,"2,2,2,2",0.911,16.35,79.14,MODERATE
Japan_012361.jpg,None,0.0,0.0,100.0,GOOD
Japan_012365.jpg,None,0.0,0.0,100.0,GOOD
Japan_012368.jpg,None,0.0,0.0,100.0,GOOD
Japan_012369.jpg,None,0.0,0.0,100.0,GOOD
Japan_012378.jpg,None,0.0,0.0,100.0,GOOD
Japan_012381.jpg,None,0.0,0.0,100.0,GOOD
Japan_012385.jpg,"2,2",0.745,14.42,84.95,GOOD
Japan_012390.jpg,None,0.0,0.0,100.0,GOOD
Japan_012401.jpg,None,0.0,0.0,100.0,GOOD
Japan_012403.jpg,"2,2,2,2,2",0.992,23.11,67.92,MODERATE
Japan_012416.jpg,None,0.0,0.0,100.0,GOOD
Japan_012417.jpg,None,0.0,0.0,100.0,GOOD
Japan_012418.jpg,None,0.0,0.0,100.0,GOOD
Japan_012420.jpg,None,0.0,0.0,100.0,GOOD
Japan_012422.jpg,None,0.0,0.0,100.0,GOOD
Japan_012443.jpg,"2,2,2,2,2,2,2,2,2,2,2",0.999,21.83,69.46,MODERATE
Japan_012446.jpg,None,0.0,0.0,100.0,GOOD
Japan_012453.jpg,None,0.0,0.0,100.0,GOOD
Japan_012460.jpg,None,0.0,0.0,100.0,GOOD
Japan_012463.jpg,"2,2,2",0.998,19.57,72.66,MODERATE
Japan_012467.jpg,None,0.0,0.0,100.0,GOOD
Japan_012476.jpg,None,0.0,0.0,100.0,GOOD
Japan_012480.jpg,None,0.0,0.0,100.0,GOOD
Japan_012488.jpg,None,0.0,0.0,100.0,GOOD
Japan_012491.jpg,None,0.0,0.0,100.0,GOOD
Japan_012504.jpg,None,0.0,0.0,100.0,GOOD
Japan_012505.jpg,"2,2,2,2,2",0.958,19.7,73.56,MODERATE
Japan_012508.jpg,None,0.0,0.0,100.0,GOOD
Japan_012517.jpg,None,0.0,0.0,100.0,GOOD
Japan_012537.jpg,None,0.0,0.0,100.0,GOOD
Japan_012541.jpg,None,0.0,0.0,100.0,GOOD
Japan_012543.jpg,None,0.0,0.0,100.0,GOOD
Japan_012545.jpg,None,0.0,0.0,100.0,GOOD
Japan_012546.jpg,None,0.0,0.0,100.0,GOOD
Japan_012549.jpg,"2,2,2,2,2,2",0.998,17.78,75.14,MODERATE
Japan_012550.jpg,None,0.0,0.0,100.0,GOOD
Japan_012553.jpg,"2,2,2,2,2,2,3,2",0.999,19.76,72.36,MODERATE
Japan_012556.jpg,"2,2,2,2,2",0.988,20.39,71.79,MODERATE
Japan_012568.jpg,None,0.0,0.0,100.0,GOOD
Japan_012571.jpg,None,0.0,0.0,100.0,GOOD
Japan_012585.jpg,None,0.0,0.0,100.0,GOOD
Japan_012589.jpg,None,0.0,0.0,100.0,GOOD
Japan_012590.jpg,None,0.0,0.0,100.0,GOOD
Japan_012592.jpg,None,0.0,0.0,100.0,GOOD
Japan_012593.jpg,None,0.0,0.0,100.0,GOOD
Japan_012605.jpg,None,0.0,0.0,100.0,GOOD
Japan_012606.jpg,None,0.0,0.0,100.0,GOOD
Japan_012609.jpg,"2,2,2,2",0.995,20.68,71.2,MODERATE
Japan_012611.jpg,None,0.0,0.0,100.0,GOOD
Japan_012631.jpg,"2,2,2,2,2",0.987,22.38,69.08,MODERATE
Japan_012633.jpg,None,0.0,0.0,100.0,GOOD
Japan_012653.jpg,3,0.937,0.24,99.68,GOOD
Japan_012657.jpg,None,0.0,0.0,100.0,GOOD
Japan_012658.jpg,None,0.0,0.0,100.0,GOOD
Japan_012662.jpg,None,0.0,0.0,100.0,GOOD
Japan_012678.jpg,2,0.847,14.5,82.81,GOOD
Japan_012685.jpg,None,0.0,0.0,100.0,GOOD
Japan_012692.jpg,"2,2,2,2,2",0.974,21.0,71.36,MODERATE
Japan_012698.jpg,None,0.0,0.0,100.0,GOOD
Japan_012707.jpg,None,0.0,0.0,100.0,GOOD
Japan_012708.jpg,None,0.0,0.0,100.0,GOOD
Japan_012720.jpg,None,0.0,0.0,100.0,GOOD
Japan_012725.jpg,None,0.0,0.0,100.0,GOOD
Japan_012732.jpg,None,0.0,0.0,100.0,GOOD
Japan_012734.jpg,"2,2,2,2,2",0.901,14.83,81.3,GOOD
Japan_012735.jpg,"2,2",0.964,16.66,77.51,MODERATE
Japan_012737.jpg,None,0.0,0.0,100.0,GOOD
Japan_012754.jpg,"2,2,2,2",0.898,20.83,73.8,MODERATE
Japan_012758.jpg,None,0.0,0.0,100.0,GOOD
Japan_012763.jpg,None,0.0,0.0,100.0,GOOD
Japan_012764.jpg,None,0.0,0.0,100.0,GOOD
Japan_012772.jpg,"3,3",0.713,0.4,99.61,GOOD
Japan_012774.jpg,None,0.0,0.0,100.0,GOOD
Japan_012780.jpg,None,0.0,0.0,100.0,GOOD
Japan_012789.jpg,"2,2,2,2",0.987,15.53,78.54,MODERATE
Japan_012795.jpg,None,0.0,0.0,100.0,GOOD
Japan_012808.jpg,None,0.0,0.0,100.0,GOOD
Japan_012810.jpg,None,0.0,0.0,100.0,GOOD
Japan_012811.jpg,None,0.0,0.0,100.0,GOOD
Japan_012824.jpg,"2,2,2,2,2,2,2",0.999,20.07,71.93,MODERATE
Japan_012828.jpg,"3,3",0.76,0.2,99.79,GOOD
Japan_012840.jpg,None,0.0,0.0,100.0,GOOD
Japan_012842.jpg,3,0.711,0.24,99.76,GOOD
Japan_012846.jpg,None,0.0,0.0,100.0,GOOD
Japan_012852.jpg,"2,2",0.944,18.66,75.35,MODERATE
Japan_012856.jpg,None,0.0,0.0,100.0,GOOD
Japan_012861.jpg,None,0.0,0.0,100.0,GOOD
Japan_012863.jpg,None,0.0,0.0,100.0,GOOD
Japan_012864.jpg,None,0.0,0.0,100.0,GOOD
Japan_012866.jpg,None,0.0,0.0,100.0,GOOD
Japan_012888.jpg,2,0.632,20.59,81.76,GOOD
Japan_012898.jpg,None,0.0,0.0,100.0,GOOD
Japan_012900.jpg,None,0.0,0.0,100.0,GOOD
Japan_012904.jpg,"3,3",0.886,12.47,84.54,GOOD
Japan_012909.jpg,None,0.0,0.0,100.0,GOOD
Japan_012921.jpg,3,0.688,1.12,98.92,GOOD
Japan_012933.jpg,"2,2,2,2,2,2,2",0.992,19.04,73.55,MODERATE
Japan_012935.jpg,None,0.0,0.0,100.0,GOOD
Japan_012940.jpg,None,0.0,0.0,100.0,GOOD
Japan_012942.jpg,None,0.0,0.0,100.0,GOOD
Japan_012947.jpg,None,0.0,0.0,100.0,GOOD
Japan_012948.jpg,None,0.0,0.0,100.0,GOOD
Japan_012950.jpg,"2,2,2",0.993,16.84,76.59,MODERATE
Japan_012953.jpg,None,0.0,0.0,100.0,GOOD
Japan_012954.jpg,None,0.0,0.0,100.0,GOOD
Japan_012957.jpg,None,0.0,0.0,100.0,GOOD
Japan_012964.jpg,"2,2,2,2",0.971,18.77,74.48,MODERATE
Japan_012965.jpg,None,0.0,0.0,100.0,GOOD
Japan_012968.jpg,None,0.0,0.0,100.0,GOOD
Japan_012970.jpg,None,0.0,0.0,100.0,GOOD
Japan_012975.jpg,"2,2",0.919,19.65,74.73,MODERATE
Japan_012979.jpg,3,0.736,0.23,99.77,GOOD
Japan_012983.jpg,None,0.0,0.0,100.0,GOOD
Japan_012985.jpg,None,0.0,0.0,100.0,GOOD
Japan_012988.jpg,None,0.0,0.0,100.0,GOOD
Japan_012995.jpg,"2,2,2,2,2,2,2,2,2,2,2,2,2,2,2",0.998,22.44,68.64,MODERATE
Japan_013007.jpg,None,0.0,0.0,100.0,GOOD
Japan_013008.jpg,None,0.0,0.0,100.0,GOOD
Japan_013016.jpg,"2,2,2",0.971,19.46,73.53,MODERATE
Japan_013017.jpg,None,0.0,0.0,100.0,GOOD
Japan_013024.jpg,3,0.69,0.36,99.65,GOOD
Japan_013040.jpg,None,0.0,0.0,100.0,GOOD
Japan_013054.jpg,None,0.0,0.0,100.0,GOOD
Japan_013057.jpg,None,0.0,0.0,100.0,GOOD
Japan_013058.jpg,"2,2,2,2,2,2,2,2",0.998,21.6,69.81,MODERATE
Japan_013065.jpg,None,0.0,0.0,100.0,GOOD
Japan_013067.jpg,None,0.0,0.0,100.0,GOOD
Japan_013073.jpg,None,0.0,0.0,100.0,GOOD
Japan_013087.jpg,None,0.0,0.0,100.0,GOOD
Japan_013089.jpg,None,0.0,0.0,100.0,GOOD
Japan_013101.jpg,None,0.0,0.0,100.0,GOOD
Japan_013109.jpg,None,0.0,0.0,100.0,GOOD
Japan_013110.jpg,"2,2",0.965,20.63,72.12,MODERATE
Norway_000000.jpg,None,0.0,0.0,100.0,GOOD
Norway_000005.jpg,None,0.0,0.0,100.0,GOOD
Norway_000010.jpg,None,0.0,0.0,100.0,GOOD
Norway_000024.jpg,2,0.665,5.06,95.29,GOOD
Norway_000033.jpg,None,0.0,0.0,100.0,GOOD
Norway_000068.jpg,"2,2",0.906,27.62,64.97,MODERATE
Norway_000069.jpg,None,0.0,0.0,100.0,GOOD
Norway_000085.jpg,None,0.0,0.0,100.0,GOOD
Norway_000088.jpg,None,0.0,0.0,100.0,GOOD
Norway_000093.jpg,None,0.0,0.0,100.0,GOOD
Norway_000096.jpg,None,0.0,0.0,100.0,GOOD
Norway_000181.jpg,None,0.0,0.0,100.0,GOOD
Norway_000183.jpg,None,0.0,0.0,100.0,GOOD
Norway_000189.jpg,None,0.0,0.0,100.0,GOOD
Norway_000196.jpg,None,0.0,0.0,100.0,GOOD
Norway_000217.jpg,2,0.715,4.2,95.8,GOOD
Norway_000225.jpg,None,0.0,0.0,100.0,GOOD
Norway_000255.jpg,None,0.0,0.0,100.0,GOOD
Norway_000256.jpg,None,0.0,0.0,100.0,GOOD
Norway_000270.jpg,None,0.0,0.0,100.0,GOOD
Norway_000286.jpg,None,0.0,0.0,100.0,GOOD
Norway_000293.jpg,None,0.0,0.0,100.0,GOOD
Norway_000300.jpg,0,0.63,4.3,96.21,GOOD
Norway_000306.jpg,None,0.0,0.0,100.0,GOOD
Norway_000314.jpg,None,0.0,0.0,100.0,GOOD
Norway_000323.jpg,None,0.0,0.0,100.0,GOOD
Norway_000325.jpg,None,0.0,0.0,100.0,GOOD
Norway_000360.jpg,None,0.0,0.0,100.0,GOOD
Norway_000367.jpg,None,0.0,0.0,100.0,GOOD
Norway_000375.jpg,0,0.642,2.36,97.88,GOOD
Norway_000395.jpg,None,0.0,0.0,100.0,GOOD
Norway_000397.jpg,None,0.0,0.0,100.0,GOOD
Norway_000401.jpg,None,0.0,0.0,100.0,GOOD
Norway_000416.jpg,None,0.0,0.0,100.0,GOOD
Norway_000418.jpg,None,0.0,0.0,100.0,GOOD
Norway_000420.jpg,None,0.0,0.0,100.0,GOOD
Norway_000461.jpg,None,0.0,0.0,100.0,GOOD
Norway_000465.jpg,None,0.0,0.0,100.0,GOOD
Norway_000482.jpg,None,0.0,0.0,100.0,GOOD
Norway_000491.jpg,None,0.0,0.0,100.0,GOOD
Norway_000520.jpg,None,0.0,0.0,100.0,GOOD
Norway_000573.jpg,None,0.0,0.0,100.0,GOOD
Norway_000603.jpg,None,0.0,0.0,100.0,GOOD
Norway_000604.jpg,None,0.0,0.0,100.0,GOOD
Norway_000632.jpg,None,0.0,0.0,100.0,GOOD
Norway_000634.jpg,None,0.0,0.0,100.0,GOOD
Norway_000640.jpg,None,0.0,0.0,100.0,GOOD
Norway_000645.jpg,None,0.0,0.0,100.0,GOOD
Norway_000654.jpg,None,0.0,0.0,100.0,GOOD
Norway_000661.jpg,None,0.0,0.0,100.0,GOOD
Norway_000663.jpg,None,0.0,0.0,100.0,GOOD
Norway_000677.jpg,None,0.0,0.0,100.0,GOOD
Norway_000690.jpg,None,0.0,0.0,100.0,GOOD
Norway_000697.jpg,None,0.0,0.0,100.0,GOOD
Norway_000699.jpg,None,0.0,0.0,100.0,GOOD
Norway_000716.jpg,None,0.0,0.0,100.0,GOOD
Norway_000750.jpg,None,0.0,0.0,100.0,GOOD
Norway_000766.jpg,None,0.0,0.0,100.0,GOOD
Norway_000775.jpg,None,0.0,0.0,100.0,GOOD
Norway_000777.jpg,None,0.0,0.0,100.0,GOOD
Norway_000780.jpg,None,0.0,0.0,100.0,GOOD
Norway_000792.jpg,None,0.0,0.0,100.0,GOOD
Norway_000793.jpg,None,0.0,0.0,100.0,GOOD
Norway_000814.jpg,None,0.0,0.0,100.0,GOOD
Norway_000815.jpg,None,0.0,0.0,100.0,GOOD
Norway_000823.jpg,None,0.0,0.0,100.0,GOOD
Norway_000826.jpg,None,0.0,0.0,100.0,GOOD
Norway_000830.jpg,None,0.0,0.0,100.0,GOOD
Norway_000855.jpg,None,0.0,0.0,100.0,GOOD
Norway_000868.jpg,None,0.0,0.0,100.0,GOOD
Norway_000895.jpg,None,0.0,0.0,100.0,GOOD
Norway_000901.jpg,None,0.0,0.0,100.0,GOOD
Norway_000918.jpg,None,0.0,0.0,100.0,GOOD
Norway_000967.jpg,None,0.0,0.0,100.0,GOOD
Norway_000974.jpg,None,0.0,0.0,100.0,GOOD
Norway_000981.jpg,None,0.0,0.0,100.0,GOOD
Norway_000988.jpg,None,0.0,0.0,100.0,GOOD
Norway_000989.jpg,1,0.779,3.4,96.3,GOOD
Norway_000998.jpg,None,0.0,0.0,100.0,GOOD
Norway_001008.jpg,None,0.0,0.0,100.0,GOOD
Norway_001011.jpg,None,0.0,0.0,100.0,GOOD
Norway_001019.jpg,None,0.0,0.0,100.0,GOOD
Norway_001020.jpg,None,0.0,0.0,100.0,GOOD
Norway_001049.jpg,None,0.0,0.0,100.0,GOOD
Norway_001053.jpg,None,0.0,0.0,100.0,GOOD
Norway_001089.jpg,None,0.0,0.0,100.0,GOOD
Norway_001095.jpg,None,0.0,0.0,100.0,GOOD
Norway_001123.jpg,None,0.0,0.0,100.0,GOOD
Norway_001134.jpg,None,0.0,0.0,100.0,GOOD
Norway_001151.jpg,None,0.0,0.0,100.0,GOOD
Norway_001177.jpg,None,0.0,0.0,100.0,GOOD
Norway_001182.jpg,None,0.0,0.0,100.0,GOOD
Norway_001183.jpg,2,0.839,43.48,48.9,POOR
Norway_001197.jpg,None,0.0,0.0,100.0,GOOD
Norway_001213.jpg,None,0.0,0.0,100.0,GOOD
Norway_001218.jpg,"1,1",0.62,4.42,96.16,GOOD
Norway_001238.jpg,None,0.0,0.0,100.0,GOOD
Norway_001261.jpg,None,0.0,0.0,100.0,GOOD
Norway_001276.jpg,None,0.0,0.0,100.0,GOOD
Norway_001293.jpg,1,0.654,3.24,97.03,GOOD
Norway_001323.jpg,None,0.0,0.0,100.0,GOOD
Norway_001343.jpg,None,0.0,0.0,100.0,GOOD
Norway_001405.jpg,None,0.0,0.0,100.0,GOOD
Norway_001422.jpg,None,0.0,0.0,100.0,GOOD
Norway_001425.jpg,None,0.0,0.0,100.0,GOOD
Norway_001429.jpg,None,0.0,0.0,100.0,GOOD
Norway_001431.jpg,None,0.0,0.0,100.0,GOOD
Norway_001440.jpg,None,0.0,0.0,100.0,GOOD
Norway_001448.jpg,None,0.0,0.0,100.0,GOOD
Norway_001468.jpg,None,0.0,0.0,100.0,GOOD
Norway_001495.jpg,None,0.0,0.0,100.0,GOOD
Norway_001497.jpg,None,0.0,0.0,100.0,GOOD
Norway_001507.jpg,None,0.0,0.0,100.0,GOOD
Norway_001510.jpg,None,0.0,0.0,100.0,GOOD
Norway_001522.jpg,1,0.84,3.15,96.3,GOOD
Norway_001530.jpg,None,0.0,0.0,100.0,GOOD
Norway_001536.jpg,None,0.0,0.0,100.0,GOOD
Norway_001549.jpg,None,0.0,0.0,100.0,GOOD
Norway_001560.jpg,None,0.0,0.0,100.0,GOOD
Norway_001606.jpg,None,0.0,0.0,100.0,GOOD
Norway_001633.jpg,None,0.0,0.0,100.0,GOOD
Norway_001669.jpg,None,0.0,0.0,100.0,GOOD
Norway_001705.jpg,None,0.0,0.0,100.0,GOOD
Norway_001706.jpg,None,0.0,0.0,100.0,GOOD
Norway_001715.jpg,None,0.0,0.0,100.0,GOOD
Norway_001716.jpg,None,0.0,0.0,100.0,GOOD
Norway_001720.jpg,None,0.0,0.0,100.0,GOOD
Norway_001721.jpg,None,0.0,0.0,100.0,GOOD
Norway_001732.jpg,None,0.0,0.0,100.0,GOOD
Norway_001770.jpg,None,0.0,0.0,100.0,GOOD
Norway_001777.jpg,None,0.0,0.0,100.0,GOOD
Norway_001779.jpg,3,0.849,0.51,99.39,GOOD
Norway_001821.jpg,None,0.0,0.0,100.0,GOOD
Norway_001846.jpg,None,0.0,0.0,100.0,GOOD
Norway_001871.jpg,None,0.0,0.0,100.0,GOOD
Norway_001890.jpg,None,0.0,0.0,100.0,GOOD
Norway_001902.jpg,None,0.0,0.0,100.0,GOOD
Norway_001905.jpg,None,0.0,0.0,100.0,GOOD
Norway_001919.jpg,2,0.695,39.23,61.82,MODERATE
Norway_001934.jpg,None,0.0,0.0,100.0,GOOD
Norway_001959.jpg,None,0.0,0.0,100.0,GOOD
Norway_001971.jpg,None,0.0,0.0,100.0,GOOD
Norway_001975.jpg,None,0.0,0.0,100.0,GOOD
Norway_001977.jpg,None,0.0,0.0,100.0,GOOD
Norway_001996.jpg,None,0.0,0.0,100.0,GOOD
Norway_002031.jpg,None,0.0,0.0,100.0,GOOD
Norway_002045.jpg,None,0.0,0.0,100.0,GOOD
Norway_002081.jpg,None,0.0,0.0,100.0,GOOD
Norway_002099.jpg,None,0.0,0.0,100.0,GOOD
Norway_002120.jpg,None,0.0,0.0,100.0,GOOD
Norway_002158.jpg,None,0.0,0.0,100.0,GOOD
Norway_002175.jpg,None,0.0,0.0,100.0,GOOD
Norway_002176.jpg,None,0.0,0.0,100.0,GOOD
Norway_002183.jpg,None,0.0,0.0,100.0,GOOD
Norway_002186.jpg,None,0.0,0.0,100.0,GOOD
Norway_002190.jpg,None,0.0,0.0,100.0,GOOD
Norway_002198.jpg,None,0.0,0.0,100.0,GOOD
Norway_002209.jpg,None,0.0,0.0,100.0,GOOD
Norway_002227.jpg,None,0.0,0.0,100.0,GOOD
Norway_002242.jpg,None,0.0,0.0,100.0,GOOD
Norway_002243.jpg,None,0.0,0.0,100.0,GOOD
Norway_002253.jpg,None,0.0,0.0,100.0,GOOD
Norway_002255.jpg,None,0.0,0.0,100.0,GOOD
Norway_002307.jpg,None,0.0,0.0,100.0,GOOD
Norway_002312.jpg,None,0.0,0.0,100.0,GOOD
Norway_002314.jpg,None,0.0,0.0,100.0,GOOD
Norway_002319.jpg,None,0.0,0.0,100.0,GOOD
Norway_002331.jpg,None,0.0,0.0,100.0,GOOD
Norway_002345.jpg,None,0.0,0.0,100.0,GOOD
Norway_002350.jpg,None,0.0,0.0,100.0,GOOD
Norway_002354.jpg,None,0.0,0.0,100.0,GOOD
Norway_002447.jpg,None,0.0,0.0,100.0,GOOD
Norway_002450.jpg,None,0.0,0.0,100.0,GOOD
Norway_002452.jpg,None,0.0,0.0,100.0,GOOD
Norway_002457.jpg,None,0.0,0.0,100.0,GOOD
Norway_002463.jpg,None,0.0,0.0,100.0,GOOD
Norway_002494.jpg,None,0.0,0.0,100.0,GOOD
Norway_002544.jpg,None,0.0,0.0,100.0,GOOD
Norway_002556.jpg,None,0.0,0.0,100.0,GOOD
Norway_002564.jpg,None,0.0,0.0,100.0,GOOD
Norway_002575.jpg,None,0.0,0.0,100.0,GOOD
Norway_002591.jpg,None,0.0,0.0,100.0,GOOD
Norway_002614.jpg,None,0.0,0.0,100.0,GOOD
Norway_002627.jpg,None,0.0,0.0,100.0,GOOD
Norway_002638.jpg,None,0.0,0.0,100.0,GOOD
Norway_002649.jpg,None,0.0,0.0,100.0,GOOD
Norway_002662.jpg,None,0.0,0.0,100.0,GOOD
Norway_002677.jpg,None,0.0,0.0,100.0,GOOD
Norway_002683.jpg,None,0.0,0.0,100.0,GOOD
Norway_002711.jpg,None,0.0,0.0,100.0,GOOD
Norway_002714.jpg,None,0.0,0.0,100.0,GOOD
Norway_002718.jpg,None,0.0,0.0,100.0,GOOD
Norway_002747.jpg,None,0.0,0.0,100.0,GOOD
Norway_002762.jpg,None,0.0,0.0,100.0,GOOD
Norway_002768.jpg,None,0.0,0.0,100.0,GOOD
Norway_002774.jpg,None,0.0,0.0,100.0,GOOD
Norway_002789.jpg,None,0.0,0.0,100.0,GOOD
Norway_002899.jpg,None,0.0,0.0,100.0,GOOD
Norway_002903.jpg,None,0.0,0.0,100.0,GOOD
Norway_002914.jpg,None,0.0,0.0,100.0,GOOD
Norway_002926.jpg,None,0.0,0.0,100.0,GOOD
Norway_002951.jpg,None,0.0,0.0,100.0,GOOD
Norway_002953.jpg,None,0.0,0.0,100.0,GOOD
Norway_002967.jpg,0,0.681,3.57,96.59,GOOD
Norway_002975.jpg,1,0.823,3.46,96.01,GOOD
Norway_002990.jpg,None,0.0,0.0,100.0,GOOD
Norway_002992.jpg,None,0.0,0.0,100.0,GOOD
Norway_003004.jpg,None,0.0,0.0,100.0,GOOD
Norway_003009.jpg,None,0.0,0.0,100.0,GOOD
Norway_003035.jpg,None,0.0,0.0,100.0,GOOD
Norway_003050.jpg,None,0.0,0.0,100.0,GOOD
Norway_003101.jpg,None,0.0,0.0,100.0,GOOD
Norway_003102.jpg,None,0.0,0.0,100.0,GOOD
Norway_003110.jpg,None,0.0,0.0,100.0,GOOD
Norway_003115.jpg,None,0.0,0.0,100.0,GOOD
Norway_003134.jpg,None,0.0,0.0,100.0,GOOD
Norway_003137.jpg,None,0.0,0.0,100.0,GOOD
Norway_003138.jpg,None,0.0,0.0,100.0,GOOD
Norway_003140.jpg,None,0.0,0.0,100.0,GOOD
Norway_003220.jpg,None,0.0,0.0,100.0,GOOD
Norway_003221.jpg,None,0.0,0.0,100.0,GOOD
Norway_003245.jpg,None,0.0,0.0,100.0,GOOD
Norway_003249.jpg,None,0.0,0.0,100.0,GOOD
Norway_003268.jpg,None,0.0,0.0,100.0,GOOD
Norway_003291.jpg,None,0.0,0.0,100.0,GOOD
Norway_003292.jpg,2,0.674,16.34,84.58,GOOD
Norway_003323.jpg,None,0.0,0.0,100.0,GOOD
Norway_003357.jpg,None,0.0,0.0,100.0,GOOD
Norway_003367.jpg,None,0.0,0.0,100.0,GOOD
Norway_003380.jpg,None,0.0,0.0,100.0,GOOD
Norway_003439.jpg,None,0.0,0.0,100.0,GOOD
Norway_003442.jpg,None,0.0,0.0,100.0,GOOD
Norway_003456.jpg,None,0.0,0.0,100.0,GOOD
Norway_003467.jpg,None,0.0,0.0,100.0,GOOD
Norway_003488.jpg,None,0.0,0.0,100.0,GOOD
Norway_003494.jpg,None,0.0,0.0,100.0,GOOD
Norway_003496.jpg,None,0.0,0.0,100.0,GOOD
Norway_003506.jpg,None,0.0,0.0,100.0,GOOD
Norway_003514.jpg,None,0.0,0.0,100.0,GOOD
Norway_003526.jpg,None,0.0,0.0,100.0,GOOD
Norway_003539.jpg,None,0.0,0.0,100.0,GOOD
Norway_003546.jpg,None,0.0,0.0,100.0,GOOD
Norway_003578.jpg,None,0.0,0.0,100.0,GOOD
Norway_003601.jpg,None,0.0,0.0,100.0,GOOD
Norway_003656.jpg,None,0.0,0.0,100.0,GOOD
Norway_003664.jpg,None,0.0,0.0,100.0,GOOD
Norway_003669.jpg,None,0.0,0.0,100.0,GOOD
Norway_003674.jpg,None,0.0,0.0,100.0,GOOD
Norway_003678.jpg,None,0.0,0.0,100.0,GOOD
Norway_003694.jpg,None,0.0,0.0,100.0,GOOD
Norway_003699.jpg,None,0.0,0.0,100.0,GOOD
Norway_003715.jpg,None,0.0,0.0,100.0,GOOD
Norway_003717.jpg,None,0.0,0.0,100.0,GOOD
Norway_003719.jpg,None,0.0,0.0,100.0,GOOD
Norway_003720.jpg,None,0.0,0.0,100.0,GOOD
Norway_003748.jpg,None,0.0,0.0,100.0,GOOD
Norway_003750.jpg,None,0.0,0.0,100.0,GOOD
Norway_003791.jpg,None,0.0,0.0,100.0,GOOD
Norway_003823.jpg,None,0.0,0.0,100.0,GOOD
Norway_003851.jpg,1,0.673,3.29,96.9,GOOD
Norway_003859.jpg,None,0.0,0.0,100.0,GOOD
Norway_003861.jpg,None,0.0,0.0,100.0,GOOD
Norway_003870.jpg,None,0.0,0.0,100.0,GOOD
Norway_003916.jpg,None,0.0,0.0,100.0,GOOD
Norway_003933.jpg,None,0.0,0.0,100.0,GOOD
Norway_003946.jpg,None,0.0,0.0,100.0,GOOD
Norway_003965.jpg,None,0.0,0.0,100.0,GOOD
Norway_004013.jpg,None,0.0,0.0,100.0,GOOD
Norway_004021.jpg,None,0.0,0.0,100.0,GOOD
Norway_004058.jpg,None,0.0,0.0,100.0,GOOD
Norway_004087.jpg,None,0.0,0.0,100.0,GOOD
Norway_004114.jpg,None,0.0,0.0,100.0,GOOD
Norway_004115.jpg,None,0.0,0.0,100.0,GOOD
Norway_004119.jpg,None,0.0,0.0,100.0,GOOD
Norway_004120.jpg,None,0.0,0.0,100.0,GOOD
Norway_004124.jpg,None,0.0,0.0,100.0,GOOD
Norway_004130.jpg,None,0.0,0.0,100.0,GOOD
Norway_004169.jpg,None,0.0,0.0,100.0,GOOD
Norway_004188.jpg,None,0.0,0.0,100.0,GOOD
Norway_004189.jpg,None,0.0,0.0,100.0,GOOD
Norway_004197.jpg,None,0.0,0.0,100.0,GOOD
Norway_004206.jpg,None,0.0,0.0,100.0,GOOD
Norway_004211.jpg,None,0.0,0.0,100.0,GOOD
Norway_004258.jpg,None,0.0,0.0,100.0,GOOD
Norway_004290.jpg,None,0.0,0.0,100.0,GOOD
Norway_004294.jpg,None,0.0,0.0,100.0,GOOD
Norway_004309.jpg,None,0.0,0.0,100.0,GOOD
Norway_004380.jpg,None,0.0,0.0,100.0,GOOD
Norway_004390.jpg,None,0.0,0.0,100.0,GOOD
Norway_004394.jpg,None,0.0,0.0,100.0,GOOD
Norway_004402.jpg,None,0.0,0.0,100.0,GOOD
Norway_004417.jpg,None,0.0,0.0,100.0,GOOD
Norway_004419.jpg,None,0.0,0.0,100.0,GOOD
Norway_004423.jpg,None,0.0,0.0,100.0,GOOD
Norway_004428.jpg,None,0.0,0.0,100.0,GOOD
Norway_004448.jpg,None,0.0,0.0,100.0,GOOD
Norway_004456.jpg,None,0.0,0.0,100.0,GOOD
Norway_004468.jpg,None,0.0,0.0,100.0,GOOD
Norway_004473.jpg,None,0.0,0.0,100.0,GOOD
Norway_004486.jpg,None,0.0,0.0,100.0,GOOD
Norway_004488.jpg,None,0.0,0.0,100.0,GOOD
Norway_004505.jpg,None,0.0,0.0,100.0,GOOD
Norway_004515.jpg,None,0.0,0.0,100.0,GOOD
Norway_004526.jpg,None,0.0,0.0,100.0,GOOD
Norway_004531.jpg,None,0.0,0.0,100.0,GOOD
Norway_004540.jpg,None,0.0,0.0,100.0,GOOD
Norway_004545.jpg,None,0.0,0.0,100.0,GOOD
Norway_004546.jpg,None,0.0,0.0,100.0,GOOD
Norway_004557.jpg,None,0.0,0.0,100.0,GOOD
Norway_004558.jpg,1,0.776,3.12,96.61,GOOD
Norway_004587.jpg,None,0.0,0.0,100.0,GOOD
Norway_004600.jpg,None,0.0,0.0,100.0,GOOD
Norway_004608.jpg,None,0.0,0.0,100.0,GOOD
Norway_004624.jpg,None,0.0,0.0,100.0,GOOD
Norway_004626.jpg,None,0.0,0.0,100.0,GOOD
Norway_004627.jpg,None,0.0,0.0,100.0,GOOD
Norway_004635.jpg,None,0.0,0.0,100.0,GOOD
Norway_004637.jpg,None,0.0,0.0,100.0,GOOD
Norway_004679.jpg,None,0.0,0.0,100.0,GOOD
Norway_004686.jpg,None,0.0,0.0,100.0,GOOD
Norway_004693.jpg,None,0.0,0.0,100.0,GOOD
Norway_004700.jpg,None,0.0,0.0,100.0,GOOD
Norway_004707.jpg,None,0.0,0.0,100.0,GOOD
Norway_004708.jpg,None,0.0,0.0,100.0,GOOD
Norway_004711.jpg,None,0.0,0.0,100.0,GOOD
Norway_004717.jpg,None,0.0,0.0,100.0,GOOD
Norway_004735.jpg,None,0.0,0.0,100.0,GOOD
Norway_004738.jpg,None,0.0,0.0,100.0,GOOD
Norway_004755.jpg,1,0.603,3.88,96.72,GOOD
Norway_004771.jpg,None,0.0,0.0,100.0,GOOD
Norway_004775.jpg,None,0.0,0.0,100.0,GOOD
Norway_004781.jpg,None,0.0,0.0,100.0,GOOD
Norway_004813.jpg,None,0.0,0.0,100.0,GOOD
Norway_004814.jpg,None,0.0,0.0,100.0,GOOD
Norway_004822.jpg,None,0.0,0.0,100.0,GOOD
Norway_004849.jpg,None,0.0,0.0,100.0,GOOD
Norway_004850.jpg,None,0.0,0.0,100.0,GOOD
Norway_004854.jpg,None,0.0,0.0,100.0,GOOD
Norway_004859.jpg,None,0.0,0.0,100.0,GOOD
Norway_004873.jpg,None,0.0,0.0,100.0,GOOD
Norway_004876.jpg,None,0.0,0.0,100.0,GOOD
Norway_004878.jpg,None,0.0,0.0,100.0,GOOD
Norway_004881.jpg,None,0.0,0.0,100.0,GOOD
Norway_004886.jpg,None,0.0,0.0,100.0,GOOD
Norway_004892.jpg,None,0.0,0.0,100.0,GOOD
Norway_004905.jpg,None,0.0,0.0,100.0,GOOD
Norway_004917.jpg,None,0.0,0.0,100.0,GOOD
Norway_004925.jpg,None,0.0,0.0,100.0,GOOD
Norway_004938.jpg,None,0.0,0.0,100.0,GOOD
Norway_004948.jpg,None,0.0,0.0,100.0,GOOD
Norway_004949.jpg,None,0.0,0.0,100.0,GOOD
Norway_004978.jpg,None,0.0,0.0,100.0,GOOD
Norway_004985.jpg,None,0.0,0.0,100.0,GOOD
Norway_005035.jpg,None,0.0,0.0,100.0,GOOD
Norway_005038.jpg,None,0.0,0.0,100.0,GOOD
Norway_005076.jpg,None,0.0,0.0,100.0,GOOD
Norway_005112.jpg,None,0.0,0.0,100.0,GOOD
Norway_005113.jpg,0,0.69,4.39,95.76,GOOD
Norway_005124.jpg,None,0.0,0.0,100.0,GOOD
Norway_005131.jpg,None,0.0,0.0,100.0,GOOD
Norway_005153.jpg,None,0.0,0.0,100.0,GOOD
Norway_005175.jpg,None,0.0,0.0,100.0,GOOD
Norway_005188.jpg,None,0.0,0.0,100.0,GOOD
Norway_005200.jpg,None,0.0,0.0,100.0,GOOD
Norway_005205.jpg,None,0.0,0.0,100.0,GOOD
Norway_005221.jpg,None,0.0,0.0,100.0,GOOD
Norway_005238.jpg,None,0.0,0.0,100.0,GOOD
Norway_005248.jpg,None,0.0,0.0,100.0,GOOD
Norway_005253.jpg,None,0.0,0.0,100.0,GOOD
Norway_005274.jpg,None,0.0,0.0,100.0,GOOD
Norway_005277.jpg,0,0.621,4.62,95.98,GOOD
Norway_005298.jpg,None,0.0,0.0,100.0,GOOD
Norway_005320.jpg,None,0.0,0.0,100.0,GOOD
Norway_005322.jpg,None,0.0,0.0,100.0,GOOD
Norway_005338.jpg,None,0.0,0.0,100.0,GOOD
Norway_005357.jpg,1,0.728,2.73,97.22,GOOD
Norway_005363.jpg,None,0.0,0.0,100.0,GOOD
Norway_005368.jpg,None,0.0,0.0,100.0,GOOD
Norway_005388.jpg,None,0.0,0.0,100.0,GOOD
Norway_005402.jpg,None,0.0,0.0,100.0,GOOD
Norway_005413.jpg,None,0.0,0.0,100.0,GOOD
Norway_005428.jpg,None,0.0,0.0,100.0,GOOD
Norway_005437.jpg,None,0.0,0.0,100.0,GOOD
Norway_005473.jpg,None,0.0,0.0,100.0,GOOD
Norway_005474.jpg,None,0.0,0.0,100.0,GOOD
Norway_005489.jpg,None,0.0,0.0,100.0,GOOD
Norway_005511.jpg,None,0.0,0.0,100.0,GOOD
Norway_005513.jpg,None,0.0,0.0,100.0,GOOD
Norway_005515.jpg,1,0.736,3.59,96.31,GOOD
Norway_005523.jpg,None,0.0,0.0,100.0,GOOD
Norway_005524.jpg,None,0.0,0.0,100.0,GOOD
Norway_005551.jpg,1,0.762,3.33,96.44,GOOD
Norway_005559.jpg,None,0.0,0.0,100.0,GOOD
Norway_005592.jpg,None,0.0,0.0,100.0,GOOD
Norway_005609.jpg,None,0.0,0.0,100.0,GOOD
Norway_005613.jpg,None,0.0,0.0,100.0,GOOD
Norway_005635.jpg,None,0.0,0.0,100.0,GOOD
Norway_005660.jpg,None,0.0,0.0,100.0,GOOD
Norway_005666.jpg,0,0.703,2.89,97.16,GOOD
Norway_005674.jpg,None,0.0,0.0,100.0,GOOD
Norway_005675.jpg,None,0.0,0.0,100.0,GOOD
Norway_005704.jpg,None,0.0,0.0,100.0,GOOD
Norway_005708.jpg,None,0.0,0.0,100.0,GOOD
Norway_005723.jpg,None,0.0,0.0,100.0,GOOD
Norway_005754.jpg,None,0.0,0.0,100.0,GOOD
Norway_005767.jpg,None,0.0,0.0,100.0,GOOD
Norway_005779.jpg,None,0.0,0.0,100.0,GOOD
Norway_005806.jpg,None,0.0,0.0,100.0,GOOD
Norway_005808.jpg,None,0.0,0.0,100.0,GOOD
Norway_005821.jpg,None,0.0,0.0,100.0,GOOD
Norway_005858.jpg,None,0.0,0.0,100.0,GOOD
Norway_005865.jpg,None,0.0,0.0,100.0,GOOD
Norway_005881.jpg,None,0.0,0.0,100.0,GOOD
Norway_005898.jpg,None,0.0,0.0,100.0,GOOD
Norway_005918.jpg,None,0.0,0.0,100.0,GOOD
Norway_005920.jpg,None,0.0,0.0,100.0,GOOD
Norway_005932.jpg,None,0.0,0.0,100.0,GOOD
Norway_005949.jpg,None,0.0,0.0,100.0,GOOD
Norway_005955.jpg,"0,0,2,0,2",0.809,5.95,93.27,GOOD
Norway_005961.jpg,2,0.824,6.17,92.88,GOOD
Norway_005964.jpg,None,0.0,0.0,100.0,GOOD
Norway_005967.jpg,None,0.0,0.0,100.0,GOOD
Norway_005980.jpg,None,0.0,0.0,100.0,GOOD
Norway_006030.jpg,None,0.0,0.0,100.0,GOOD
Norway_006032.jpg,None,0.0,0.0,100.0,GOOD
Norway_006041.jpg,None,0.0,0.0,100.0,GOOD
Norway_006056.jpg,None,0.0,0.0,100.0,GOOD
Norway_006067.jpg,2,0.771,6.41,93.07,GOOD
Norway_006099.jpg,None,0.0,0.0,100.0,GOOD
Norway_006106.jpg,None,0.0,0.0,100.0,GOOD
Norway_006114.jpg,None,0.0,0.0,100.0,GOOD
Norway_006124.jpg,2,0.753,15.84,83.3,GOOD
Norway_006137.jpg,None,0.0,0.0,100.0,GOOD
Norway_006143.jpg,None,0.0,0.0,100.0,GOOD
Norway_006160.jpg,None,0.0,0.0,100.0,GOOD
Norway_006165.jpg,None,0.0,0.0,100.0,GOOD
Norway_006166.jpg,None,0.0,0.0,100.0,GOOD
Norway_006178.jpg,None,0.0,0.0,100.0,GOOD
Norway_006181.jpg,None,0.0,0.0,100.0,GOOD
Norway_006213.jpg,None,0.0,0.0,100.0,GOOD
Norway_006219.jpg,"1,1,1",0.773,3.65,96.05,GOOD
Norway_006230.jpg,None,0.0,0.0,100.0,GOOD
Norway_006231.jpg,None,0.0,0.0,100.0,GOOD
Norway_006232.jpg,None,0.0,0.0,100.0,GOOD
Norway_006240.jpg,None,0.0,0.0,100.0,GOOD
Norway_006245.jpg,None,0.0,0.0,100.0,GOOD
Norway_006247.jpg,None,0.0,0.0,100.0,GOOD
Norway_006249.jpg,None,0.0,0.0,100.0,GOOD
Norway_006264.jpg,None,0.0,0.0,100.0,GOOD
Norway_006270.jpg,None,0.0,0.0,100.0,GOOD
Norway_006287.jpg,None,0.0,0.0,100.0,GOOD
Norway_006289.jpg,None,0.0,0.0,100.0,GOOD
Norway_006296.jpg,None,0.0,0.0,100.0,GOOD
Norway_006298.jpg,2,0.633,5.19,95.4,GOOD
Norway_006309.jpg,None,0.0,0.0,100.0,GOOD
Norway_006327.jpg,None,0.0,0.0,100.0,GOOD
Norway_006358.jpg,None,0.0,0.0,100.0,GOOD
Norway_006360.jpg,None,0.0,0.0,100.0,GOOD
Norway_006367.jpg,None,0.0,0.0,100.0,GOOD
Norway_006369.jpg,None,0.0,0.0,100.0,GOOD
Norway_006379.jpg,None,0.0,0.0,100.0,GOOD
Norway_006394.jpg,None,0.0,0.0,100.0,GOOD
Norway_006397.jpg,None,0.0,0.0,100.0,GOOD
Norway_006404.jpg,None,0.0,0.0,100.0,GOOD
Norway_006433.jpg,None,0.0,0.0,100.0,GOOD
Norway_006453.jpg,None,0.0,0.0,100.0,GOOD
Norway_006463.jpg,None,0.0,0.0,100.0,GOOD
Norway_006474.jpg,None,0.0,0.0,100.0,GOOD
Norway_006480.jpg,None,0.0,0.0,100.0,GOOD
Norway_006482.jpg,None,0.0,0.0,100.0,GOOD
Norway_006493.jpg,None,0.0,0.0,100.0,GOOD
Norway_006517.jpg,None,0.0,0.0,100.0,GOOD
Norway_006522.jpg,None,0.0,0.0,100.0,GOOD
Norway_006538.jpg,None,0.0,0.0,100.0,GOOD
Norway_006539.jpg,None,0.0,0.0,100.0,GOOD
Norway_006544.jpg,None,0.0,0.0,100.0,GOOD
Norway_006565.jpg,None,0.0,0.0,100.0,GOOD
Norway_006584.jpg,None,0.0,0.0,100.0,GOOD
Norway_006586.jpg,None,0.0,0.0,100.0,GOOD
Norway_006587.jpg,None,0.0,0.0,100.0,GOOD
Norway_006599.jpg,None,0.0,0.0,100.0,GOOD
Norway_006601.jpg,None,0.0,0.0,100.0,GOOD
Norway_006605.jpg,None,0.0,0.0,100.0,GOOD
Norway_006620.jpg,None,0.0,0.0,100.0,GOOD
Norway_006625.jpg,None,0.0,0.0,100.0,GOOD
Norway_006626.jpg,None,0.0,0.0,100.0,GOOD
Norway_006638.jpg,None,0.0,0.0,100.0,GOOD
Norway_006640.jpg,None,0.0,0.0,100.0,GOOD
Norway_006662.jpg,None,0.0,0.0,100.0,GOOD
Norway_006665.jpg,None,0.0,0.0,100.0,GOOD
Norway_006693.jpg,None,0.0,0.0,100.0,GOOD
Norway_006726.jpg,None,0.0,0.0,100.0,GOOD
Norway_006739.jpg,0,0.84,5.34,93.72,GOOD
Norway_006755.jpg,None,0.0,0.0,100.0,GOOD
Norway_006762.jpg,None,0.0,0.0,100.0,GOOD
Norway_006804.jpg,1,0.641,3.78,96.61,GOOD
Norway_006812.jpg,None,0.0,0.0,100.0,GOOD
Norway_006818.jpg,None,0.0,0.0,100.0,GOOD
Norway_006825.jpg,None,0.0,0.0,100.0,GOOD
Norway_006828.jpg,None,0.0,0.0,100.0,GOOD
Norway_006838.jpg,None,0.0,0.0,100.0,GOOD
Norway_006841.jpg,None,0.0,0.0,100.0,GOOD
Norway_006849.jpg,"2,2,2,2,2,2",0.994,37.16,48.27,POOR
Norway_006858.jpg,None,0.0,0.0,100.0,GOOD
Norway_006882.jpg,None,0.0,0.0,100.0,GOOD
Norway_006901.jpg,None,0.0,0.0,100.0,GOOD
Norway_006902.jpg,None,0.0,0.0,100.0,GOOD
Norway_006918.jpg,None,0.0,0.0,100.0,GOOD
Norway_006923.jpg,None,0.0,0.0,100.0,GOOD
Norway_006926.jpg,None,0.0,0.0,100.0,GOOD
Norway_006945.jpg,None,0.0,0.0,100.0,GOOD
Norway_006963.jpg,"2,2,2,2",0.97,12.85,82.56,GOOD
Norway_006964.jpg,None,0.0,0.0,100.0,GOOD
Norway_006987.jpg,None,0.0,0.0,100.0,GOOD
Norway_007022.jpg,None,0.0,0.0,100.0,GOOD
Norway_007034.jpg,None,0.0,0.0,100.0,GOOD
Norway_007037.jpg,None,0.0,0.0,100.0,GOOD
Norway_007044.jpg,None,0.0,0.0,100.0,GOOD
Norway_007051.jpg,None,0.0,0.0,100.0,GOOD
Norway_007073.jpg,None,0.0,0.0,100.0,GOOD
Norway_007081.jpg,"2,2",0.891,13.58,83.05,GOOD
Norway_007090.jpg,None,0.0,0.0,100.0,GOOD
Norway_007099.jpg,None,0.0,0.0,100.0,GOOD
Norway_007130.jpg,None,0.0,0.0,100.0,GOOD
Norway_007142.jpg,None,0.0,0.0,100.0,GOOD
Norway_007159.jpg,None,0.0,0.0,100.0,GOOD
Norway_007168.jpg,None,0.0,0.0,100.0,GOOD
Norway_007172.jpg,None,0.0,0.0,100.0,GOOD
Norway_007190.jpg,None,0.0,0.0,100.0,GOOD
Norway_007210.jpg,None,0.0,0.0,100.0,GOOD
Norway_007237.jpg,None,0.0,0.0,100.0,GOOD
Norway_007244.jpg,None,0.0,0.0,100.0,GOOD
Norway_007251.jpg,None,0.0,0.0,100.0,GOOD
Norway_007268.jpg,None,0.0,0.0,100.0,GOOD
Norway_007278.jpg,None,0.0,0.0,100.0,GOOD
Norway_007284.jpg,None,0.0,0.0,100.0,GOOD
Norway_007329.jpg,None,0.0,0.0,100.0,GOOD
Norway_007337.jpg,None,0.0,0.0,100.0,GOOD
Norway_007341.jpg,None,0.0,0.0,100.0,GOOD
Norway_007351.jpg,None,0.0,0.0,100.0,GOOD
Norway_007360.jpg,None,0.0,0.0,100.0,GOOD
Norway_007364.jpg,None,0.0,0.0,100.0,GOOD
Norway_007381.jpg,None,0.0,0.0,100.0,GOOD
Norway_007384.jpg,None,0.0,0.0,100.0,GOOD
Norway_007390.jpg,None,0.0,0.0,100.0,GOOD
Norway_007395.jpg,None,0.0,0.0,100.0,GOOD
Norway_007397.jpg,None,0.0,0.0,100.0,GOOD
Norway_007422.jpg,None,0.0,0.0,100.0,GOOD
Norway_007423.jpg,None,0.0,0.0,100.0,GOOD
Norway_007429.jpg,None,0.0,0.0,100.0,GOOD
Norway_007436.jpg,None,0.0,0.0,100.0,GOOD
Norway_007454.jpg,None,0.0,0.0,100.0,GOOD
Norway_007483.jpg,None,0.0,0.0,100.0,GOOD
Norway_007497.jpg,None,0.0,0.0,100.0,GOOD
Norway_007520.jpg,None,0.0,0.0,100.0,GOOD
Norway_007522.jpg,None,0.0,0.0,100.0,GOOD
Norway_007551.jpg,None,0.0,0.0,100.0,GOOD
Norway_007566.jpg,None,0.0,0.0,100.0,GOOD
Norway_007574.jpg,None,0.0,0.0,100.0,GOOD
Norway_007586.jpg,None,0.0,0.0,100.0,GOOD
Norway_007594.jpg,None,0.0,0.0,100.0,GOOD
Norway_007602.jpg,None,0.0,0.0,100.0,GOOD
Norway_007611.jpg,None,0.0,0.0,100.0,GOOD
Norway_007637.jpg,None,0.0,0.0,100.0,GOOD
Norway_007642.jpg,None,0.0,0.0,100.0,GOOD
Norway_007649.jpg,None,0.0,0.0,100.0,GOOD
Norway_007659.jpg,None,0.0,0.0,100.0,GOOD
Norway_007672.jpg,None,0.0,0.0,100.0,GOOD
Norway_007707.jpg,None,0.0,0.0,100.0,GOOD
Norway_007744.jpg,None,0.0,0.0,100.0,GOOD
Norway_007753.jpg,None,0.0,0.0,100.0,GOOD
Norway_007767.jpg,None,0.0,0.0,100.0,GOOD
Norway_007796.jpg,None,0.0,0.0,100.0,GOOD
Norway_007799.jpg,None,0.0,0.0,100.0,GOOD
Norway_007825.jpg,None,0.0,0.0,100.0,GOOD
Norway_007831.jpg,None,0.0,0.0,100.0,GOOD
Norway_007844.jpg,"1,1",0.653,3.51,96.79,GOOD
Norway_007884.jpg,0,0.895,2.49,96.88,GOOD
Norway_007885.jpg,None,0.0,0.0,100.0,GOOD
Norway_007931.jpg,None,0.0,0.0,100.0,GOOD
Norway_007934.jpg,None,0.0,0.0,100.0,GOOD
Norway_007948.jpg,None,0.0,0.0,100.0,GOOD
Norway_007968.jpg,0,0.698,4.89,95.22,GOOD
Norway_007975.jpg,None,0.0,0.0,100.0,GOOD
Norway_007982.jpg,None,0.0,0.0,100.0,GOOD
Norway_008007.jpg,None,0.0,0.0,100.0,GOOD
Norway_008030.jpg,None,0.0,0.0,100.0,GOOD
Norway_008044.jpg,None,0.0,0.0,100.0,GOOD
Norway_008045.jpg,None,0.0,0.0,100.0,GOOD
Norway_008052.jpg,None,0.0,0.0,100.0,GOOD
Norway_008086.jpg,None,0.0,0.0,100.0,GOOD
Norway_008097.jpg,None,0.0,0.0,100.0,GOOD
Norway_008105.jpg,None,0.0,0.0,100.0,GOOD
Norway_008146.jpg,None,0.0,0.0,100.0,GOOD
sgordata1_frame2067_jpg.rf.0ec78cfc5a511e5ed54dddebf6d47a0d.jpg,"2,2",0.767,22.59,75.75,MODERATE
sgordata1_frame2069_jpg.rf.b1b3dd3eb99a303e3cd9c3ac9d0bf271.jpg,"2,2,2",0.918,20.2,74.03,MODERATE
test_road.jpg,None,0.0,0.0,100.0,GOOD
United_States_000000.jpg,None,0.0,0.0,100.0,GOOD
United_States_000005.jpg,None,0.0,0.0,100.0,GOOD
United_States_000010.jpg,None,0.0,0.0,100.0,GOOD
United_States_000014.jpg,None,0.0,0.0,100.0,GOOD
United_States_000015.jpg,None,0.0,0.0,100.0,GOOD
United_States_000018.jpg,None,0.0,0.0,100.0,GOOD
United_States_000020.jpg,"1,1",0.807,1.64,98.15,GOOD
United_States_000021.jpg,None,0.0,0.0,100.0,GOOD
United_States_000022.jpg,None,0.0,0.0,100.0,GOOD
United_States_000040.jpg,0,0.66,1.61,98.51,GOOD
United_States_000042.jpg,0,0.883,2.57,96.83,GOOD
United_States_000043.jpg,None,0.0,0.0,100.0,GOOD
United_States_000044.jpg,None,0.0,0.0,100.0,GOOD
United_States_000056.jpg,None,0.0,0.0,100.0,GOOD
United_States_000062.jpg,None,0.0,0.0,100.0,GOOD
United_States_000073.jpg,None,0.0,0.0,100.0,GOOD
United_States_000083.jpg,None,0.0,0.0,100.0,GOOD
United_States_000088.jpg,None,0.0,0.0,100.0,GOOD
United_States_000091.jpg,None,0.0,0.0,100.0,GOOD
United_States_000096.jpg,None,0.0,0.0,100.0,GOOD
United_States_000098.jpg,None,0.0,0.0,100.0,GOOD
United_States_000100.jpg,None,0.0,0.0,100.0,GOOD
United_States_000102.jpg,None,0.0,0.0,100.0,GOOD
United_States_000108.jpg,1,0.838,1.47,98.28,GOOD
United_States_000114.jpg,None,0.0,0.0,100.0,GOOD
United_States_000115.jpg,None,0.0,0.0,100.0,GOOD
United_States_000118.jpg,0,0.833,3.27,96.18,GOOD
United_States_000120.jpg,None,0.0,0.0,100.0,GOOD
United_States_000122.jpg,None,0.0,0.0,100.0,GOOD
United_States_000137.jpg,None,0.0,0.0,100.0,GOOD
United_States_000141.jpg,None,0.0,0.0,100.0,GOOD
United_States_000144.jpg,None,0.0,0.0,100.0,GOOD
United_States_000146.jpg,"1,1,1,1,1,1,1,1,1,1,1",0.938,3.44,95.48,GOOD
United_States_000148.jpg,"1,1,1",0.888,2.84,96.47,GOOD
United_States_000149.jpg,None,0.0,0.0,100.0,GOOD
United_States_000150.jpg,None,0.0,0.0,100.0,GOOD
United_States_000153.jpg,None,0.0,0.0,100.0,GOOD
United_States_000161.jpg,None,0.0,0.0,100.0,GOOD
United_States_000166.jpg,None,0.0,0.0,100.0,GOOD
United_States_000167.jpg,None,0.0,0.0,100.0,GOOD
United_States_000168.jpg,None,0.0,0.0,100.0,GOOD
United_States_000169.jpg,None,0.0,0.0,100.0,GOOD
United_States_000173.jpg,None,0.0,0.0,100.0,GOOD
United_States_000175.jpg,None,0.0,0.0,100.0,GOOD
United_States_000180.jpg,"1,1,1,1,0,1,1,1",0.976,3.7,94.94,GOOD
United_States_000186.jpg,None,0.0,0.0,100.0,GOOD
United_States_000187.jpg,None,0.0,0.0,100.0,GOOD
United_States_000199.jpg,"0,0",0.734,6.14,93.69,GOOD
United_States_000204.jpg,None,0.0,0.0,100.0,GOOD
United_States_000206.jpg,None,0.0,0.0,100.0,GOOD
United_States_000207.jpg,3,0.695,0.1,99.9,GOOD
United_States_000210.jpg,"1,1,1",0.791,2.26,97.49,GOOD
United_States_000213.jpg,0,0.636,4.64,95.87,GOOD
United_States_000214.jpg,None,0.0,0.0,100.0,GOOD
United_States_000221.jpg,1,0.65,1.84,98.33,GOOD
United_States_000231.jpg,None,0.0,0.0,100.0,GOOD
United_States_000232.jpg,"2,1",0.935,17.65,76.9,MODERATE
United_States_000234.jpg,2,0.95,9.84,86.92,GOOD
United_States_000235.jpg,None,0.0,0.0,100.0,GOOD
United_States_000237.jpg,None,0.0,0.0,100.0,GOOD
United_States_000238.jpg,0,0.63,6.71,94.08,GOOD
United_States_000240.jpg,None,0.0,0.0,100.0,GOOD
United_States_000243.jpg,None,0.0,0.0,100.0,GOOD
United_States_000246.jpg,None,0.0,0.0,100.0,GOOD
United_States_000261.jpg,None,0.0,0.0,100.0,GOOD
United_States_000263.jpg,None,0.0,0.0,100.0,GOOD
United_States_000272.jpg,None,0.0,0.0,100.0,GOOD
United_States_000276.jpg,0,0.698,4.81,95.3,GOOD
United_States_000281.jpg,None,0.0,0.0,100.0,GOOD
United_States_000286.jpg,None,0.0,0.0,100.0,GOOD
United_States_000292.jpg,None,0.0,0.0,100.0,GOOD
United_States_000293.jpg,None,0.0,0.0,100.0,GOOD
United_States_000300.jpg,None,0.0,0.0,100.0,GOOD
United_States_000304.jpg,3,0.842,0.29,99.65,GOOD
United_States_000307.jpg,None,0.0,0.0,100.0,GOOD
United_States_000326.jpg,1,0.704,1.94,98.08,GOOD
United_States_000327.jpg,0,0.653,4.21,96.15,GOOD
United_States_000330.jpg,3,0.62,16.73,85.47,GOOD
United_States_000332.jpg,None,0.0,0.0,100.0,GOOD
United_States_000334.jpg,None,0.0,0.0,100.0,GOOD
United_States_000336.jpg,"2,2,2",0.983,10.02,86.2,GOOD
United_States_000337.jpg,None,0.0,0.0,100.0,GOOD
United_States_000339.jpg,None,0.0,0.0,100.0,GOOD
United_States_000340.jpg,None,0.0,0.0,100.0,GOOD
United_States_000344.jpg,None,0.0,0.0,100.0,GOOD
United_States_000347.jpg,None,0.0,0.0,100.0,GOOD
United_States_000350.jpg,None,0.0,0.0,100.0,GOOD
United_States_000355.jpg,None,0.0,0.0,100.0,GOOD
United_States_000363.jpg,None,0.0,0.0,100.0,GOOD
United_States_000364.jpg,2,0.771,15.24,83.55,GOOD
United_States_000366.jpg,"1,1,1,1,1",0.907,1.92,97.56,GOOD
United_States_000367.jpg,None,0.0,0.0,100.0,GOOD
United_States_000369.jpg,None,0.0,0.0,100.0,GOOD
United_States_000370.jpg,None,0.0,0.0,100.0,GOOD
United_States_000371.jpg,None,0.0,0.0,100.0,GOOD
United_States_000377.jpg,None,0.0,0.0,100.0,GOOD
United_States_000379.jpg,"2,2,2,2,2,2,2",0.993,21.02,70.78,MODERATE
United_States_000381.jpg,"1,1",0.677,3.54,96.64,GOOD
United_States_000383.jpg,"1,1,1",0.913,1.88,97.6,GOOD
United_States_000384.jpg,None,0.0,0.0,100.0,GOOD
United_States_000385.jpg,"1,1",0.834,3.3,96.15,GOOD
United_States_000400.jpg,"0,0,0,0",0.766,3.28,96.48,GOOD
United_States_000406.jpg,"2,2,2,2,2,2",0.963,15.33,79.32,MODERATE
United_States_000412.jpg,None,0.0,0.0,100.0,GOOD
United_States_000413.jpg,None,0.0,0.0,100.0,GOOD
United_States_000416.jpg,None,0.0,0.0,100.0,GOOD
United_States_000428.jpg,None,0.0,0.0,100.0,GOOD
United_States_000434.jpg,None,0.0,0.0,100.0,GOOD
United_States_000440.jpg,None,0.0,0.0,100.0,GOOD
United_States_000442.jpg,None,0.0,0.0,100.0,GOOD
United_States_000447.jpg,None,0.0,0.0,100.0,GOOD
United_States_000449.jpg,2,0.934,9.46,87.63,GOOD
United_States_000450.jpg,None,0.0,0.0,100.0,GOOD
United_States_000454.jpg,None,0.0,0.0,100.0,GOOD
United_States_000458.jpg,"1,1,1,1,0,1",0.819,2.66,96.96,GOOD
United_States_000460.jpg,None,0.0,0.0,100.0,GOOD
United_States_000464.jpg,None,0.0,0.0,100.0,GOOD
United_States_000465.jpg,None,0.0,0.0,100.0,GOOD
United_States_000467.jpg,None,0.0,0.0,100.0,GOOD
United_States_000472.jpg,None,0.0,0.0,100.0,GOOD
United_States_000488.jpg,None,0.0,0.0,100.0,GOOD
United_States_000518.jpg,None,0.0,0.0,100.0,GOOD
United_States_000519.jpg,None,0.0,0.0,100.0,GOOD
United_States_000527.jpg,None,0.0,0.0,100.0,GOOD
United_States_000533.jpg,None,0.0,0.0,100.0,GOOD
United_States_000539.jpg,"2,2,2,2",0.999,21.58,69.81,MODERATE
United_States_000545.jpg,None,0.0,0.0,100.0,GOOD
United_States_000550.jpg,None,0.0,0.0,100.0,GOOD
United_States_000552.jpg,None,0.0,0.0,100.0,GOOD
United_States_000560.jpg,None,0.0,0.0,100.0,GOOD
United_States_000568.jpg,0,0.619,3.36,97.09,GOOD
United_States_000572.jpg,1,0.654,2.26,97.93,GOOD
United_States_000573.jpg,"1,1",0.873,3.75,95.42,GOOD
United_States_000578.jpg,None,0.0,0.0,100.0,GOOD
United_States_000583.jpg,0,0.617,1.3,98.88,GOOD
United_States_000584.jpg,None,0.0,0.0,100.0,GOOD
United_States_000585.jpg,None,0.0,0.0,100.0,GOOD
United_States_000586.jpg,None,0.0,0.0,100.0,GOOD
United_States_000587.jpg,"1,1,1",0.901,2.03,97.43,GOOD
United_States_000588.jpg,3,0.704,0.32,99.68,GOOD
United_States_000599.jpg,None,0.0,0.0,100.0,GOOD
United_States_000600.jpg,None,0.0,0.0,100.0,GOOD
United_States_000601.jpg,None,0.0,0.0,100.0,GOOD
United_States_000608.jpg,None,0.0,0.0,100.0,GOOD
United_States_000610.jpg,None,0.0,0.0,100.0,GOOD
United_States_000616.jpg,None,0.0,0.0,100.0,GOOD
United_States_000617.jpg,None,0.0,0.0,100.0,GOOD
United_States_000621.jpg,None,0.0,0.0,100.0,GOOD
United_States_000626.jpg,"1,1",0.662,3.07,97.16,GOOD
United_States_000636.jpg,None,0.0,0.0,100.0,GOOD
United_States_000640.jpg,None,0.0,0.0,100.0,GOOD
United_States_000644.jpg,None,0.0,0.0,100.0,GOOD
United_States_000646.jpg,None,0.0,0.0,100.0,GOOD
United_States_000648.jpg,None,0.0,0.0,100.0,GOOD
United_States_000654.jpg,None,0.0,0.0,100.0,GOOD
United_States_000655.jpg,None,0.0,0.0,100.0,GOOD
United_States_000659.jpg,None,0.0,0.0,100.0,GOOD
United_States_000666.jpg,None,0.0,0.0,100.0,GOOD
United_States_000670.jpg,"1,1",0.696,2.87,97.2,GOOD
United_States_000684.jpg,"0,0",0.698,6.08,94.06,GOOD
United_States_000687.jpg,None,0.0,0.0,100.0,GOOD
United_States_000698.jpg,"2,2,2,2,2",0.998,20.95,70.73,MODERATE
United_States_000700.jpg,"1,1,1",0.886,2.29,97.16,GOOD
United_States_000708.jpg,2,0.659,7.52,93.07,GOOD
United_States_000717.jpg,None,0.0,0.0,100.0,GOOD
United_States_000734.jpg,None,0.0,0.0,100.0,GOOD
United_States_000739.jpg,None,0.0,0.0,100.0,GOOD
United_States_000748.jpg,None,0.0,0.0,100.0,GOOD
United_States_000753.jpg,0,0.679,2.5,97.62,GOOD
United_States_000754.jpg,None,0.0,0.0,100.0,GOOD
United_States_000760.jpg,None,0.0,0.0,100.0,GOOD
United_States_000761.jpg,None,0.0,0.0,100.0,GOOD
United_States_000776.jpg,None,0.0,0.0,100.0,GOOD
United_States_000778.jpg,None,0.0,0.0,100.0,GOOD
United_States_000787.jpg,None,0.0,0.0,100.0,GOOD
United_States_000794.jpg,None,0.0,0.0,100.0,GOOD
United_States_000795.jpg,"2,2",0.941,12.13,84.02,GOOD
United_States_000797.jpg,"2,2,2,2,2,2,2,2,2,2,2,2",1.0,23.91,66.54,MODERATE
United_States_000798.jpg,None,0.0,0.0,100.0,GOOD
United_States_000801.jpg,None,0.0,0.0,100.0,GOOD
United_States_000808.jpg,None,0.0,0.0,100.0,GOOD
United_States_000809.jpg,None,0.0,0.0,100.0,GOOD
United_States_000818.jpg,None,0.0,0.0,100.0,GOOD
United_States_000819.jpg,None,0.0,0.0,100.0,GOOD
United_States_000820.jpg,None,0.0,0.0,100.0,GOOD
United_States_000824.jpg,"0,0",0.687,3.66,96.48,GOOD
United_States_000828.jpg,None,0.0,0.0,100.0,GOOD
United_States_000830.jpg,None,0.0,0.0,100.0,GOOD
United_States_000841.jpg,None,0.0,0.0,100.0,GOOD
United_States_000842.jpg,None,0.0,0.0,100.0,GOOD
United_States_000856.jpg,None,0.0,0.0,100.0,GOOD
United_States_000861.jpg,None,0.0,0.0,100.0,GOOD
United_States_000867.jpg,None,0.0,0.0,100.0,GOOD
United_States_000872.jpg,None,0.0,0.0,100.0,GOOD
United_States_000880.jpg,None,0.0,0.0,100.0,GOOD
United_States_000882.jpg,None,0.0,0.0,100.0,GOOD
United_States_000892.jpg,"1,1,1,1,1,1",0.798,2.35,97.38,GOOD
United_States_000897.jpg,1,0.683,1.59,98.47,GOOD
United_States_000899.jpg,"0,0",0.883,2.17,97.32,GOOD
United_States_000905.jpg,"1,1",0.85,4.34,94.83,GOOD
United_States_000906.jpg,None,0.0,0.0,100.0,GOOD
United_States_000916.jpg,None,0.0,0.0,100.0,GOOD
United_States_000918.jpg,None,0.0,0.0,100.0,GOOD
United_States_000919.jpg,None,0.0,0.0,100.0,GOOD
United_States_000920.jpg,None,0.0,0.0,100.0,GOOD
United_States_000921.jpg,None,0.0,0.0,100.0,GOOD
United_States_000926.jpg,None,0.0,0.0,100.0,GOOD
United_States_000932.jpg,None,0.0,0.0,100.0,GOOD
United_States_000936.jpg,None,0.0,0.0,100.0,GOOD
United_States_000939.jpg,None,0.0,0.0,100.0,GOOD
United_States_000945.jpg,None,0.0,0.0,100.0,GOOD
United_States_000972.jpg,None,0.0,0.0,100.0,GOOD
United_States_000983.jpg,None,0.0,0.0,100.0,GOOD
United_States_000984.jpg,None,0.0,0.0,100.0,GOOD
United_States_000986.jpg,None,0.0,0.0,100.0,GOOD
United_States_000994.jpg,None,0.0,0.0,100.0,GOOD
United_States_000995.jpg,None,0.0,0.0,100.0,GOOD
United_States_001000.jpg,None,0.0,0.0,100.0,GOOD
United_States_001002.jpg,None,0.0,0.0,100.0,GOOD
United_States_001008.jpg,None,0.0,0.0,100.0,GOOD
United_States_001010.jpg,None,0.0,0.0,100.0,GOOD
United_States_001013.jpg,None,0.0,0.0,100.0,GOOD
United_States_001016.jpg,None,0.0,0.0,100.0,GOOD
United_States_001018.jpg,None,0.0,0.0,100.0,GOOD
United_States_001026.jpg,None,0.0,0.0,100.0,GOOD
United_States_001028.jpg,1,0.753,2.04,97.85,GOOD
United_States_001036.jpg,None,0.0,0.0,100.0,GOOD
United_States_001037.jpg,None,0.0,0.0,100.0,GOOD
United_States_001048.jpg,"1,1,1,1,1",0.834,1.82,97.88,GOOD
United_States_001051.jpg,None,0.0,0.0,100.0,GOOD
United_States_001059.jpg,None,0.0,0.0,100.0,GOOD
United_States_001065.jpg,None,0.0,0.0,100.0,GOOD
United_States_001066.jpg,None,0.0,0.0,100.0,GOOD
United_States_001076.jpg,None,0.0,0.0,100.0,GOOD
United_States_001082.jpg,None,0.0,0.0,100.0,GOOD
United_States_001093.jpg,None,0.0,0.0,100.0,GOOD
United_States_001096.jpg,None,0.0,0.0,100.0,GOOD
United_States_001099.jpg,None,0.0,0.0,100.0,GOOD
United_States_001100.jpg,0,0.817,2.43,97.22,GOOD
United_States_001108.jpg,None,0.0,0.0,100.0,GOOD
United_States_001111.jpg,3,0.667,0.29,99.73,GOOD
United_States_001113.jpg,None,0.0,0.0,100.0,GOOD
United_States_001121.jpg,"2,2,2,2,1,2,2,1,2,2,2",0.991,17.8,75.29,MODERATE
United_States_001123.jpg,"1,1,1,1,1,1,1,1",0.925,2.22,97.13,GOOD
United_States_001124.jpg,None,0.0,0.0,100.0,GOOD
United_States_001126.jpg,None,0.0,0.0,100.0,GOOD
United_States_001129.jpg,None,0.0,0.0,100.0,GOOD
United_States_001135.jpg,None,0.0,0.0,100.0,GOOD
United_States_001143.jpg,"1,1,1,0,1",0.757,3.96,95.8,GOOD
United_States_001149.jpg,"2,2",0.964,8.2,88.93,GOOD
United_States_001153.jpg,"1,1",0.908,2.75,96.51,GOOD
United_States_001163.jpg,None,0.0,0.0,100.0,GOOD
United_States_001181.jpg,None,0.0,0.0,100.0,GOOD
United_States_001185.jpg,None,0.0,0.0,100.0,GOOD
United_States_001186.jpg,None,0.0,0.0,100.0,GOOD
United_States_001205.jpg,1,0.87,1.76,97.85,GOOD
United_States_001209.jpg,None,0.0,0.0,100.0,GOOD
United_States_001211.jpg,None,0.0,0.0,100.0,GOOD
United_States_001212.jpg,None,0.0,0.0,100.0,GOOD
United_States_001213.jpg,"0,0",0.675,4.97,95.3,GOOD
United_States_001219.jpg,None,0.0,0.0,100.0,GOOD
United_States_001225.jpg,None,0.0,0.0,100.0,GOOD
United_States_001226.jpg,None,0.0,0.0,100.0,GOOD
United_States_001239.jpg,1,0.612,1.51,98.71,GOOD
United_States_001241.jpg,None,0.0,0.0,100.0,GOOD
United_States_001244.jpg,0,0.752,4.74,95.01,GOOD
United_States_001258.jpg,1,0.621,2.01,98.26,GOOD
United_States_001260.jpg,1,0.646,2.16,98.05,GOOD
United_States_001263.jpg,None,0.0,0.0,100.0,GOOD
United_States_001295.jpg,None,0.0,0.0,100.0,GOOD
United_States_001296.jpg,None,0.0,0.0,100.0,GOOD
United_States_001298.jpg,"1,1,1",0.743,2.35,97.55,GOOD
United_States_001306.jpg,0,0.674,4.8,95.47,GOOD
United_States_001308.jpg,None,0.0,0.0,100.0,GOOD
United_States_001309.jpg,None,0.0,0.0,100.0,GOOD
United_States_001311.jpg,None,0.0,0.0,100.0,GOOD
United_States_001313.jpg,None,0.0,0.0,100.0,GOOD
United_States_001318.jpg,None,0.0,0.0,100.0,GOOD
United_States_001320.jpg,None,0.0,0.0,100.0,GOOD
United_States_001321.jpg,None,0.0,0.0,100.0,GOOD
United_States_001323.jpg,"2,1,2,1",0.928,17.07,77.82,MODERATE
United_States_001326.jpg,None,0.0,0.0,100.0,GOOD
United_States_001329.jpg,None,0.0,0.0,100.0,GOOD
United_States_001337.jpg,None,0.0,0.0,100.0,GOOD
United_States_001338.jpg,None,0.0,0.0,100.0,GOOD
United_States_001339.jpg,None,0.0,0.0,100.0,GOOD
United_States_001340.jpg,None,0.0,0.0,100.0,GOOD
United_States_001350.jpg,None,0.0,0.0,100.0,GOOD
United_States_001351.jpg,None,0.0,0.0,100.0,GOOD
United_States_001356.jpg,0,0.684,3.26,96.88,GOOD
United_States_001362.jpg,2,0.896,19.33,75.76,MODERATE
United_States_001372.jpg,None,0.0,0.0,100.0,GOOD
United_States_001376.jpg,None,0.0,0.0,100.0,GOOD
United_States_001377.jpg,None,0.0,0.0,100.0,GOOD
United_States_001379.jpg,None,0.0,0.0,100.0,GOOD
United_States_001382.jpg,None,0.0,0.0,100.0,GOOD
United_States_001389.jpg,"1,1",0.927,3.4,95.58,GOOD
United_States_001400.jpg,None,0.0,0.0,100.0,GOOD
United_States_001409.jpg,None,0.0,0.0,100.0,GOOD
United_States_001418.jpg,None,0.0,0.0,100.0,GOOD
United_States_001420.jpg,0,0.737,5.75,94.07,GOOD
United_States_001424.jpg,None,0.0,0.0,100.0,GOOD
United_States_001436.jpg,"0,0,0,0",0.688,6.29,93.94,GOOD
United_States_001441.jpg,None,0.0,0.0,100.0,GOOD
United_States_001442.jpg,None,0.0,0.0,100.0,GOOD
United_States_001445.jpg,0,0.622,4.12,96.41,GOOD
United_States_001450.jpg,None,0.0,0.0,100.0,GOOD
United_States_001456.jpg,"2,2",0.836,16.64,80.52,GOOD
United_States_001459.jpg,0,0.932,2.99,96.09,GOOD
United_States_001463.jpg,None,0.0,0.0,100.0,GOOD
United_States_001483.jpg,None,0.0,0.0,100.0,GOOD
United_States_001485.jpg,None,0.0,0.0,100.0,GOOD
United_States_001486.jpg,None,0.0,0.0,100.0,GOOD
United_States_001493.jpg,None,0.0,0.0,100.0,GOOD
United_States_001503.jpg,None,0.0,0.0,100.0,GOOD
United_States_001513.jpg,None,0.0,0.0,100.0,GOOD
United_States_001520.jpg,None,0.0,0.0,100.0,GOOD
United_States_001522.jpg,None,0.0,0.0,100.0,GOOD
United_States_001525.jpg,None,0.0,0.0,100.0,GOOD
United_States_001533.jpg,3,0.784,0.14,99.84,GOOD
United_States_001539.jpg,None,0.0,0.0,100.0,GOOD
United_States_001540.jpg,2,0.868,8.54,89.61,GOOD
United_States_001544.jpg,None,0.0,0.0,100.0,GOOD
United_States_001545.jpg,0,0.624,3.97,96.54,GOOD
United_States_001556.jpg,None,0.0,0.0,100.0,GOOD
United_States_001559.jpg,2,0.965,17.85,75.89,MODERATE
United_States_001562.jpg,None,0.0,0.0,100.0,GOOD
United_States_001563.jpg,None,0.0,0.0,100.0,GOOD
United_States_001565.jpg,None,0.0,0.0,100.0,GOOD
United_States_001566.jpg,None,0.0,0.0,100.0,GOOD
United_States_001569.jpg,"1,1,1,1",0.789,3.9,95.69,GOOD
United_States_001577.jpg,"2,2,2,2,2,2,2,2",0.998,20.73,71.04,MODERATE
United_States_001581.jpg,None,0.0,0.0,100.0,GOOD
United_States_001584.jpg,0,0.618,3.37,97.08,GOOD
United_States_001592.jpg,None,0.0,0.0,100.0,GOOD
United_States_001602.jpg,0,0.612,2.91,97.51,GOOD
United_States_001608.jpg,None,0.0,0.0,100.0,GOOD
United_States_001611.jpg,None,0.0,0.0,100.0,GOOD
United_States_001626.jpg,None,0.0,0.0,100.0,GOOD
United_States_001627.jpg,1,0.85,1.91,97.73,GOOD
United_States_001628.jpg,None,0.0,0.0,100.0,GOOD
United_States_001630.jpg,None,0.0,0.0,100.0,GOOD
United_States_001636.jpg,None,0.0,0.0,100.0,GOOD
United_States_001637.jpg,None,0.0,0.0,100.0,GOOD
United_States_001641.jpg,None,0.0,0.0,100.0,GOOD
United_States_001646.jpg,"1,1,1,1",0.85,2.64,96.86,GOOD
United_States_001648.jpg,None,0.0,0.0,100.0,GOOD
United_States_001651.jpg,None,0.0,0.0,100.0,GOOD
United_States_001662.jpg,None,0.0,0.0,100.0,GOOD
United_States_001669.jpg,None,0.0,0.0,100.0,GOOD
United_States_001673.jpg,None,0.0,0.0,100.0,GOOD
United_States_001675.jpg,None,0.0,0.0,100.0,GOOD
United_States_001676.jpg,None,0.0,0.0,100.0,GOOD
United_States_001687.jpg,0,0.667,4.04,96.23,GOOD
United_States_001690.jpg,None,0.0,0.0,100.0,GOOD
United_States_001707.jpg,None,0.0,0.0,100.0,GOOD
United_States_001710.jpg,None,0.0,0.0,100.0,GOOD
United_States_001720.jpg,"2,2,2,2,2,2,2,2",0.997,19.7,72.49,MODERATE
United_States_001721.jpg,"1,1,1",0.916,1.89,97.57,GOOD
United_States_001726.jpg,"0,0,1",0.869,4.57,94.44,GOOD
United_States_001727.jpg,None,0.0,0.0,100.0,GOOD
United_States_001728.jpg,None,0.0,0.0,100.0,GOOD
United_States_001737.jpg,None,0.0,0.0,100.0,GOOD
United_States_001739.jpg,None,0.0,0.0,100.0,GOOD
United_States_001741.jpg,None,0.0,0.0,100.0,GOOD
United_States_001743.jpg,None,0.0,0.0,100.0,GOOD
United_States_001744.jpg,None,0.0,0.0,100.0,GOOD
United_States_001748.jpg,None,0.0,0.0,100.0,GOOD
United_States_001750.jpg,None,0.0,0.0,100.0,GOOD
United_States_001751.jpg,None,0.0,0.0,100.0,GOOD
United_States_001755.jpg,"1,1,1,1,1,1,1,1,1,1",0.936,4.5,94.11,GOOD
United_States_001759.jpg,None,0.0,0.0,100.0,GOOD
United_States_001765.jpg,None,0.0,0.0,100.0,GOOD
United_States_001766.jpg,1,0.73,1.56,98.4,GOOD
United_States_001767.jpg,"2,2,2,2,2,2",0.988,18.6,74.27,MODERATE
United_States_001772.jpg,1,0.715,2.28,97.72,GOOD
United_States_001774.jpg,None,0.0,0.0,100.0,GOOD
United_States_001788.jpg,None,0.0,0.0,100.0,GOOD
United_States_001791.jpg,None,0.0,0.0,100.0,GOOD
United_States_001797.jpg,None,0.0,0.0,100.0,GOOD
United_States_001807.jpg,"1,1,1",0.842,2.18,97.43,GOOD
United_States_001817.jpg,"1,1",0.736,3.83,96.06,GOOD
United_States_001835.jpg,None,0.0,0.0,100.0,GOOD
United_States_001839.jpg,None,0.0,0.0,100.0,GOOD
United_States_001845.jpg,None,0.0,0.0,100.0,GOOD
United_States_001852.jpg,1,0.64,1.85,98.35,GOOD
United_States_001856.jpg,0,0.636,2.86,97.45,GOOD
United_States_001858.jpg,0,0.681,2.17,97.93,GOOD
United_States_001874.jpg,None,0.0,0.0,100.0,GOOD
United_States_001876.jpg,None,0.0,0.0,100.0,GOOD
United_States_001881.jpg,None,0.0,0.0,100.0,GOOD
United_States_001891.jpg,None,0.0,0.0,100.0,GOOD
United_States_001897.jpg,None,0.0,0.0,100.0,GOOD
United_States_001903.jpg,"0,0",0.779,3.83,95.82,GOOD
United_States_001908.jpg,None,0.0,0.0,100.0,GOOD
United_States_001909.jpg,None,0.0,0.0,100.0,GOOD
United_States_001920.jpg,"1,1,1",0.641,2.27,97.96,GOOD
United_States_001928.jpg,1,0.798,1.71,98.09,GOOD
United_States_001938.jpg,None,0.0,0.0,100.0,GOOD
United_States_001939.jpg,None,0.0,0.0,100.0,GOOD
United_States_001944.jpg,3,0.697,0.48,99.53,GOOD
United_States_001948.jpg,None,0.0,0.0,100.0,GOOD
United_States_001951.jpg,None,0.0,0.0,100.0,GOOD
United_States_001953.jpg,None,0.0,0.0,100.0,GOOD
United_States_001959.jpg,None,0.0,0.0,100.0,GOOD
United_States_001961.jpg,1,0.628,3.07,97.3,GOOD
United_States_001963.jpg,None,0.0,0.0,100.0,GOOD
United_States_001969.jpg,None,0.0,0.0,100.0,GOOD
United_States_001971.jpg,None,0.0,0.0,100.0,GOOD
United_States_001973.jpg,None,0.0,0.0,100.0,GOOD
United_States_001976.jpg,None,0.0,0.0,100.0,GOOD
United_States_001978.jpg,None,0.0,0.0,100.0,GOOD
United_States_001990.jpg,None,0.0,0.0,100.0,GOOD
United_States_001991.jpg,None,0.0,0.0,100.0,GOOD
United_States_001993.jpg,None,0.0,0.0,100.0,GOOD
United_States_002006.jpg,None,0.0,0.0,100.0,GOOD
United_States_002023.jpg,None,0.0,0.0,100.0,GOOD
United_States_002024.jpg,None,0.0,0.0,100.0,GOOD
United_States_002031.jpg,None,0.0,0.0,100.0,GOOD
United_States_002058.jpg,None,0.0,0.0,100.0,GOOD
United_States_002062.jpg,0,0.623,4.41,96.15,GOOD
United_States_002070.jpg,None,0.0,0.0,100.0,GOOD
United_States_002074.jpg,None,0.0,0.0,100.0,GOOD
United_States_002078.jpg,None,0.0,0.0,100.0,GOOD
United_States_002083.jpg,None,0.0,0.0,100.0,GOOD
United_States_002086.jpg,None,0.0,0.0,100.0,GOOD
United_States_002087.jpg,None,0.0,0.0,100.0,GOOD
United_States_002089.jpg,None,0.0,0.0,100.0,GOOD
United_States_002091.jpg,1,0.858,2.82,96.61,GOOD
United_States_002092.jpg,None,0.0,0.0,100.0,GOOD
United_States_002093.jpg,"1,1,1,1,1,1,0",0.92,2.29,97.05,GOOD
United_States_002101.jpg,None,0.0,0.0,100.0,GOOD
United_States_002107.jpg,None,0.0,0.0,100.0,GOOD
United_States_002108.jpg,None,0.0,0.0,100.0,GOOD
United_States_002113.jpg,None,0.0,0.0,100.0,GOOD
United_States_002116.jpg,"1,1,1,1,1,1",0.92,1.98,97.46,GOOD
United_States_002117.jpg,None,0.0,0.0,100.0,GOOD
United_States_002121.jpg,None,0.0,0.0,100.0,GOOD
United_States_002125.jpg,2,0.704,18.08,82.17,GOOD
United_States_002129.jpg,0,0.603,3.46,97.07,GOOD
United_States_002130.jpg,None,0.0,0.0,100.0,GOOD
United_States_002135.jpg,1,0.706,2.07,97.95,GOOD
United_States_002136.jpg,None,0.0,0.0,100.0,GOOD
United_States_002137.jpg,"2,2,2,1,1,1,1",0.997,17.23,75.95,MODERATE
United_States_002141.jpg,0,0.712,2.02,97.98,GOOD
United_States_002147.jpg,1,0.673,1.9,98.21,GOOD
United_States_002150.jpg,"1,1",0.764,3.01,96.78,GOOD
United_States_002153.jpg,None,0.0,0.0,100.0,GOOD
United_States_002156.jpg,None,0.0,0.0,100.0,GOOD
United_States_002163.jpg,None,0.0,0.0,100.0,GOOD
United_States_002175.jpg,None,0.0,0.0,100.0,GOOD
United_States_002176.jpg,"1,1,1",0.876,1.88,97.7,GOOD
United_States_002182.jpg,1,0.613,1.75,98.5,GOOD
United_States_002184.jpg,"0,0",0.661,4.03,96.27,GOOD
United_States_002190.jpg,None,0.0,0.0,100.0,GOOD
United_States_002199.jpg,None,0.0,0.0,100.0,GOOD
United_States_002205.jpg,None,0.0,0.0,100.0,GOOD
United_States_002209.jpg,"0,0",0.783,2.39,97.38,GOOD
United_States_002218.jpg,None,0.0,0.0,100.0,GOOD
United_States_002228.jpg,0,0.699,2.4,97.65,GOOD
United_States_002236.jpg,None,0.0,0.0,100.0,GOOD
United_States_002244.jpg,None,0.0,0.0,100.0,GOOD
United_States_002251.jpg,"2,2,2",0.853,18.11,78.36,MODERATE
United_States_002252.jpg,2,0.782,16.93,81.46,GOOD
United_States_002253.jpg,None,0.0,0.0,100.0,GOOD
United_States_002255.jpg,None,0.0,0.0,100.0,GOOD
United_States_002256.jpg,None,0.0,0.0,100.0,GOOD
United_States_002261.jpg,None,0.0,0.0,100.0,GOOD
United_States_002262.jpg,None,0.0,0.0,100.0,GOOD
United_States_002263.jpg,None,0.0,0.0,100.0,GOOD
United_States_002267.jpg,None,0.0,0.0,100.0,GOOD
United_States_002277.jpg,None,0.0,0.0,100.0,GOOD
United_States_002278.jpg,None,0.0,0.0,100.0,GOOD
United_States_002279.jpg,None,0.0,0.0,100.0,GOOD
United_States_002280.jpg,"1,1,1",0.855,1.94,97.68,GOOD
United_States_002283.jpg,None,0.0,0.0,100.0,GOOD
United_States_002288.jpg,None,0.0,0.0,100.0,GOOD
United_States_002290.jpg,0,0.739,5.06,94.76,GOOD
United_States_002302.jpg,None,0.0,0.0,100.0,GOOD
United_States_002303.jpg,None,0.0,0.0,100.0,GOOD
United_States_002305.jpg,None,0.0,0.0,100.0,GOOD
United_States_002307.jpg,None,0.0,0.0,100.0,GOOD
United_States_002308.jpg,None,0.0,0.0,100.0,GOOD
United_States_002312.jpg,None,0.0,0.0,100.0,GOOD
United_States_002313.jpg,"1,1,0",0.667,1.88,98.25,GOOD
United_States_002319.jpg,None,0.0,0.0,100.0,GOOD
United_States_002321.jpg,3,0.7,0.27,99.74,GOOD
United_States_002324.jpg,None,0.0,0.0,100.0,GOOD
United_States_002325.jpg,None,0.0,0.0,100.0,GOOD
United_States_002327.jpg,3,0.713,0.34,99.66,GOOD
United_States_002334.jpg,None,0.0,0.0,100.0,GOOD
United_States_002343.jpg,None,0.0,0.0,100.0,GOOD
United_States_002350.jpg,None,0.0,0.0,100.0,GOOD
United_States_002351.jpg,2,0.936,17.82,76.66,MODERATE
United_States_002352.jpg,None,0.0,0.0,100.0,GOOD
United_States_002354.jpg,None,0.0,0.0,100.0,GOOD
United_States_002356.jpg,None,0.0,0.0,100.0,GOOD
United_States_002361.jpg,None,0.0,0.0,100.0,GOOD
United_States_002402.jpg,None,0.0,0.0,100.0,GOOD
United_States_002409.jpg,0,0.666,3.39,96.84,GOOD
United_States_002411.jpg,None,0.0,0.0,100.0,GOOD
United_States_002416.jpg,None,0.0,0.0,100.0,GOOD
United_States_002422.jpg,None,0.0,0.0,100.0,GOOD
United_States_002423.jpg,3,0.813,0.16,99.82,GOOD
United_States_002432.jpg,None,0.0,0.0,100.0,GOOD
United_States_002438.jpg,"0,0",0.682,6.06,94.21,GOOD
United_States_002440.jpg,None,0.0,0.0,100.0,GOOD
United_States_002453.jpg,1,0.649,1.34,98.79,GOOD
United_States_002464.jpg,None,0.0,0.0,100.0,GOOD
United_States_002475.jpg,None,0.0,0.0,100.0,GOOD
United_States_002479.jpg,None,0.0,0.0,100.0,GOOD
United_States_002481.jpg,None,0.0,0.0,100.0,GOOD
United_States_002482.jpg,None,0.0,0.0,100.0,GOOD
United_States_002485.jpg,None,0.0,0.0,100.0,GOOD
United_States_002486.jpg,None,0.0,0.0,100.0,GOOD
United_States_002488.jpg,None,0.0,0.0,100.0,GOOD
United_States_002496.jpg,None,0.0,0.0,100.0,GOOD
United_States_002497.jpg,None,0.0,0.0,100.0,GOOD
United_States_002502.jpg,None,0.0,0.0,100.0,GOOD
United_States_002507.jpg,None,0.0,0.0,100.0,GOOD
United_States_002518.jpg,None,0.0,0.0,100.0,GOOD
United_States_002527.jpg,None,0.0,0.0,100.0,GOOD
United_States_002529.jpg,None,0.0,0.0,100.0,GOOD
United_States_002538.jpg,None,0.0,0.0,100.0,GOOD
United_States_002541.jpg,"1,1,1",0.828,1.58,98.17,GOOD
United_States_002543.jpg,"1,1",0.707,1.8,98.22,GOOD
United_States_002548.jpg,"0,0",0.68,6.74,93.59,GOOD
United_States_002549.jpg,None,0.0,0.0,100.0,GOOD
United_States_002568.jpg,"1,1,0",0.731,1.81,98.15,GOOD
United_States_002569.jpg,None,0.0,0.0,100.0,GOOD
United_States_002570.jpg,None,0.0,0.0,100.0,GOOD
United_States_002574.jpg,None,0.0,0.0,100.0,GOOD
United_States_002578.jpg,None,0.0,0.0,100.0,GOOD
United_States_002589.jpg,None,0.0,0.0,100.0,GOOD
United_States_002593.jpg,None,0.0,0.0,100.0,GOOD
United_States_002594.jpg,1,0.751,1.82,98.08,GOOD
United_States_002607.jpg,None,0.0,0.0,100.0,GOOD
United_States_002617.jpg,None,0.0,0.0,100.0,GOOD
United_States_002618.jpg,None,0.0,0.0,100.0,GOOD
United_States_002620.jpg,None,0.0,0.0,100.0,GOOD
United_States_002631.jpg,None,0.0,0.0,100.0,GOOD
United_States_002635.jpg,None,0.0,0.0,100.0,GOOD
United_States_002636.jpg,0,0.644,3.25,97.07,GOOD
United_States_002638.jpg,None,0.0,0.0,100.0,GOOD
United_States_002647.jpg,"0,0",0.85,3.06,96.35,GOOD
United_States_002650.jpg,2,0.869,16.19,80.31,GOOD
United_States_002651.jpg,None,0.0,0.0,100.0,GOOD
United_States_002654.jpg,None,0.0,0.0,100.0,GOOD
United_States_002656.jpg,None,0.0,0.0,100.0,GOOD
United_States_002663.jpg,None,0.0,0.0,100.0,GOOD
United_States_002667.jpg,"2,2",0.971,16.81,77.15,MODERATE
United_States_002670.jpg,"2,2,2,2",0.939,15.54,79.57,MODERATE
United_States_002674.jpg,None,0.0,0.0,100.0,GOOD
United_States_002680.jpg,None,0.0,0.0,100.0,GOOD
United_States_002681.jpg,1,0.657,2.56,97.65,GOOD
United_States_002683.jpg,None,0.0,0.0,100.0,GOOD
United_States_002687.jpg,None,0.0,0.0,100.0,GOOD
United_States_002689.jpg,0,0.672,4.45,95.81,GOOD
United_States_002697.jpg,None,0.0,0.0,100.0,GOOD
United_States_002700.jpg,None,0.0,0.0,100.0,GOOD
United_States_002704.jpg,None,0.0,0.0,100.0,GOOD
United_States_002706.jpg,None,0.0,0.0,100.0,GOOD
United_States_002708.jpg,None,0.0,0.0,100.0,GOOD
United_States_002709.jpg,None,0.0,0.0,100.0,GOOD
United_States_002710.jpg,"1,1",0.696,1.69,98.35,GOOD
United_States_002712.jpg,None,0.0,0.0,100.0,GOOD
United_States_002722.jpg,None,0.0,0.0,100.0,GOOD
United_States_002724.jpg,None,0.0,0.0,100.0,GOOD
United_States_002740.jpg,None,0.0,0.0,100.0,GOOD
United_States_002742.jpg,None,0.0,0.0,100.0,GOOD
United_States_002752.jpg,"1,1",0.793,1.83,97.96,GOOD
United_States_002754.jpg,None,0.0,0.0,100.0,GOOD
United_States_002759.jpg,None,0.0,0.0,100.0,GOOD
United_States_002761.jpg,None,0.0,0.0,100.0,GOOD
United_States_002765.jpg,None,0.0,0.0,100.0,GOOD
United_States_002768.jpg,None,0.0,0.0,100.0,GOOD
United_States_002769.jpg,None,0.0,0.0,100.0,GOOD
United_States_002787.jpg,0,0.607,2.09,98.22,GOOD
United_States_002788.jpg,None,0.0,0.0,100.0,GOOD
United_States_002792.jpg,None,0.0,0.0,100.0,GOOD
United_States_002797.jpg,None,0.0,0.0,100.0,GOOD
United_States_002801.jpg,None,0.0,0.0,100.0,GOOD
United_States_002812.jpg,None,0.0,0.0,100.0,GOOD
United_States_002813.jpg,"1,1,1",0.79,4.75,94.74,GOOD
United_States_002817.jpg,None,0.0,0.0,100.0,GOOD
United_States_002825.jpg,None,0.0,0.0,100.0,GOOD
United_States_002828.jpg,None,0.0,0.0,100.0,GOOD
United_States_002833.jpg,None,0.0,0.0,100.0,GOOD
United_States_002834.jpg,None,0.0,0.0,100.0,GOOD
United_States_002835.jpg,None,0.0,0.0,100.0,GOOD
United_States_002837.jpg,None,0.0,0.0,100.0,GOOD
United_States_002839.jpg,None,0.0,0.0,100.0,GOOD
United_States_002845.jpg,"1,1,1,1,1",0.85,1.99,97.63,GOOD
United_States_002849.jpg,None,0.0,0.0,100.0,GOOD
United_States_002851.jpg,None,0.0,0.0,100.0,GOOD
United_States_002856.jpg,1,0.781,2.54,97.22,GOOD
United_States_002863.jpg,None,0.0,0.0,100.0,GOOD
United_States_002867.jpg,None,0.0,0.0,100.0,GOOD
United_States_002868.jpg,None,0.0,0.0,100.0,GOOD
United_States_002873.jpg,None,0.0,0.0,100.0,GOOD
United_States_002877.jpg,None,0.0,0.0,100.0,GOOD
United_States_002883.jpg,None,0.0,0.0,100.0,GOOD
United_States_002901.jpg,1,0.671,1.92,98.19,GOOD
United_States_002911.jpg,None,0.0,0.0,100.0,GOOD
United_States_002913.jpg,None,0.0,0.0,100.0,GOOD
United_States_002917.jpg,"1,1",0.797,4.67,94.79,GOOD
United_States_002920.jpg,"1,1",0.73,4.91,94.98,GOOD
United_States_002921.jpg,None,0.0,0.0,100.0,GOOD
United_States_002931.jpg,None,0.0,0.0,100.0,GOOD
United_States_002934.jpg,None,0.0,0.0,100.0,GOOD
United_States_002935.jpg,None,0.0,0.0,100.0,GOOD
United_States_002937.jpg,None,0.0,0.0,100.0,GOOD
United_States_002938.jpg,None,0.0,0.0,100.0,GOOD
United_States_002943.jpg,None,0.0,0.0,100.0,GOOD
United_States_002944.jpg,"1,1,1",0.934,2.96,96.12,GOOD
United_States_002948.jpg,1,0.631,2.27,98.0,GOOD
United_States_002950.jpg,3,0.655,0.27,99.75,GOOD
United_States_002951.jpg,None,0.0,0.0,100.0,GOOD
United_States_002963.jpg,"2,2,2,2",0.98,18.64,74.42,MODERATE
United_States_002973.jpg,None,0.0,0.0,100.0,GOOD
United_States_002976.jpg,None,0.0,0.0,100.0,GOOD
United_States_002979.jpg,2,0.973,13.96,80.97,GOOD
United_States_002982.jpg,None,0.0,0.0,100.0,GOOD
United_States_002989.jpg,None,0.0,0.0,100.0,GOOD
United_States_002990.jpg,"2,2",0.899,19.98,74.84,MODERATE
United_States_002994.jpg,"1,1",0.78,2.18,97.62,GOOD
United_States_002997.jpg,None,0.0,0.0,100.0,GOOD
United_States_002998.jpg,None,0.0,0.0,100.0,GOOD
United_States_003002.jpg,"0,0,0",0.893,5.38,93.27,GOOD
United_States_003004.jpg,None,0.0,0.0,100.0,GOOD
United_States_003011.jpg,"0,0,0,0",0.724,4.41,95.53,GOOD
United_States_003013.jpg,None,0.0,0.0,100.0,GOOD
United_States_003014.jpg,None,0.0,0.0,100.0,GOOD
United_States_003020.jpg,None,0.0,0.0,100.0,GOOD
United_States_003021.jpg,None,0.0,0.0,100.0,GOOD
United_States_003034.jpg,None,0.0,0.0,100.0,GOOD
United_States_003043.jpg,None,0.0,0.0,100.0,GOOD
United_States_003045.jpg,None,0.0,0.0,100.0,GOOD
United_States_003054.jpg,None,0.0,0.0,100.0,GOOD
United_States_003055.jpg,None,0.0,0.0,100.0,GOOD
United_States_003057.jpg,None,0.0,0.0,100.0,GOOD
United_States_003061.jpg,"1,1,1,1",0.889,1.89,97.64,GOOD
United_States_003065.jpg,None,0.0,0.0,100.0,GOOD
United_States_003074.jpg,None,0.0,0.0,100.0,GOOD
United_States_003077.jpg,None,0.0,0.0,100.0,GOOD
United_States_003081.jpg,None,0.0,0.0,100.0,GOOD
United_States_003090.jpg,0,0.678,2.13,97.98,GOOD
United_States_003092.jpg,None,0.0,0.0,100.0,GOOD
United_States_003114.jpg,"2,1,2,1,1",0.984,13.78,81.02,GOOD
United_States_003117.jpg,None,0.0,0.0,100.0,GOOD
United_States_003124.jpg,2,0.841,18.23,78.53,MODERATE
United_States_003127.jpg,None,0.0,0.0,100.0,GOOD
United_States_003137.jpg,None,0.0,0.0,100.0,GOOD
United_States_003142.jpg,None,0.0,0.0,100.0,GOOD
United_States_003154.jpg,1,0.632,1.68,98.51,GOOD
United_States_003157.jpg,2,0.758,11.93,87.33,GOOD
United_States_003158.jpg,None,0.0,0.0,100.0,GOOD
United_States_003169.jpg,None,0.0,0.0,100.0,GOOD
United_States_003178.jpg,None,0.0,0.0,100.0,GOOD
United_States_003180.jpg,"2,2,2,2,2,2",0.98,20.72,71.57,MODERATE
United_States_003181.jpg,0,0.66,2.12,98.05,GOOD
United_States_003182.jpg,None,0.0,0.0,100.0,GOOD
United_States_003185.jpg,None,0.0,0.0,100.0,GOOD
United_States_003187.jpg,None,0.0,0.0,100.0,GOOD
United_States_003188.jpg,None,0.0,0.0,100.0,GOOD
United_States_003189.jpg,"1,1",0.779,1.82,98.02,GOOD
United_States_003202.jpg,None,0.0,0.0,100.0,GOOD
United_States_003212.jpg,None,0.0,0.0,100.0,GOOD
United_States_003214.jpg,None,0.0,0.0,100.0,GOOD
United_States_003223.jpg,None,0.0,0.0,100.0,GOOD
United_States_003227.jpg,0,0.759,6.24,93.37,GOOD
United_States_003228.jpg,None,0.0,0.0,100.0,GOOD
United_States_003231.jpg,None,0.0,0.0,100.0,GOOD
United_States_003232.jpg,"1,1,1",0.858,2.25,97.3,GOOD
United_States_003239.jpg,None,0.0,0.0,100.0,GOOD
United_States_003241.jpg,None,0.0,0.0,100.0,GOOD
United_States_003245.jpg,None,0.0,0.0,100.0,GOOD
United_States_003252.jpg,None,0.0,0.0,100.0,GOOD
United_States_003254.jpg,None,0.0,0.0,100.0,GOOD
United_States_003262.jpg,None,0.0,0.0,100.0,GOOD
United_States_003265.jpg,None,0.0,0.0,100.0,GOOD
United_States_003266.jpg,None,0.0,0.0,100.0,GOOD
United_States_003268.jpg,None,0.0,0.0,100.0,GOOD
United_States_003270.jpg,None,0.0,0.0,100.0,GOOD
United_States_003271.jpg,None,0.0,0.0,100.0,GOOD
United_States_003275.jpg,"0,0,1,0,0",0.791,3.17,96.49,GOOD
United_States_003278.jpg,None,0.0,0.0,100.0,GOOD
United_States_003279.jpg,"1,1",0.657,2.3,97.88,GOOD
United_States_003280.jpg,None,0.0,0.0,100.0,GOOD
United_States_003283.jpg,2,0.672,15.36,85.54,GOOD
United_States_003285.jpg,3,0.649,10.25,90.69,GOOD
United_States_003287.jpg,None,0.0,0.0,100.0,GOOD
United_States_003295.jpg,0,0.687,1.99,98.09,GOOD
United_States_003301.jpg,None,0.0,0.0,100.0,GOOD
United_States_003303.jpg,None,0.0,0.0,100.0,GOOD
United_States_003323.jpg,"2,2,2,2,2,2,2,2",0.993,21.29,70.41,MODERATE
United_States_003325.jpg,None,0.0,0.0,100.0,GOOD
United_States_003326.jpg,None,0.0,0.0,100.0,GOOD
United_States_003329.jpg,None,0.0,0.0,100.0,GOOD
United_States_003336.jpg,"0,0",0.781,3.54,96.13,GOOD
United_States_003337.jpg,None,0.0,0.0,100.0,GOOD
United_States_003339.jpg,"0,1,0",0.805,3.17,96.42,GOOD
United_States_003340.jpg,None,0.0,0.0,100.0,GOOD
United_States_003349.jpg,0,0.611,4.2,96.41,GOOD
United_States_003351.jpg,0,0.675,3.91,96.3,GOOD
United_States_003355.jpg,None,0.0,0.0,100.0,GOOD
United_States_003363.jpg,None,0.0,0.0,100.0,GOOD
United_States_003365.jpg,None,0.0,0.0,100.0,GOOD
United_States_003370.jpg,None,0.0,0.0,100.0,GOOD
United_States_003373.jpg,None,0.0,0.0,100.0,GOOD
United_States_003376.jpg,None,0.0,0.0,100.0,GOOD
United_States_003389.jpg,1,0.798,1.77,98.02,GOOD
United_States_003391.jpg,None,0.0,0.0,100.0,GOOD
United_States_003404.jpg,None,0.0,0.0,100.0,GOOD
United_States_003405.jpg,None,0.0,0.0,100.0,GOOD
United_States_003406.jpg,None,0.0,0.0,100.0,GOOD
United_States_003408.jpg,None,0.0,0.0,100.0,GOOD
United_States_003409.jpg,0,0.642,5.83,94.75,GOOD
United_States_003414.jpg,"2,2,2",0.9,8.73,89.01,GOOD
United_States_003416.jpg,2,0.887,8.45,89.5,GOOD
United_States_003421.jpg,None,0.0,0.0,100.0,GOOD
United_States_003425.jpg,None,0.0,0.0,100.0,GOOD
United_States_003430.jpg,None,0.0,0.0,100.0,GOOD
United_States_003436.jpg,0,0.769,3.27,96.48,GOOD
United_States_003438.jpg,"0,0",0.747,4.82,94.96,GOOD
United_States_003439.jpg,None,0.0,0.0,100.0,GOOD
United_States_003443.jpg,None,0.0,0.0,100.0,GOOD
United_States_003445.jpg,None,0.0,0.0,100.0,GOOD
United_States_003450.jpg,"1,1",0.703,1.94,98.09,GOOD
United_States_003457.jpg,None,0.0,0.0,100.0,GOOD
United_States_003459.jpg,None,0.0,0.0,100.0,GOOD
United_States_003482.jpg,None,0.0,0.0,100.0,GOOD
United_States_003486.jpg,None,0.0,0.0,100.0,GOOD
United_States_003489.jpg,"3,0",0.895,0.8,98.99,GOOD
United_States_003493.jpg,None,0.0,0.0,100.0,GOOD
United_States_003496.jpg,0,0.708,2.74,97.29,GOOD
United_States_003508.jpg,None,0.0,0.0,100.0,GOOD
United_States_003514.jpg,None,0.0,0.0,100.0,GOOD
United_States_003516.jpg,None,0.0,0.0,100.0,GOOD
United_States_003519.jpg,None,0.0,0.0,100.0,GOOD
United_States_003527.jpg,None,0.0,0.0,100.0,GOOD
United_States_003530.jpg,None,0.0,0.0,100.0,GOOD
United_States_003535.jpg,None,0.0,0.0,100.0,GOOD
United_States_003544.jpg,None,0.0,0.0,100.0,GOOD
United_States_003553.jpg,None,0.0,0.0,100.0,GOOD
United_States_003563.jpg,"1,1,1",0.917,1.97,97.47,GOOD
United_States_003569.jpg,None,0.0,0.0,100.0,GOOD
United_States_003570.jpg,None,0.0,0.0,100.0,GOOD
United_States_003580.jpg,None,0.0,0.0,100.0,GOOD
United_States_003582.jpg,"2,2",0.806,18.96,78.6,MODERATE
United_States_003588.jpg,None,0.0,0.0,100.0,GOOD
United_States_003600.jpg,None,0.0,0.0,100.0,GOOD
United_States_003602.jpg,None,0.0,0.0,100.0,GOOD
United_States_003609.jpg,"1,1",0.799,2.38,97.34,GOOD
United_States_003616.jpg,"1,1",0.618,2.42,97.91,GOOD
United_States_003624.jpg,None,0.0,0.0,100.0,GOOD
United_States_003635.jpg,None,0.0,0.0,100.0,GOOD
United_States_003638.jpg,None,0.0,0.0,100.0,GOOD
United_States_003640.jpg,None,0.0,0.0,100.0,GOOD
United_States_003643.jpg,"3,1,1,1,1",0.79,0.24,99.74,GOOD
United_States_003646.jpg,None,0.0,0.0,100.0,GOOD
United_States_003652.jpg,"1,1,1",0.879,2.42,97.03,GOOD
United_States_003660.jpg,None,0.0,0.0,100.0,GOOD
United_States_003661.jpg,None,0.0,0.0,100.0,GOOD
United_States_003662.jpg,1,0.638,1.91,98.3,GOOD
United_States_003676.jpg,0,0.763,3.8,95.94,GOOD
United_States_003677.jpg,None,0.0,0.0,100.0,GOOD
United_States_003683.jpg,1,0.668,2.32,97.83,GOOD
United_States_003686.jpg,"1,1,1",0.902,2.0,97.47,GOOD
United_States_003687.jpg,None,0.0,0.0,100.0,GOOD
United_States_003689.jpg,0,0.731,2.08,97.87,GOOD
United_States_003691.jpg,"1,1",0.786,2.26,97.51,GOOD
United_States_003698.jpg,0,0.653,3.49,96.81,GOOD
United_States_003699.jpg,None,0.0,0.0,100.0,GOOD
United_States_003713.jpg,3,0.618,0.29,99.75,GOOD
United_States_003722.jpg,None,0.0,0.0,100.0,GOOD
United_States_003723.jpg,None,0.0,0.0,100.0,GOOD
United_States_003726.jpg,"1,1,1,1",0.813,4.19,95.23,GOOD
United_States_003729.jpg,None,0.0,0.0,100.0,GOOD
United_States_003731.jpg,"0,0,0",0.952,3.69,95.08,GOOD
United_States_003736.jpg,None,0.0,0.0,100.0,GOOD
United_States_003746.jpg,None,0.0,0.0,100.0,GOOD
United_States_003753.jpg,None,0.0,0.0,100.0,GOOD
United_States_003755.jpg,None,0.0,0.0,100.0,GOOD
United_States_003765.jpg,"0,0",0.8,2.55,97.15,GOOD
United_States_003766.jpg,0,0.603,5.71,95.18,GOOD
United_States_003769.jpg,1,0.712,2.98,97.03,GOOD
United_States_003771.jpg,0,0.634,4.96,95.6,GOOD
United_States_003777.jpg,None,0.0,0.0,100.0,GOOD
United_States_003782.jpg,"2,2,2",0.995,20.54,71.38,MODERATE
United_States_003793.jpg,None,0.0,0.0,100.0,GOOD
United_States_003796.jpg,None,0.0,0.0,100.0,GOOD
United_States_003798.jpg,"1,1",0.812,2.51,97.14,GOOD
United_States_003803.jpg,0,0.67,4.0,96.25,GOOD
United_States_003804.jpg,None,0.0,0.0,100.0,GOOD
United_States_003806.jpg,"1,1",0.741,1.95,97.98,GOOD
United_States_003813.jpg,None,0.0,0.0,100.0,GOOD
United_States_003816.jpg,None,0.0,0.0,100.0,GOOD
United_States_003821.jpg,0,0.662,4.54,95.79,GOOD
United_States_003824.jpg,0,0.672,2.28,97.85,GOOD
United_States_003838.jpg,0,0.674,3.4,96.8,GOOD
United_States_003839.jpg,"1,1,1",0.885,2.49,96.91,GOOD
United_States_003845.jpg,None,0.0,0.0,100.0,GOOD
United_States_003857.jpg,None,0.0,0.0,100.0,GOOD
United_States_003870.jpg,None,0.0,0.0,100.0,GOOD
United_States_003872.jpg,None,0.0,0.0,100.0,GOOD
United_States_003875.jpg,None,0.0,0.0,100.0,GOOD
United_States_003880.jpg,None,0.0,0.0,100.0,GOOD
United_States_003885.jpg,1,0.636,1.23,98.91,GOOD
United_States_003888.jpg,None,0.0,0.0,100.0,GOOD
United_States_003892.jpg,None,0.0,0.0,100.0,GOOD
United_States_003893.jpg,None,0.0,0.0,100.0,GOOD
United_States_003905.jpg,None,0.0,0.0,100.0,GOOD
United_States_003907.jpg,"2,2,2,2",0.995,19.79,72.43,MODERATE
United_States_003912.jpg,"1,1,1,1,1,1,1",0.954,3.08,95.89,GOOD
United_States_003914.jpg,0,0.642,1.56,98.6,GOOD
United_States_003915.jpg,None,0.0,0.0,100.0,GOOD
United_States_003923.jpg,None,0.0,0.0,100.0,GOOD
United_States_003944.jpg,None,0.0,0.0,100.0,GOOD
United_States_003946.jpg,None,0.0,0.0,100.0,GOOD
United_States_003953.jpg,None,0.0,0.0,100.0,GOOD
United_States_003960.jpg,None,0.0,0.0,100.0,GOOD
United_States_003961.jpg,None,0.0,0.0,100.0,GOOD
United_States_003964.jpg,None,0.0,0.0,100.0,GOOD
United_States_003965.jpg,None,0.0,0.0,100.0,GOOD
United_States_003970.jpg,None,0.0,0.0,100.0,GOOD
United_States_003971.jpg,None,0.0,0.0,100.0,GOOD
United_States_003974.jpg,None,0.0,0.0,100.0,GOOD
United_States_003976.jpg,None,0.0,0.0,100.0,GOOD
United_States_003979.jpg,None,0.0,0.0,100.0,GOOD
United_States_003984.jpg,None,0.0,0.0,100.0,GOOD
United_States_003985.jpg,"2,2,2",0.861,8.78,89.41,GOOD
United_States_003992.jpg,"1,0",0.721,1.54,98.44,GOOD
United_States_003998.jpg,0,0.646,3.08,97.22,GOOD
United_States_004000.jpg,None,0.0,0.0,100.0,GOOD
United_States_004002.jpg,None,0.0,0.0,100.0,GOOD
United_States_004013.jpg,"1,1,1,1,1,1",0.918,3.51,95.48,GOOD
United_States_004016.jpg,None,0.0,0.0,100.0,GOOD
United_States_004019.jpg,"0,0",0.657,2.95,97.29,GOOD
United_States_004021.jpg,"0,0",0.865,4.52,94.52,GOOD
United_States_004023.jpg,None,0.0,0.0,100.0,GOOD
United_States_004028.jpg,None,0.0,0.0,100.0,GOOD
United_States_004030.jpg,1,0.729,1.67,98.3,GOOD
United_States_004032.jpg,None,0.0,0.0,100.0,GOOD
United_States_004034.jpg,None,0.0,0.0,100.0,GOOD
United_States_004040.jpg,None,0.0,0.0,100.0,GOOD
United_States_004045.jpg,None,0.0,0.0,100.0,GOOD
United_States_004047.jpg,None,0.0,0.0,100.0,GOOD
United_States_004050.jpg,None,0.0,0.0,100.0,GOOD
United_States_004052.jpg,None,0.0,0.0,100.0,GOOD
United_States_004062.jpg,None,0.0,0.0,100.0,GOOD
United_States_004064.jpg,0,0.799,2.54,97.16,GOOD
United_States_004065.jpg,None,0.0,0.0,100.0,GOOD
United_States_004067.jpg,None,0.0,0.0,100.0,GOOD
United_States_004068.jpg,None,0.0,0.0,100.0,GOOD
United_States_004074.jpg,"2,2,2",0.979,19.89,72.75,MODERATE
United_States_004077.jpg,None,0.0,0.0,100.0,GOOD
United_States_004079.jpg,"1,1,1,1,1,1",0.928,2.5,96.75,GOOD
United_States_004081.jpg,2,0.668,5.25,95.09,GOOD
United_States_004082.jpg,None,0.0,0.0,100.0,GOOD
United_States_004083.jpg,3,0.732,0.16,99.84,GOOD
United_States_004086.jpg,None,0.0,0.0,100.0,GOOD
United_States_004087.jpg,None,0.0,0.0,100.0,GOOD
United_States_004090.jpg,None,0.0,0.0,100.0,GOOD
United_States_004093.jpg,None,0.0,0.0,100.0,GOOD
United_States_004096.jpg,"1,1,1,1,1,1,1,1",0.958,3.17,95.75,GOOD
United_States_004097.jpg,None,0.0,0.0,100.0,GOOD
United_States_004102.jpg,None,0.0,0.0,100.0,GOOD
United_States_004105.jpg,None,0.0,0.0,100.0,GOOD
United_States_004106.jpg,None,0.0,0.0,100.0,GOOD
United_States_004108.jpg,"2,2,1,1",0.974,12.38,83.12,GOOD
United_States_004109.jpg,None,0.0,0.0,100.0,GOOD
United_States_004112.jpg,None,0.0,0.0,100.0,GOOD
United_States_004113.jpg,None,0.0,0.0,100.0,GOOD
United_States_004117.jpg,None,0.0,0.0,100.0,GOOD
United_States_004125.jpg,None,0.0,0.0,100.0,GOOD
United_States_004128.jpg,None,0.0,0.0,100.0,GOOD
United_States_004129.jpg,None,0.0,0.0,100.0,GOOD
United_States_004134.jpg,None,0.0,0.0,100.0,GOOD
United_States_004144.jpg,None,0.0,0.0,100.0,GOOD
United_States_004148.jpg,None,0.0,0.0,100.0,GOOD
United_States_004156.jpg,None,0.0,0.0,100.0,GOOD
United_States_004158.jpg,None,0.0,0.0,100.0,GOOD
United_States_004159.jpg,None,0.0,0.0,100.0,GOOD
United_States_004162.jpg,None,0.0,0.0,100.0,GOOD
United_States_004168.jpg,None,0.0,0.0,100.0,GOOD
United_States_004169.jpg,None,0.0,0.0,100.0,GOOD
United_States_004172.jpg,None,0.0,0.0,100.0,GOOD
United_States_004173.jpg,None,0.0,0.0,100.0,GOOD
United_States_004175.jpg,None,0.0,0.0,100.0,GOOD
United_States_004178.jpg,None,0.0,0.0,100.0,GOOD
United_States_004179.jpg,None,0.0,0.0,100.0,GOOD
United_States_004180.jpg,None,0.0,0.0,100.0,GOOD
United_States_004182.jpg,None,0.0,0.0,100.0,GOOD
United_States_004184.jpg,None,0.0,0.0,100.0,GOOD
United_States_004195.jpg,None,0.0,0.0,100.0,GOOD
United_States_004196.jpg,"0,0,0",0.688,7.08,93.18,GOOD
United_States_004198.jpg,None,0.0,0.0,100.0,GOOD
United_States_004201.jpg,None,0.0,0.0,100.0,GOOD
United_States_004210.jpg,None,0.0,0.0,100.0,GOOD
United_States_004219.jpg,None,0.0,0.0,100.0,GOOD
United_States_004222.jpg,None,0.0,0.0,100.0,GOOD
United_States_004224.jpg,"1,1",0.75,1.89,98.02,GOOD
United_States_004233.jpg,None,0.0,0.0,100.0,GOOD
United_States_004237.jpg,None,0.0,0.0,100.0,GOOD
United_States_004239.jpg,None,0.0,0.0,100.0,GOOD
United_States_004248.jpg,None,0.0,0.0,100.0,GOOD
United_States_004249.jpg,None,0.0,0.0,100.0,GOOD
United_States_004252.jpg,None,0.0,0.0,100.0,GOOD
United_States_004259.jpg,None,0.0,0.0,100.0,GOOD
United_States_004264.jpg,2,0.984,13.74,81.06,GOOD
United_States_004275.jpg,None,0.0,0.0,100.0,GOOD
United_States_004299.jpg,None,0.0,0.0,100.0,GOOD
United_States_004300.jpg,1,0.739,1.54,98.4,GOOD
United_States_004303.jpg,None,0.0,0.0,100.0,GOOD
United_States_004310.jpg,"1,1,1,1,1",0.844,3.5,95.86,GOOD
United_States_004323.jpg,None,0.0,0.0,100.0,GOOD
United_States_004325.jpg,None,0.0,0.0,100.0,GOOD
United_States_004330.jpg,"2,2,2,2,2,2",0.954,18.79,74.9,MODERATE
United_States_004342.jpg,None,0.0,0.0,100.0,GOOD
United_States_004344.jpg,None,0.0,0.0,100.0,GOOD
United_States_004348.jpg,"1,1,1",0.745,2.34,97.56,GOOD
United_States_004352.jpg,"2,2,2,2,2,2,3,2",0.994,14.31,80.09,GOOD
United_States_004354.jpg,None,0.0,0.0,100.0,GOOD
United_States_004357.jpg,None,0.0,0.0,100.0,GOOD
United_States_004361.jpg,None,0.0,0.0,100.0,GOOD
United_States_004363.jpg,"2,2,2",0.99,19.02,73.62,MODERATE
United_States_004372.jpg,None,0.0,0.0,100.0,GOOD
United_States_004376.jpg,None,0.0,0.0,100.0,GOOD
United_States_004382.jpg,0,0.666,1.71,98.41,GOOD
United_States_004383.jpg,1,0.79,1.18,98.7,GOOD
United_States_004384.jpg,None,0.0,0.0,100.0,GOOD
United_States_004397.jpg,None,0.0,0.0,100.0,GOOD
United_States_004406.jpg,None,0.0,0.0,100.0,GOOD
United_States_004409.jpg,None,0.0,0.0,100.0,GOOD
United_States_004412.jpg,"2,2,2,2",0.971,15.07,79.51,MODERATE
United_States_004415.jpg,None,0.0,0.0,100.0,GOOD
United_States_004417.jpg,"1,1,1,1,1",0.812,2.49,97.18,GOOD
United_States_004421.jpg,None,0.0,0.0,100.0,GOOD
United_States_004422.jpg,None,0.0,0.0,100.0,GOOD
United_States_004438.jpg,None,0.0,0.0,100.0,GOOD
United_States_004443.jpg,"1,1,1,1,1,1",0.734,2.05,97.9,GOOD
United_States_004448.jpg,None,0.0,0.0,100.0,GOOD
United_States_004455.jpg,None,0.0,0.0,100.0,GOOD
United_States_004458.jpg,None,0.0,0.0,100.0,GOOD
United_States_004460.jpg,"1,1",0.713,3.75,96.26,GOOD
United_States_004467.jpg,None,0.0,0.0,100.0,GOOD
United_States_004471.jpg,None,0.0,0.0,100.0,GOOD
United_States_004472.jpg,None,0.0,0.0,100.0,GOOD
United_States_004483.jpg,0,0.689,3.05,97.06,GOOD
United_States_004488.jpg,"1,1,1,1,1,1",0.874,2.38,97.09,GOOD
United_States_004493.jpg,None,0.0,0.0,100.0,GOOD
United_States_004499.jpg,None,0.0,0.0,100.0,GOOD
United_States_004501.jpg,None,0.0,0.0,100.0,GOOD
United_States_004507.jpg,None,0.0,0.0,100.0,GOOD
United_States_004508.jpg,0,0.601,5.75,95.16,GOOD
United_States_004510.jpg,None,0.0,0.0,100.0,GOOD
United_States_004528.jpg,None,0.0,0.0,100.0,GOOD
United_States_004534.jpg,None,0.0,0.0,100.0,GOOD
United_States_004540.jpg,"3,3",0.947,0.44,99.42,GOOD
United_States_004543.jpg,None,0.0,0.0,100.0,GOOD
United_States_004551.jpg,None,0.0,0.0,100.0,GOOD
United_States_004558.jpg,"2,2,2,2,2",0.994,18.95,73.64,MODERATE
United_States_004561.jpg,None,0.0,0.0,100.0,GOOD
United_States_004562.jpg,None,0.0,0.0,100.0,GOOD
United_States_004566.jpg,None,0.0,0.0,100.0,GOOD
United_States_004571.jpg,None,0.0,0.0,100.0,GOOD
United_States_004580.jpg,"1,1,1,1,1",0.962,3.95,94.68,GOOD
United_States_004588.jpg,None,0.0,0.0,100.0,GOOD
United_States_004592.jpg,0,0.643,2.59,97.67,GOOD
United_States_004594.jpg,"1,0,1,1",0.831,1.86,97.84,GOOD
United_States_004599.jpg,None,0.0,0.0,100.0,GOOD
United_States_004609.jpg,None,0.0,0.0,100.0,GOOD
United_States_004611.jpg,None,0.0,0.0,100.0,GOOD
United_States_004613.jpg,None,0.0,0.0,100.0,GOOD
United_States_004615.jpg,None,0.0,0.0,100.0,GOOD
United_States_004622.jpg,None,0.0,0.0,100.0,GOOD
United_States_004637.jpg,None,0.0,0.0,100.0,GOOD
United_States_004642.jpg,0,0.618,4.42,96.17,GOOD
United_States_004646.jpg,"1,1,1",0.76,2.2,97.66,GOOD
United_States_004662.jpg,None,0.0,0.0,100.0,GOOD
United_States_004670.jpg,None,0.0,0.0,100.0,GOOD
United_States_004672.jpg,"0,0",0.699,3.21,96.85,GOOD
United_States_004673.jpg,None,0.0,0.0,100.0,GOOD
United_States_004678.jpg,None,0.0,0.0,100.0,GOOD
United_States_004708.jpg,None,0.0,0.0,100.0,GOOD
United_States_004709.jpg,None,0.0,0.0,100.0,GOOD
United_States_004710.jpg,None,0.0,0.0,100.0,GOOD
United_States_004712.jpg,1,0.662,2.79,97.41,GOOD
United_States_004715.jpg,None,0.0,0.0,100.0,GOOD
United_States_004716.jpg,None,0.0,0.0,100.0,GOOD
United_States_004721.jpg,None,0.0,0.0,100.0,GOOD
United_States_004722.jpg,None,0.0,0.0,100.0,GOOD
United_States_004728.jpg,3,0.628,0.34,99.7,GOOD
United_States_004733.jpg,None,0.0,0.0,100.0,GOOD
United_States_004736.jpg,None,0.0,0.0,100.0,GOOD
United_States_004747.jpg,None,0.0,0.0,100.0,GOOD
United_States_004757.jpg,None,0.0,0.0,100.0,GOOD
United_States_004766.jpg,"1,1,1,1,1,1,1,1,1",0.956,4.26,94.3,GOOD
United_States_004767.jpg,None,0.0,0.0,100.0,GOOD
United_States_004770.jpg,"3,0",0.687,0.24,99.77,GOOD
United_States_004773.jpg,None,0.0,0.0,100.0,GOOD
United_States_004778.jpg,None,0.0,0.0,100.0,GOOD
United_States_004781.jpg,None,0.0,0.0,100.0,GOOD
United_States_004789.jpg,None,0.0,0.0,100.0,GOOD
United_States_004795.jpg,None,0.0,0.0,100.0,GOOD
