u,v,key,health_score
571470125,2282190367,0,90
571470125,11807002885,0,57
660699662,2575431674,0,51
660699662,660699683,0,97
660699683,11238201272,0,67
660699683,7941552880,0,65
660699705,6354265171,0,64
660699705,7940981057,0,58
660699734,4653450989,0,97
660699734,4653391593,0,56
660700031,3430413649,0,93
660700031,3773265080,0,97
660700040,3773265252,0,84
660700040,7915594689,0,55
708920890,14080115801,0,87
1880441459,3777720945,0,77
1880441463,7919206778,0,52
1880441463,12210261198,0,51
1880441488,4654979291,0,55
1880441488,4215822826,0,63
1880441490,3430413416,0,64
1880441490,3430413417,0,82
1880441495,2839149001,0,88
1880441495,11096646069,0,51
1880441497,2839149040,0,85
1880441505,4393288485,0,62
1880441505,7938334087,0,95
1880441505,6354264769,0,91
1880441509,7871220139,0,94
1880441509,7871220154,0,84
1880441510,2282190275,0,76
1880441510,2837579697,0,64
1880441514,6354264758,0,78
1880441514,6354264768,0,87
1880441528,7871074775,0,67
1880441528,2833253656,0,50
1880441532,4393295467,0,98
1880441532,2600872771,0,60
1880441533,7937864674,0,94
1880441533,2839149294,0,77
1880441533,2833253661,0,71
1880441533,2841517710,0,67
1880441538,2833253661,0,59
1880441538,2839149313,0,63
1880441538,2833253663,0,98
1880441538,2839149287,0,71
1880441541,4643886297,0,56
1880441560,2833253681,0,55
1880441560,7938167093,0,74
1880441568,6357870910,0,56
1880441568,6357868966,0,72
1880441575,7937507146,0,72
1880441575,7937507147,0,88
1880441580,2839149330,0,66
1880441580,7871296963,0,52
1880441580,2839149375,0,96
1880441581,12200612792,0,79
1880441581,2833253687,0,84
1880441581,2839149346,0,57
1880441585,6357868975,0,74
1880441585,6357868964,0,55
1880441586,2833253685,0,85
1880441586,7871074741,0,68
1880441586,2833253712,0,90
1880441591,1880441617,0,89
1880441591,6357870909,0,73
1880441591,1880441600,0,86
1880441591,7938167120,0,62
1880441596,2841299202,0,95
1880441596,7938167116,0,54
1880441596,2833253704,0,52
1880441596,2833253687,0,92
1880441600,1880441725,0,64
1880441600,2833253708,0,99
1880441600,6357868967,0,68
1880441600,1880441591,0,55
1880441612,2833253709,0,64
1880441612,7871074732,0,56
1880441612,2833253752,0,74
1880441614,11593975923,0,67
1880441614,6354265184,0,79
1880441617,2841517741,0,90
1880441617,2833253749,0,73
1880441617,1880441591,0,60
1880441617,2841299204,0,73
1880441712,1880441720,0,72
1880441712,4393296791,0,63
1880441712,12198741092,0,92
1880441712,4393295487,0,67
1880441714,3777944395,0,94
1880441714,12198712651,0,93
1880441720,2837580344,0,91
1880441720,1880441712,0,54
1880441720,4393296798,0,88
1880441720,6354265104,0,90
1880441725,2833253737,0,60
1880441725,2833253769,0,84
1880441725,1880441600,0,96
1880441725,7911517129,0,65
1880441740,4393296791,0,60
1880441740,2837580332,0,79
1880441742,14080115802,0,74
1880441747,6566802921,0,67
1880441747,4641626015,0,90
1880441751,2833253727,0,94
1880441751,2833253712,0,85
1880441751,7923076412,0,64
1880441753,2837580343,0,93
1880441753,7888562557,0,70
1880441755,6566802916,0,99
1880441755,7941000188,0,99
1880441757,1880441740,0,53
1880441757,2837284092,0,64
1880441757,2837580353,0,52
1880441761,4641625997,0,70
1880441762,4393296803,0,75
1880441762,2839149563,0,67
1880441766,2833253768,0,54
1880441766,2837580370,0,63
1880441766,2837580386,0,86
1880441766,3430413457,0,95
1880441770,2841517764,0,70
1880441770,2841517773,0,63
1880441770,2841517768,0,91
1880441785,4641625866,0,81
1880441785,1880441761,0,75
1880441785,1880441837,0,91
1880441790,7915347282,0,79
1880441790,2841517773,0,59
1880441790,7915347284,0,66
1880441791,1880441761,0,58
1880441795,6566802900,0,65
1880441795,7941000192,0,97
1880441799,1880441795,0,85
1880441801,2841517781,0,84
1880441801,2841517780,0,66
1880441801,7915347273,0,97
1880441804,2841517799,0,87
1880441804,2841517771,0,77
1880441804,2841517786,0,87
1880441804,2841517795,0,75
1880441808,1880441791,0,73
1880441808,2290328268,0,64
1880441809,2833253805,0,58
1880441809,2837284100,0,82
1880441809,2833253787,0,81
1880441811,7953240494,0,55
1880441811,1880441883,0,98
1880441825,2841517784,0,53
1880441825,7923076412,0,57
1880441829,2837284100,0,59
1880441829,1880441846,0,90
1880441831,2833253843,0,60
1880441831,3486229679,0,100
1880441831,2841299254,0,93
1880441831,2839149611,0,77
1880441837,2575448046,0,88
1880441837,1880441808,0,54
1880441844,4641625989,0,74
1880441844,7954195866,0,74
1880441846,3773002117,0,88
1880441846,8374388073,0,79
1880441846,2833253831,0,83
1880441848,2841299264,0,66
1880441848,2833253830,0,85
1880441848,2839149642,0,50
1880441848,2833253817,0,93
1880441855,2837580527,0,96
1880441855,2837580581,0,57
1880441878,4776723236,0,93
1880441878,2837580591,0,84
1880441883,7953240491,0,98
1880441883,1880441923,0,67
1880441889,3502725158,0,99
1880441889,2841518232,0,91
1880441889,2837580563,0,71
1880441895,2837580634,0,57
1880441895,4776756136,0,68
1880441902,2290328286,0,77
1880441902,3777925254,0,60
1880441906,2833127091,0,79
1880441906,6649212630,0,50
1880441912,2839149675,0,96
1880441912,2841299311,0,96
1880441912,3772964231,0,66
1880441923,7953233884,0,82
1880441923,7953296685,0,98
1880441923,1880442365,0,61
1880442363,7923076392,0,82
1880442363,4776723238,0,56
1880442364,2837284919,0,90
1880442364,7953233870,0,69
1880442364,4160437045,0,90
1880442365,7953233871,0,82
1880442379,2837284929,0,88
1880442379,2575603086,0,62
1880442383,7912773558,0,59
1880442383,7953233871,0,73
1880442388,2837581116,0,98
1880442388,8390184185,0,60
1880442399,7958490214,0,84
1880442399,7953296685,0,99
1880442399,7954195866,0,83
1880442402,7953296685,0,50
1880442402,1880442383,0,88
1880442402,1880442431,0,70
1880442403,2841299336,0,81
1880442403,2841518293,0,51
1880442403,2841518423,0,57
1880442415,4776756145,0,73
1880442415,2837581199,0,69
1880442415,2837581168,0,65
1880442431,2833127367,0,53
1880442431,1880442402,0,65
1880442431,7958490216,0,86
1880442433,8390184185,0,55
1880442433,12696356843,0,55
1880442436,2841518443,0,96
1880442436,2845678412,0,81
1880442436,3502823737,0,54
1880442436,2841518435,0,98
1880442445,3502470543,0,84
1880442445,2841518429,0,99
1880442445,2841518444,0,58
1880442449,2837581812,0,58
1880442449,2837581305,0,92
1880442460,2841518440,0,80
1880442460,1880442479,0,85
1880442465,2837581326,0,60
1880442465,6649204679,0,66
1880442465,6444391444,0,83
1880442471,2841299355,0,88
1880442471,2841518457,0,77
1880442471,2841518461,0,63
1880442473,3430413608,0,84
1880442473,2833127387,0,98
1880442477,6649204679,0,96
1880442477,1880442486,0,94
1880442479,2837581659,0,62
1880442479,2841299357,0,95
1880442479,2837582037,0,69
1880442479,7888562530,0,75
1880442486,6649204677,0,92
1880442486,2833127442,0,91
1880442487,2839615473,0,73
1880442487,2841299372,0,78
1880442487,2841518461,0,83
1880442491,2837581659,0,78
1880442491,3502491521,0,57
1880442491,7918749160,0,65
1880442495,1880442501,0,64
1880442495,2575603070,0,54
1880442497,1880442604,0,71
1880442497,7222623345,0,51
1880442497,7222623326,0,87
1880442501,1880442495,0,85
1880442501,7954316533,0,64
1880442501,2837284983,0,87
1880442501,2837581363,0,64
1880442505,7222623273,0,50
1880442505,7222623279,0,54
1880442511,2833127507,0,95
1880442511,2833127537,0,90
1880442582,7918749237,0,53
1880442582,2837581697,0,64
1880442582,1880442596,0,54
1880442589,2833127582,0,52
1880442589,7912773542,0,71
1880442589,1880442607,0,54
1880442591,2841518733,0,82
1880442591,7222567582,0,65
1880442596,1880442582,0,67
1880442596,2837582248,0,92
1880442596,2841518707,0,81
1880442600,7915427864,0,63
1880442600,3776025969,0,84
1880442600,2839615488,0,58
1880442604,2837581889,0,96
1880442604,6146847852,0,86
1880442607,2837285169,0,86
1880442607,7912877630,0,80
1880442607,7912298356,0,65
1880442620,3776025971,0,100
1880442620,8518100575,0,80
1880442644,7222567575,0,76
1880442644,1880442646,0,62
1880442646,7222567582,0,56
1880442646,1880442782,0,56
1880442646,6146889051,0,92
1880442672,1880442644,0,77
1880442722,7912773535,0,72
1880442722,2833301299,0,77
1880442782,10017344626,0,76
1880442782,1880442646,0,79
1880442782,2837582537,0,96
1880442901,2837285412,0,53
1880442901,2837285427,0,93
1880442901,3773464483,0,91
1880442934,2837582724,0,91
1880442934,7915731634,0,56
1880442934,3776010693,0,53
1880442935,2841518910,0,75
1880442935,7912815327,0,96
1880442935,2833127689,0,71
1880442941,8851890404,0,56
1880442941,7912815325,0,65
1880442948,1880442977,0,62
1880442948,2575619524,0,62
1880442948,2575619524,1,84
1880442964,7915731634,0,78
1880442964,7915731637,0,58
1880442964,7915731640,0,77
1880442977,7942088289,0,61
1880442977,1880442948,0,67
1880442977,2837582745,0,79
1880443004,2841299748,0,65
1880443004,2837583017,0,54
1880443004,2841299760,0,78
1880443006,8354695503,0,85
1880443006,7912679466,0,56
1880443063,7928359030,0,53
1880443063,2837285678,0,91
1880443188,3774429813,0,84
1880443188,7907993608,0,50
1880443209,8361651596,0,55
1880443248,7918985618,0,98
1880443248,3001619214,0,65
1880443248,2837286592,0,60
1880443249,7928154773,0,76
1880443249,2837584148,0,81
1880443277,2837286607,0,80
1880443277,2841519498,0,63
1880443277,2841519516,0,75
1890013789,3776015548,0,53
1890013790,1890013789,0,60
1928140186,4393488921,0,74
1928140186,7963633680,0,50
1928140186,1880441488,0,74
1928140190,2283856224,0,66
1928140190,7963633655,0,100
1928140241,2839148586,0,100
1928140241,2833253547,0,79
1928140258,7978095581,0,68
1928140258,2845676972,0,77
1928140280,2839148543,0,94
1928140280,2845677189,0,96
1928140321,2839148518,0,100
1928140321,2839148413,0,85
1928140328,3776217025,0,92
1928140328,3777691601,0,95
1928140333,2839148614,0,81
1928140359,2833253557,0,59
1928140359,2839148707,0,62
1928140381,2833253555,0,68
1928140381,1928140359,0,63
1928145743,7938328006,0,53
1928145744,12628076594,0,87
1928145744,1928145743,0,97
1928154860,4655024989,0,84
1928154860,1928145743,0,53
2122647143,7888562542,0,97
2171064388,6649212598,0,70
2171064388,3430413477,0,53
2171064388,2837580670,0,53
2171064393,6649212600,0,87
2171064393,3430413478,0,80
2171064393,2841299303,0,82
2171064395,3430413480,0,83
2171064395,6649212602,0,60
2171064395,2171064397,0,53
2171064397,3430413482,0,82
2171064397,6649212603,0,55
2171064397,6649212596,0,61
2171064399,2833127314,0,54
2171064399,3430413485,0,88
2171064401,2833127337,0,54
2171064401,7911664364,0,93
2171064401,3430413483,0,65
2171064401,2171064423,0,75
2171064405,3430413484,0,57
2171064405,2833127337,0,86
2171064405,12201013538,0,65
2171064409,3430413486,0,87
2171064409,2833127345,0,88
2171064409,2833127354,0,52
2171064409,2837581357,0,89
2171064411,2833127357,0,55
2171064411,3430413594,0,76
2171064411,2837581351,0,92
2171064411,4160437056,0,87
2171064411,3430413488,0,86
2171064423,2171064401,0,83
2171064423,7911697770,0,70
2171064423,13607010453,0,66
2171115892,3078481707,0,63
2171115892,2839148420,0,92
2171115892,2839148452,0,95
2171115892,2171115899,0,70
2171115899,3776216965,0,65
2171115899,7872530343,0,66
2171115899,2171115892,0,75
2282190156,2283856222,0,58
2282190156,8518172786,0,92
2282190194,2283856249,0,91
2282190200,2282190208,0,69
2282190200,3777691608,0,79
2282190202,3777691603,0,70
2282190202,7963633652,0,98
2282190208,3430413418,0,54
2282190221,7963633680,0,50
2282190221,7937864609,0,79
2282190223,1880441490,0,89
2282190223,2839149029,0,86
2282190275,3774525579,0,56
2282190275,7871296975,0,54
2282190281,1928140333,0,84
2282190281,7871296976,0,63
2282190367,7888562541,0,82
2282190367,3777691624,0,66
2282190412,3776015552,0,58
2282190412,8518063530,0,72
2283856216,7963633658,0,54
2283856216,2283856222,0,65
2283856222,2283856243,0,73
2283856224,2283856216,0,68
2283856243,2282190194,0,60
2283856243,7963633675,0,78
2283856245,3777721158,0,84
2283856245,2283856224,0,95
2283856249,7963633652,0,69
2283856249,2282190208,0,89
2283890872,6154157008,0,91
2283890872,1928140321,0,83
2283890944,2837285166,0,50
2283890944,3773265064,0,92
2283890945,2837285199,0,85
2283890945,2837285148,0,69
2283890956,7915612554,0,92
2283890956,2837285411,0,56
2290328266,1880441902,0,58
2290328266,2290328268,0,66
2290328268,2841299280,0,57
2290328268,2841299287,0,56
2290328268,2290328266,0,97
2290328268,1880441808,0,85
2290328280,2841299267,0,59
2290328280,1880441791,0,67
2290328281,2841299293,0,68
2290328281,2841299282,0,88
2290328285,2841299280,0,63
2290328285,2290328280,0,95
2290328286,1880441902,0,71
2290328286,8837318296,0,63
2290328286,2841299287,0,93
2294633454,2294633455,0,90
2294633454,4393288466,0,66
2294633454,2833253614,0,82
2294633455,2839148906,0,81
2294633455,2294633454,0,66
2294633455,2839148921,0,53
2294633474,3496451365,0,55
2294633474,2839149363,0,90
2294633478,1880441762,0,77
2294633478,2837284096,0,67
2294633478,3485765663,0,52
2418718368,2837579609,0,50
2418718368,7871539669,0,71
2418718371,7963633675,0,99
2418718371,2833253583,0,58
2418718371,4393288455,0,90
2418718372,12204714164,0,66
2418718372,8375454330,0,60
2418718378,2837579621,0,97
2418718378,2837579630,0,78
2418718378,4166979711,0,85
2418718378,2837579673,0,95
2418718379,2418718380,0,77
2418718379,4393288466,0,85
2418718379,2839148788,0,50
2418718380,4649904928,0,57
2418718380,2418718379,0,54
2418718380,2839148813,0,94
2418718381,7919206784,0,59
2418718381,2418718382,0,84
2418718381,2837579693,0,52
2418718382,2418718381,0,73
2418718382,2843657416,0,87
2418718382,7871304689,0,85
2418718390,7919229990,0,59
2418718390,2837580023,0,77
2575431674,660699662,0,58
2575448004,2837581819,0,52
2575448004,2837581805,0,69
2575448004,2837581691,0,73
2575448004,7941659615,0,100
2575448005,2837580512,0,52
2575448005,7941659608,0,72
2575448005,2575448039,0,63
2575448005,11047567903,0,93
2575448008,2837580658,0,65
2575448008,2575448036,0,92
2575448008,2837580632,0,56
2575448010,7941659610,0,72
2575448010,2837581150,0,99
2575448010,2575603080,0,85
2575448014,2837284962,0,76
2575448014,2575448021,0,89
2575448014,2837284950,0,97
2575448015,2837581805,0,59
2575448015,2837284985,0,65
2575448015,2837581850,0,60
2575448016,2833127099,0,61
2575448016,2841299306,0,76
2575448016,2841299320,0,51
2575448020,2575448032,0,61
2575448020,2837580619,0,97
2575448020,2837580574,0,71
2575448021,2575448014,0,100
2575448021,2837284945,0,76
2575448021,2575448058,0,92
2575448021,2837284934,0,97
2575448022,2833127310,0,65
2575448022,2833127099,0,67
2575448022,2841299322,0,60
2575448030,2575448042,0,100
2575448030,2841299322,0,94
2575448030,2833127084,0,56
2575448031,2841299240,0,74
2575448031,11238201272,0,52
2575448031,2833127056,0,80
2575448032,2837580632,0,64
2575448032,2575448020,0,62
2575448032,7416451127,0,79
2575448036,2841299312,0,72
2575448036,2841299325,0,69
2575448036,2575448008,0,100
2575448036,2841299308,0,64
2575448039,2575448052,0,64
2575448039,2575448005,0,51
2575448039,2841299279,0,92
2575448039,11047567903,0,62
2575448042,2837580688,0,75
2575448042,2575448030,0,71
2575448042,2575603071,0,67
2575448046,7941659598,0,54
2575448046,7941659608,0,99
2575448047,2837581172,0,67
2575448047,2575448062,0,72
2575448047,2837581301,0,91
2575448051,2837580532,0,82
2575448051,2833127056,0,75
2575448051,7416451128,0,93
2575448052,2575448039,0,84
2575448052,2833127081,0,71
2575448052,2841299289,0,51
2575448054,2575448058,0,57
2575448054,2841299367,0,66
2575448054,2837284935,0,61
2575448057,2837582077,0,87
2575448057,2837581870,0,66
2575448058,2575448021,0,52
2575448058,2575448054,0,56
2575448058,2841299370,0,88
2575448058,2837284961,0,77
2575448060,12198693354,0,72
2575448060,2833127310,0,96
2575448060,2837581125,0,100
2575448061,2837580611,0,70
2575448061,3777946640,0,77
2575448061,2841299306,0,88
2575448061,7941711836,0,82
2575448062,2575448047,0,57
2575448062,2837581195,0,74
2575448062,2837581164,0,86
2575597679,3773464313,0,62
2575597679,3773464303,0,66
2575597679,3773464312,0,52
2575598095,2837284989,0,95
2575598095,2837284949,0,77
2575598095,3430413601,0,50
2575599577,3777946267,0,83
2575599577,7916513484,0,84
2575603057,2575620248,0,93
2575603057,2575622000,0,96
2575603057,13606931476,0,97
2575603061,2837284932,0,97
2575603061,2837284931,0,92
2575603061,2575603092,0,62
2575603061,2837284939,0,73
2575603068,2575622000,0,77
2575603068,2575621713,0,54
2575603068,2841299527,0,92
2575603070,2575621723,0,71
2575603070,7941892812,0,89
2575603070,2841299502,0,70
2575603071,2837284928,0,92
2575603071,2575603095,0,57
2575603071,2575448042,0,96
2575603076,2575603247,0,69
2575603076,2290328281,0,82
2575603080,2575448010,0,69
2575603080,2837284932,0,92
2575603080,12198693355,0,76
2575603080,2837284945,0,70
2575603081,2575603248,0,75
2575603081,2837580919,0,94
2575603081,2575603247,0,68
2575603085,2575603094,0,85
2575603085,2837580919,0,58
2575603085,2837580671,0,62
2575603085,2837284926,0,76
2575603086,2575608321,0,92
2575603086,2837581350,0,74
2575603092,2575603061,0,93
2575603092,2837580969,0,97
2575603092,2837284927,0,61
2575603094,2837284930,0,89
2575603094,2837284929,0,86
2575603094,2575603085,0,69
2575603094,2841299346,0,75
2575603095,12198693355,0,85
2575603095,2575603071,0,50
2575603095,2833127310,0,69
2575603247,2575603076,0,68
2575603247,2575603835,0,63
2575603247,2575603081,0,77
2575603248,2575603677,0,100
2575603248,1880442379,0,87
2575603677,2575603835,0,88
2575603677,2575603248,0,91
2575603677,2575603834,0,70
2575603834,2575603677,0,79
2575603834,2575603842,0,78
2575603834,9725832531,0,78
2575603835,9725832531,0,93
2575603835,2575603247,0,63
2575603835,2575603677,0,82
2575603842,1880442495,0,80
2575603842,2575603834,0,100
2575606149,2837581826,0,100
2575606149,2575606151,0,97
2575606151,2575608321,0,60
2575606151,2837581348,0,92
2575606151,2841299346,0,55
2575606151,2575606149,0,68
2575608298,2575608325,0,82
2575608298,2575608314,0,92
2575608298,3430413629,0,90
2575608300,2837285131,0,89
2575608300,2575608302,0,71
2575608300,2575621716,0,55
2575608302,2575611206,0,98
2575608302,2575615520,0,65
2575608302,2575608300,0,93
2575608306,2841299524,0,69
2575608306,7954368311,0,64
2575608306,3430413627,0,62
2575608306,2841299513,0,59
2575608308,2575611206,0,51
2575608308,3430413631,0,52
2575608308,2837285138,0,65
2575608314,2575608298,0,80
2575608314,2575611213,0,89
2575608314,2837285167,0,99
2575608317,2575615517,0,54
2575608317,2575621997,0,79
2575608317,2837582271,0,76
2575608317,2575615520,0,90
2575608321,2575603086,0,86
2575608321,2575606151,0,62
2575608321,2837581363,0,95
2575608321,2841299343,0,94
2575608325,3430413631,0,74
2575608325,2575608298,0,81
2575608325,3430413633,0,75
2575608325,3430413628,0,65
2575611206,2575608302,0,59
2575611206,2575608308,0,91
2575611206,2575611207,0,94
2575611207,2575611206,0,50
2575611207,3430413632,0,98
2575611207,2841299557,0,99
2575611208,2837285134,0,56
2575611208,2837285128,0,99
2575611208,2575611213,0,77
2575611208,2837285136,0,64
2575611209,2837285104,0,61
2575611209,7954366861,0,94
2575611209,7954316533,0,83
2575611211,2837285104,0,79
2575611211,2837285116,0,53
2575611211,2837284993,0,85
2575611212,2837285177,0,65
2575611212,2575612011,0,57
2575611212,2575626611,0,79
2575611213,2575611208,0,58
2575611213,2575608314,0,79
2575611213,3430413629,0,92
2575611999,2575612019,0,83
2575611999,2837582542,0,85
2575611999,2575627117,0,88
2575612000,2575634841,0,70
2575612000,2575612019,0,98
2575612000,2575626613,0,78
2575612011,2575626604,0,89
2575612011,2575630204,0,96
2575612011,2575611212,0,82
2575612012,2837582755,0,77
2575612012,2575636333,0,85
2575612012,2837582778,0,78
2575612013,2575636013,0,60
2575612013,2837582778,0,97
2575612013,2841299736,0,80
2575612019,2575612000,0,78
2575612019,2575611999,0,66
2575612019,7941961015,0,98
2575612019,2841299623,0,65
2575613667,2575619512,0,90
2575613667,2575619518,0,67
2575613667,7942088308,0,99
2575613667,2575620233,0,99
2575613677,2575636336,0,83
2575613677,2575634832,0,81
2575613686,2841299761,0,90
2575613686,2837583304,0,65
2575613686,7942039561,0,67
2575615510,2575620236,0,78
2575615510,2575620231,0,54
2575615510,7941892802,0,95
2575615510,2575620250,0,68
2575615511,2575621997,0,65
2575615511,2575615515,0,67
2575615511,2575621993,0,71
2575615513,2575619524,0,70
2575615513,2575620235,0,84
2575615513,2575620236,0,55
2575615514,2575621993,0,58
2575615514,2575615519,0,59
2575615514,2575621720,0,64
2575615514,2837285260,0,74
2575615515,2575621721,0,94
2575615515,2575621718,0,59
2575615515,2575615511,0,95
2575615515,2575621717,0,63
2575615517,2837582255,0,54
2575615517,2575608317,0,76
2575615517,2837582517,0,76
2575615519,2575615514,0,71
2575615519,13605278587,0,84
2575615519,2575622001,0,79
2575615519,2575622003,0,76
2575615520,2575621718,0,53
2575615520,2575608317,0,63
2575615520,2575608302,0,76
2575619507,2575619513,0,74
2575619507,2575619510,0,99
2575619507,2575620248,0,87
2575619508,2575620231,0,94
2575619508,2575620235,0,51
2575619508,2575620233,0,98
2575619508,2575619521,0,86
2575619509,2575619512,0,74
2575619509,2575619520,0,80
2575619509,2837582575,0,50
2575619509,7942088308,0,72
2575619510,2575619507,0,69
2575619510,2575619517,0,98
2575619510,2575620249,0,74
2575619510,2575619515,0,76
2575619512,2575619509,0,84
2575619512,2575619515,0,97
2575619512,2575613667,0,97
2575619512,2575619517,0,84
2575619513,2575619523,0,88
2575619513,2575619507,0,64
2575619513,2575619515,0,81
2575619514,3773002143,0,64
2575619514,2575620249,0,67
2575619514,2575619517,0,77
2575619514,13605278587,0,81
2575619515,2575619512,0,51
2575619515,2575619513,0,74
2575619515,2575619510,0,71
2575619515,2575619518,0,92
2575619516,2837582568,0,93
2575619516,2575619520,0,75
2575619516,2575619522,0,96
2575619517,2575619510,0,60
2575619517,2837582564,0,79
2575619517,2575619512,0,58
2575619517,2575619514,0,89
2575619518,2575619515,0,84
2575619518,2575620237,0,51
2575619518,2575619523,0,75
2575619518,2575613667,0,87
2575619520,2837582564,0,86
2575619520,2575619509,0,92
2575619520,2575619516,0,51
2575619521,2575620234,0,55
2575619521,2575620232,0,91
2575619521,7942088311,0,77
2575619521,2575619508,0,58
2575619522,2575619516,0,79
2575619522,3773002144,0,61
2575619522,2837582573,0,53
2575619523,13606952669,0,66
2575619523,2575619513,0,74
2575619523,2575619518,0,70
2575619524,2575615513,0,63
2575619524,2575620234,0,79
2575619524,1880442948,0,70
2575619524,1880442948,1,71
2575620231,2575619508,0,98
2575620231,2575620237,0,74
2575620231,2575615510,0,67
2575620232,2575620233,0,98
2575620232,2575619521,0,76
2575620232,7942088308,0,66
2575620233,2575620232,0,55
2575620233,2575619508,0,80
2575620233,2575620237,0,51
2575620233,2575613667,0,97
2575620234,2575620235,0,84
2575620234,2575619524,0,53
2575620234,2575619521,0,72
2575620234,2833127682,0,64
2575620235,2575620234,0,91
2575620235,2575620236,0,54
2575620235,2575615513,0,99
2575620235,2575619508,0,91
2575620236,2575615510,0,52
2575620236,2575620235,0,98
2575620236,2575615513,0,51
2575620237,2841299564,0,65
2575620237,2575619518,0,62
2575620237,2575620231,0,51
2575620237,2575620233,0,89
2575620248,2575603057,0,59
2575620248,2575620249,0,65
2575620248,2575619507,0,58
2575620248,2841299549,0,80
2575620249,2575619514,0,92
2575620249,2575620248,0,57
2575620249,13605278587,0,86
2575620249,2575619510,0,63
2575620250,12200997204,0,79
2575620250,2575620353,0,94
2575620250,2575615510,0,66
2575620353,12200997205,0,99
2575620353,7941892810,0,73
2575620353,2575620250,0,60
2575621712,2575621717,0,88
2575621712,2575621716,0,88
2575621712,2575621718,0,97
2575621712,2575621723,0,95
2575621713,2575603068,0,57
2575621713,2575621719,0,99
2575621713,2575621724,0,60
2575621714,2575621717,0,69
2575621714,2575621719,0,56
2575621714,2575621723,0,87
2575621716,2575621712,0,51
2575621716,2575608300,0,69
2575621716,2841299502,0,86
2575621717,2575615515,0,93
2575621717,2575621714,0,74
2575621717,2575621722,0,75
2575621717,2575621712,0,95
2575621718,2575615515,0,62
2575621718,2575615520,0,54
2575621718,2575621997,0,87
2575621718,2575621712,0,94
2575621719,2575621713,0,90
2575621719,2575621722,0,65
2575621719,2575621714,0,56
2575621720,2575622001,0,94
2575621720,2575621721,0,99
2575621720,2575615514,0,69
2575621720,2575621724,0,93
2575621721,2575621720,0,88
2575621721,2575615515,0,57
2575621721,2575621993,0,100
2575621721,2575621722,0,86
2575621722,2575621724,0,100
2575621722,2575621717,0,52
2575621722,2575621721,0,72
2575621722,2575621719,0,84
2575621723,2575603070,0,77
2575621723,2575621714,0,92
2575621723,2575621712,0,73
2575621724,2575621713,0,54
2575621724,2575621722,0,82
2575621724,2575621720,0,91
2575621993,2575615514,0,71
2575621993,2837582273,0,50
2575621993,2575621721,0,76
2575621993,2575615511,0,81
2575621997,2575608317,0,56
2575621997,2575615511,0,77
2575621997,2575621718,0,73
2575621999,7942133088,0,90
2575621999,3773002143,0,79
2575621999,2575622003,0,95
2575622000,2575603068,0,59
2575622000,2575622001,0,77
2575622000,2575603057,0,61
2575622001,13606931476,0,96
2575622001,2575621720,0,83
2575622001,2575615519,0,91
2575622001,2575622000,0,67
2575622003,2837285260,0,89
2575622003,2575621999,0,84
2575622003,2575615519,0,99
2575626604,2575626607,0,80
2575626604,2575612011,0,79
2575626604,2575626605,0,77
2575626605,2837582552,0,96
2575626605,2837582516,0,87
2575626605,2575626604,0,67
2575626605,2837582565,0,70
2575626606,2837582552,0,65
2575626606,7941961013,0,55
2575626606,7941961015,0,67
2575626607,2575626604,0,78
2575626607,2837582258,0,65
2575626607,2837582292,0,98
2575626611,2575611212,0,79
2575626611,2837582255,0,86
2575626611,2837582258,0,89
2575626613,7941961015,0,92
2575626613,7941961022,0,74
2575626613,2575612000,0,71
2575626613,7941961027,0,51
2575627117,2841299623,0,81
2575627117,2575627125,0,70
2575627117,2575611999,0,61
2575627117,2575634843,0,81
2575627118,2575627125,0,63
2575627118,2575630200,0,72
2575627118,2575634845,0,66
2575627118,2575634831,0,71
2575627120,2575627122,0,67
2575627120,2575636332,0,88
2575627120,2575634839,0,94
2575627120,2575636333,0,67
2575627122,2575627120,0,85
2575627122,7941961026,0,50
2575627122,2575634841,0,83
2575627124,2575636334,0,62
2575627124,2575636336,0,55
2575627124,2575634833,0,65
2575627125,2575627117,0,96
2575627125,2575627118,0,76
2575627125,2575634835,0,81
2575627125,2575634837,0,85
2575630200,2575627118,0,98
2575630200,12618180522,0,65
2575630200,2575630202,0,94
2575630200,2575630204,0,80
2575630202,2575630200,0,91
2575630202,10807028567,0,95
2575630204,2575630200,0,81
2575630204,2575634845,0,78
2575630204,2575612011,0,100
2575634831,2575627118,0,51
2575634831,2575630202,0,55
2575634832,2575634833,0,68
2575634832,2575634838,0,64
2575634833,2841299650,0,75
2575634833,2575634832,0,94
2575634833,2575627124,0,65
2575634833,2575634843,0,69
2575634835,2837582516,0,92
2575634835,2575627125,0,87
2575634835,2837582542,0,73
2575634837,2575627125,0,80
2575634837,2575634831,0,85
2575634838,2837582553,0,83
2575634838,2575634843,0,72
2575634838,2575634837,0,77
2575634839,2575634841,0,97
2575634839,2841299650,0,85
2575634839,2575627120,0,71
2575634839,2841299623,0,72
2575634841,2575612000,0,94
2575634841,2575634839,0,79
2575634841,2575627122,0,67
2575634843,2575634833,0,69
2575634843,2575634838,0,66
2575634843,2575627117,0,64
2575634845,2575627118,0,57
2575634845,2837582516,0,96
2575634845,2575630204,0,62
2575636011,2837285513,0,70
2575636011,2837285515,0,57
2575636011,2575636336,0,97
2575636012,2837285550,0,84
2575636012,2575636013,0,98
2575636012,2575636741,0,94
2575636012,2837285583,0,61
2575636013,2575636012,0,62
2575636013,2837285508,0,63
2575636013,2837583014,0,97
2575636013,2575612013,0,80
2575636014,2837285515,0,67
2575636014,2575613677,0,96
2575636015,2837285508,0,87
2575636015,2575636741,0,98
2575636015,2575636332,0,83
2575636016,2837285555,0,88
2575636016,9580061271,0,68
2575636016,2575636014,0,56
2575636332,2575627120,0,62
2575636332,2841299677,0,68
2575636332,2575636015,0,64
2575636333,2575612012,0,73
2575636333,2837285508,0,61
2575636333,2575627120,0,69
2575636334,2841299677,0,50
2575636334,2575627124,0,95
2575636334,2575636335,0,84
2575636335,2575636741,0,58
2575636335,2837285513,0,67
2575636335,2575636334,0,52
2575636336,2575627124,0,53
2575636336,2575613677,0,85
2575636336,2575636011,0,68
2575636741,2575636015,0,94
2575636741,2575636335,0,58
2575636741,2575636012,0,90
2575637109,2837285594,0,98
2575637109,2575636016,0,81
2575637692,3430413682,0,56
2575637692,7942020323,0,50
2575637692,2837583035,0,86
2575637694,2837583367,0,68
2575637694,7954368025,0,80
2575638633,2837285650,0,80
2575638633,2837583561,0,78
2575638639,2841299698,0,71
2575638639,2837582747,0,61
2575638639,2837285471,0,53
2600872770,2600872773,0,66
2600872770,3498576117,0,80
2600872771,1880441514,0,57
2600872771,6354264768,0,54
2600872773,12725299500,0,75
2600872773,6354265131,0,81
2643494864,2575448031,0,54
2643494864,2837580558,0,86
2833127050,3955043044,0,90
2833127050,7941659597,0,93
2833127050,3777944398,0,53
2833127053,2841299266,0,59
2833127053,2841299265,0,59
2833127053,7941711834,0,86
2833127056,2575448051,0,69
2833127056,7416451130,0,55
2833127056,2575448031,0,65
2833127072,7941711836,0,57
2833127072,2837580611,0,85
2833127072,2833127078,0,98
2833127072,7941711834,0,76
2833127078,7416451127,0,88
2833127078,2833127072,0,88
2833127078,7941711836,0,100
2833127081,2575448052,0,89
2833127081,2837580637,0,64
2833127081,7941711853,0,99
2833127081,2841299295,0,83
2833127084,7941711846,0,74
2833127084,3777946640,0,78
2833127084,7941711843,0,78
2833127084,2575448030,0,69
2833127089,2833127097,0,87
2833127089,2837284924,0,77
2833127089,2833127090,0,69
2833127090,2833127100,0,86
2833127090,2833127089,0,89
2833127090,2833127091,0,53
2833127091,1880441906,0,89
2833127091,3430413481,0,97
2833127091,2833127090,0,56
2833127091,2833127092,0,98
2833127092,2833127306,0,63
2833127092,2833127091,0,90
2833127092,3430413477,0,63
2833127094,4160437045,0,66
2833127094,2833127096,0,92
2833127094,2833127314,0,55
2833127094,4160437044,0,60
2833127095,2837580670,0,65
2833127095,3430413477,0,61
2833127095,3430413478,0,85
2833127095,2833127312,0,54
2833127096,2833127315,0,60
2833127096,2833127094,0,50
2833127096,3430413479,0,76
2833127097,2833127089,0,78
2833127097,3430413479,0,94
2833127097,2833127098,0,88
2833127098,2833127326,0,80
2833127098,2833127097,0,68
2833127098,2833127100,0,52
2833127099,2575448022,0,64
2833127099,2575448016,0,68
2833127099,7941688153,0,95
2833127100,2833127090,0,68
2833127100,2833127098,0,94
2833127100,3430413481,0,79
2833127303,2833127327,0,54
2833127303,3430413480,0,93
2833127303,2833127304,0,64
2833127304,2833127328,0,66
2833127304,2833127303,0,100
2833127304,3430413482,0,100
2833127306,2833127092,0,90
2833127306,3430413481,0,87
2833127306,3430413483,0,92
2833127308,7941688159,0,62
2833127308,2841299325,0,77
2833127308,7941688141,0,57
2833127308,2837580975,0,84
2833127309,3430413482,0,64
2833127309,2833127311,0,91
2833127309,4156801017,0,59
2833127310,2575448060,0,67
2833127310,2575448022,0,59
2833127310,2575603095,0,54
2833127310,2837581111,0,53
2833127311,3772964233,0,60
2833127311,2833127313,0,100
2833127311,2833127309,0,69
2833127312,3430413483,0,88
2833127312,3430413484,0,97
2833127312,2833127337,0,86
2833127312,2833127095,0,68
2833127313,2833127316,0,78
2833127313,2833127311,0,57
2833127313,3772964234,0,79
2833127314,7953233869,0,94
2833127314,2833127094,0,69
2833127314,2833127315,0,94
2833127315,2833127096,0,75
2833127315,3430413485,0,67
2833127315,2833127314,0,82
2833127316,2833127322,0,84
2833127316,2833127313,0,81
2833127316,2833127344,0,78
2833127321,4160437046,0,55
2833127321,2833127331,0,88
2833127322,4160437048,0,52
2833127322,2833127316,0,77
2833127322,2833127339,0,97
2833127322,2837580964,0,70
2833127323,2833127346,0,88
2833127323,2833127330,0,66
2833127326,2833127098,0,51
2833127326,3430413487,0,55
2833127326,3430413485,0,64
2833127327,3430413486,0,93
2833127327,2833127328,0,86
2833127327,2833127303,0,87
2833127327,2833127354,0,51
2833127328,2833127327,0,98
2833127328,3430413488,0,93
2833127328,2833127304,0,67
2833127328,2833127357,0,86
2833127330,2833127352,0,52
2833127330,2833127359,0,98
2833127331,2833127332,0,98
2833127331,2833127321,0,61
2833127331,3430413593,0,80
2833127332,2833127331,0,83
2833127332,7911664337,0,91
2833127332,2833127351,0,78
2833127332,2837581119,0,67
2833127335,3772964233,0,61
2833127335,4156801017,0,87
2833127335,2833127353,0,77
2833127336,12696356841,0,90
2833127336,2833127350,0,81
2833127337,2171064401,0,55
2833127337,2171064405,0,80
2833127337,2833127312,0,72
2833127339,2833127322,0,76
2833127339,4160437054,0,71
2833127339,2833127344,0,70
2833127339,4160437052,0,92
2833127340,2833127348,0,56
2833127340,6649204670,0,60
2833127344,2833127316,0,71
2833127344,2837581189,0,76
2833127344,2833127339,0,94
2833127345,12201013538,0,81
2833127345,2171064409,0,68
2833127345,2837581365,0,92
2833127345,7911664353,0,75
2833127346,2833127352,0,98
2833127346,2833127369,0,85
2833127346,2833127323,0,52
2833127348,2833127360,0,79
2833127348,6649204684,0,55
2833127348,2833127385,0,70
2833127349,3772964234,0,66
2833127349,2837581200,0,70
2833127349,2837581189,0,57
2833127350,2837581308,0,99
2833127350,2833127336,0,75
2833127350,2833127363,0,82
2833127351,2833127332,0,50
2833127351,7911664339,0,92
2833127351,3430413595,0,84
2833127352,2833127373,0,79
2833127352,2833127330,0,76
2833127352,2833127346,0,53
2833127353,2837581200,0,62
2833127353,2833127335,0,83
2833127353,2833127375,0,73
2833127354,2171064409,0,89
2833127354,2833127357,0,98
2833127354,2833127327,0,81
2833127354,3772964236,0,90
2833127355,2171064399,0,78
2833127355,3430413487,0,98
2833127357,2833127354,0,53
2833127357,2171064411,0,63
2833127357,2833127328,0,67
2833127357,4160437056,0,85
2833127359,3772977858,0,58
2833127359,2833127386,0,68
2833127360,2833127366,0,78
2833127360,2833127407,0,94
2833127363,2833127397,0,81
2833127363,2837581329,0,57
2833127363,2833127350,0,51
2833127366,2841299356,0,90
2833127366,6649212586,0,88
2833127366,2833127400,0,65
2833127367,2833127369,0,95
2833127367,2833127399,0,60
2833127367,1880442431,0,69
2833127369,3430413602,0,85
2833127369,2833127346,0,50
2833127369,2833127367,0,85
2833127369,2833127373,0,76
2833127370,2833127385,0,55
2833127371,2833127416,0,64
2833127371,2841299349,0,57
2833127371,2833127377,0,79
2833127371,2841299354,0,57
2833127373,3430413604,0,91
2833127373,2833127352,0,59
2833127373,2833127369,0,81
2833127373,2833127381,0,95
2833127375,4160437057,0,68
2833127375,2833127353,0,82
2833127375,6146884325,0,95
2833127377,2833127384,0,67
2833127377,2833127371,0,76
2833127377,7222567558,0,80
2833127377,3430413593,0,80
2833127378,3430413597,0,65
2833127378,2833127388,0,79
2833127381,3430413606,0,85
2833127381,2833127386,0,59
2833127381,2833127373,0,74
2833127384,7222623312,0,62
2833127384,3430413595,0,88
2833127384,3430413600,0,82
2833127384,2833127377,0,97
2833127385,2833127370,0,58
2833127385,2833127348,0,54
2833127385,7222623351,0,67
2833127385,2833127392,0,99
2833127386,3430413607,0,100
2833127386,2833127381,0,76
2833127386,2833127359,0,71
2833127386,2833127428,0,100
2833127387,2833127408,0,82
2833127387,6153028466,0,67
2833127387,4160440927,0,50
2833127388,2833127404,0,68
2833127388,2833127435,0,96
2833127390,2833127410,0,69
2833127390,2833127424,0,87
2833127392,2833127397,0,87
2833127392,2833127385,0,92
2833127392,12696356842,0,81
2833127397,2833127363,0,59
2833127397,2837581394,0,78
2833127397,2833127392,0,84
2833127399,3430413602,0,80
2833127399,2833127367,0,72
2833127399,2833127447,0,71
2833127400,2841299365,0,85
2833127400,2833127407,0,98
2833127400,2837581654,0,84
2833127400,2833127366,0,74
2833127403,7911664350,0,79
2833127403,2833127460,0,70
2833127403,11096772127,0,62
2833127404,1880442477,0,94
2833127404,2833127426,0,65
2833127407,2833127400,0,86
2833127407,2833127411,0,74
2833127407,2833127502,0,64
2833127407,2833127360,0,99
2833127408,7911789357,0,76
2833127408,2833127452,0,52
2833127408,2833127387,0,70
2833127410,4151179008,0,97
2833127410,2833127425,0,80
2833127411,2833127407,0,95
2833127416,2833127371,0,74
2833127416,7222623305,0,74
2833127416,7911664335,0,92
2833127416,2837581394,0,100
2833127422,2841299373,0,91
2833127422,2841299382,0,59
2833127422,2841299381,0,81
2833127424,2833127434,0,52
2833127424,2833127436,0,58
2833127424,2833127390,0,82
2833127424,2839149775,0,87
2833127425,7912773549,0,71
2833127425,7911697768,0,56
2833127426,2833127404,0,78
2833127426,2833127435,0,56
2833127426,3430413610,0,83
2833127428,2833127436,0,79
2833127428,3430413607,0,50
2833127428,2833127386,0,96
2833127434,2839149770,0,59
2833127434,2833127424,0,76
2833127434,4151179008,0,91
2833127435,2833127388,0,59
2833127435,2833127426,0,54
2833127435,2833127446,0,80
2833127436,2833127424,0,100
2833127436,3772977865,0,66
2833127436,2833127428,0,71
2833127438,2833127450,0,89
2833127438,2833127479,0,94
2833127439,2833127452,0,75
2833127439,2841299373,0,91
2833127439,2841299395,0,55
2833127439,4160440927,0,71
2833127441,4160440931,0,93
2833127441,7222623304,0,84
2833127442,2841299377,0,74
2833127442,2841518492,0,70
2833127446,2833127435,0,90
2833127446,2837581654,0,95
2833127446,3430413597,0,98
2833127447,3430413609,0,81
2833127447,2833127399,0,84
2833127447,2833127465,0,52
2833127450,2833127492,0,89
2833127450,2833127459,0,54
2833127451,2833127458,0,65
2833127451,2839149770,0,90
2833127451,4151179008,0,93
2833127452,2833127462,0,68
2833127452,2833127439,0,64
2833127452,2833127532,0,97
2833127452,2833127408,0,55
2833127458,2833127464,0,77
2833127458,2833127451,0,56
2833127458,2833127501,0,98
2833127459,2833127469,0,90
2833127459,2833127505,0,95
2833127460,7911664355,0,56
2833127460,2833127403,0,78
2833127462,2833127542,0,60
2833127462,7911789366,0,94
2833127462,2833127452,0,69
2833127462,7911789357,0,51
2833127463,3430413604,0,52
2833127463,3430413611,0,70
2833127463,3430413609,0,100
2833127463,2833127490,0,53
2833127464,2833127472,0,68
2833127464,2833127458,0,72
2833127464,7911697768,0,73
2833127465,2833127447,0,77
2833127465,2833127490,0,59
2833127465,7941892796,0,65
2833127468,1880442497,0,83
2833127469,2833127487,0,76
2833127469,2833127517,0,86
2833127472,2833127479,0,93
2833127472,2833127464,0,100
2833127472,2833127494,0,61
2833127474,3430413611,0,60
2833127474,2833127493,0,61
2833127474,3430413607,0,55
2833127478,7911789366,0,89
2833127478,2841299384,0,74
2833127478,2833127530,0,89
2833127478,7911789365,0,93
2833127479,2833127472,0,65
2833127479,12200843488,0,81
2833127479,2833127438,0,87
2833127485,2837581654,0,59
2833127485,2833127514,0,64
2833127485,11118998074,0,79
2833127487,2833127504,0,90
2833127487,2833127469,0,66
2833127487,2833127533,0,79
2833127488,2841299387,0,66
2833127490,3430413609,0,92
2833127490,2833127465,0,50
2833127490,2833127463,0,79
2833127492,2833127505,0,68
2833127492,12200843488,0,93
2833127492,2833127450,0,84
2833127493,2833127474,0,60
2833127493,2833127499,0,54
2833127493,2839149775,0,78
2833127494,2833127526,0,72
2833127494,2833127508,0,87
2833127494,2833127472,0,69
2833127496,2841299388,0,90
2833127496,7222623226,0,77
2833127496,2837581857,0,94
2833127499,2833127493,0,66
2833127501,2833127508,0,79
2833127501,2839149780,0,69
2833127501,2833127458,0,62
2833127502,2837581692,0,74
2833127502,2833127407,0,80
2833127503,3430413611,0,56
2833127504,2833127487,0,65
2833127504,2833127538,0,74
2833127504,2833127515,0,86
2833127505,2833127515,0,72
2833127505,2833127492,0,86
2833127505,7911697780,0,68
2833127505,2833127459,0,94
2833127507,4160440931,0,68
2833127507,2833127550,0,51
2833127507,1880442511,0,92
2833127507,2841299393,0,75
2833127508,2833127501,0,67
2833127508,2841299392,0,50
2833127508,2833127565,0,86
2833127508,2833127494,0,93
2833127511,7918749224,0,99
2833127514,2833127485,0,97
2833127514,2833127502,0,53
2833127515,2833127544,0,88
2833127515,2833127505,0,97
2833127515,2833127504,0,81
2833127516,3955038294,0,68
2833127516,7911789365,0,99
2833127517,2833127524,0,64
2833127517,7912877629,0,88
2833127517,6146875037,0,72
2833127519,7222623420,0,64
2833127519,2833127528,0,90
2833127519,2841299388,0,62
2833127521,2841299395,0,89
2833127521,2833127535,0,66
2833127521,2841299383,0,93
2833127524,2833127552,0,98
2833127524,2833127533,0,96
2833127524,2833127517,0,99
2833127526,2833127494,0,92
2833127528,7222623422,0,93
2833127528,2833127548,0,58
2833127528,2833127519,0,90
2833127530,2833127516,0,56
2833127530,2833127478,0,90
2833127532,2841299395,0,91
2833127532,2833127542,0,52
2833127532,2833127546,0,69
2833127532,2833127452,0,100
2833127533,3430413615,0,78
2833127533,2833127538,0,52
2833127533,2833127524,0,87
2833127533,2833127487,0,73
2833127534,2841299391,0,96
2833127534,2841299381,0,58
2833127534,2833127554,0,55
2833127535,12201217167,0,68
2833127535,2841299508,0,70
2833127535,2833127521,0,97
2833127537,2833127550,0,76
2833127537,2833127562,0,61
2833127538,3430413616,0,62
2833127538,2833127504,0,58
2833127538,2833127544,0,100
2833127538,2833127533,0,84
2833127540,2841299391,0,73
2833127540,2833127569,0,83
2833127540,2841299393,0,82
2833127540,2833127554,0,67
2833127541,2833127530,0,60
2833127541,7912679476,0,66
2833127542,2833127532,0,80
2833127542,3430413614,0,68
2833127542,2833127462,0,97
2833127544,3430413619,0,71
2833127544,2833127515,0,57
2833127544,2833127538,0,79
2833127544,2841518714,0,54
2833127546,7911789359,0,59
2833127546,12201217167,0,98
2833127546,2833127558,0,64
2833127546,2833127532,0,93
2833127547,2841518500,0,96
2833127548,2833127584,0,93
2833127548,2841299517,0,75
2833127548,2833127528,0,85
2833127550,2833127556,0,73
2833127550,2833127537,0,55
2833127550,2833127568,0,100
2833127550,2833127507,0,75
2833127552,3430413615,0,50
2833127552,2833127524,0,66
2833127552,2833127564,0,84
2833127554,2833127534,0,57
2833127554,2833127581,0,79
2833127554,2833127540,0,73
2833127554,2833127563,0,93
2833127556,2833127569,0,97
2833127556,2833127550,0,93
2833127556,2841299393,0,66
2833127556,2833127577,0,87
2833127558,2833127583,0,74
2833127558,2841299508,0,90
2833127558,3430413624,0,73
2833127558,2833127546,0,56
2833127562,2833127568,0,93
2833127562,2841299521,0,64
2833127563,2833127586,0,80
2833127563,2833127554,0,51
2833127563,3430413624,0,89
2833127564,2833127552,0,85
2833127565,2841518718,0,70
2833127565,2833127508,0,89
2833127565,2841518714,0,64
2833127568,2833127550,0,91
2833127568,2833127594,0,54
2833127568,2833127562,0,90
2833127568,2833127577,0,79
2833127569,2833127556,0,94
2833127569,2833127540,0,69
2833127569,2833127588,0,91
2833127569,2833127581,0,76
2833127573,3430413623,0,57
2833127573,2833127582,0,58
2833127573,3430413615,0,52
2833127574,2833127541,0,52
2833127574,7912679478,0,69
2833127577,2833127556,0,81
2833127577,2833127628,0,57
2833127577,2833127568,0,56
2833127577,2833127588,0,65
2833127581,2833127554,0,84
2833127581,2833127586,0,58
2833127581,2833127569,0,74
2833127581,2833127597,0,79
2833127582,2837582091,0,73
2833127582,1880442589,0,92
2833127582,2833127573,0,97
2833127583,2833127574,0,94
2833127583,2833127558,0,84
2833127584,2833127548,0,76
2833127584,7222623421,0,87
2833127586,2833127599,0,97
2833127586,2833127563,0,96
2833127586,2833127581,0,59
2833127588,2833127569,0,76
2833127588,2833127597,0,91
2833127588,2841518740,0,56
2833127588,2833127577,0,81
2833127591,3430413623,0,89
2833127594,2833127568,0,76
2833127594,2833127610,0,67
2833127594,9781573060,0,52
2833127594,2841299534,0,94
2833127596,2833127583,0,73
2833127596,13009243226,0,63
2833127596,3430413624,0,78
2833127597,2833127588,0,78
2833127597,2833127614,0,65
2833127597,2833127616,0,73
2833127597,2833127581,0,56
2833127599,2833127600,0,93
2833127599,2833127586,0,73
2833127599,2833127614,0,84
2833127600,2833127599,0,91
2833127600,3430413624,0,72
2833127600,2833127611,0,53
2833127603,2833127610,0,75
2833127603,2841299534,0,67
2833127603,2833127619,0,62
2833127607,3430413637,0,57
2833127609,3430413622,0,79
2833127609,2833127615,0,55
2833127609,2841299550,0,92
2833127609,2833127651,0,63
2833127610,2833127622,0,91
2833127610,2833127594,0,90
2833127610,2833127603,0,88
2833127611,2833127596,0,51
2833127611,7912815308,0,53
2833127611,2833127600,0,100
2833127613,2841299542,0,71
2833127614,3430413637,0,65
2833127614,2833127599,0,58
2833127614,2833127597,0,100
2833127614,2833127618,0,86
2833127615,2833127619,0,63
2833127615,2833127609,0,54
2833127615,7222623233,0,98
2833127615,3430413625,0,85
2833127616,2833127629,0,63
2833127616,2833127623,0,87
2833127616,2833127597,0,63
2833127618,2833127614,0,64
2833127618,2833127611,0,71
2833127619,2833127615,0,99
2833127619,2833127622,0,59
2833127619,2833127657,0,100
2833127619,2833127603,0,88
2833127621,2833127627,0,50
2833127621,2833127629,0,67
2833127621,3430413637,0,59
2833127622,2833127610,0,58
2833127622,2833127624,0,84
2833127622,2833127619,0,66
2833127623,2841299580,0,61
2833127623,2833127616,0,57
2833127623,2833127639,0,92
2833127623,7911791292,0,51
2833127624,2833127628,0,58
2833127624,2833127622,0,50
2833127624,2841518756,0,72
2833127625,2841299574,0,100
2833127625,3942981558,0,100
2833127625,6147102388,0,65
2833127625,2833127662,0,87
2833127626,7911717989,0,70
2833127626,10267081535,0,51
2833127626,2837582232,0,61
2833127627,2833127618,0,66
2833127627,2833127621,0,53
2833127628,2833127577,0,58
2833127628,2833127630,0,97
2833127628,2833127624,0,76
2833127629,2833127621,0,83
2833127629,2833127636,0,57
2833127629,2833127616,0,97
2833127630,2841299573,0,54
2833127630,2833127628,0,80
2833127630,2841518751,0,78
2833127630,2841518736,0,99
2833127634,3942981558,0,73
2833127634,2841299550,0,82
2833127634,2833127644,0,87
2833127636,2833127629,0,56
2833127636,2833127627,0,78
2833127636,2841299580,0,82
2833127639,2833127623,0,64
2833127639,2841518748,0,89
2833127639,7911791291,0,52
2833127644,7222623221,0,96
2833127644,2841299592,0,100
2833127644,2833127634,0,92
2833127644,2841299632,0,83
2833127650,2833127636,0,69
2833127650,2841299591,0,79
2833127651,2841299592,0,91
2833127651,13087246206,0,51
2833127651,2833127609,0,53
2833127657,7222623233,0,80
2833127657,7911789377,0,75
2833127657,2833127677,0,77
2833127657,2833127619,0,93
2833127658,6147067481,0,56
2833127658,2833127662,0,81
2833127658,6147102388,0,95
2833127660,2841518756,0,78
2833127660,2833127664,0,54
2833127660,7911789377,0,55
2833127662,2833127658,0,70
2833127662,2841299619,0,88
2833127662,2833127690,0,59
2833127662,2833127625,0,54
2833127664,2833127660,0,58
2833127664,2841518759,0,67
2833127664,2841299616,0,89
2833127669,2841299619,0,90
2833127669,2841299632,0,87
2833127669,6147067476,0,85
2833127669,7222623221,0,95
2833127670,2841299629,0,70
2833127670,7912877637,0,74
2833127670,2841299606,0,88
2833127672,2833127674,0,83
2833127672,4160457526,0,68
2833127672,2833127680,0,79
2833127674,2841299662,0,82
2833127674,2833127677,0,88
2833127674,2833127672,0,77
2833127675,2833127687,0,56
2833127675,2841299632,0,100
2833127675,3998008032,0,94
2833127675,4160457526,0,57
2833127677,2833127674,0,91
2833127677,7911789376,0,91
2833127677,2833127689,0,99
2833127677,2833127657,0,85
2833127679,2833127684,0,96
2833127680,3998008032,0,63
2833127680,2841299662,0,77
2833127680,2833127694,0,78
2833127680,2833127672,0,64
2833127682,2833127683,0,76
2833127682,2575620234,0,71
2833127682,7942088300,0,79
2833127683,2841299675,0,75
2833127683,7942088311,0,76
2833127683,2833127682,0,96
2833127683,2837582705,0,56
2833127684,2833127679,0,70
2833127684,7912679468,0,77
2833127684,6147067481,0,70
2833127684,2833127690,0,92
2833127687,2833127675,0,66
2833127687,2833127691,0,73
2833127687,2833127703,0,59
2833127689,2841518902,0,93
2833127689,1880442935,0,80
2833127689,2833127677,0,54
2833127690,7376781890,0,55
2833127690,6147067475,0,55
2833127690,2833127684,0,55
2833127690,2833127662,0,77
2833127691,2833127704,0,56
2833127691,3998008031,0,97
2833127691,2833127687,0,97
2833127694,2833127701,0,73
2833127694,2833127680,0,58
2833127694,3998008031,0,85
2833127694,7912815290,0,53
2833127701,2833127694,0,87
2833127701,2833127707,0,85
2833127701,2841518938,0,85
2833127703,2841299691,0,71
2833127703,2833127712,0,92
2833127703,2833127687,0,57
2833127703,2833127704,0,76
2833127704,2833127691,0,72
2833127704,2841299738,0,92
2833127704,2833127707,0,98
2833127704,2833127703,0,77
2833127707,2833127701,0,96
2833127707,2833127716,0,53
2833127707,2833127704,0,68
2833127710,2841299731,0,88
2833127710,2841518957,0,69
2833127710,2833127712,0,72
2833127712,2833127703,0,56
2833127712,2841518955,0,86
2833127712,2833127710,0,82
2833127716,2841299738,0,63
2833127716,2841518938,0,59
2833127716,2833127707,0,92
2833253508,3078481707,0,80
2833253508,3776231844,0,64
2833253508,7872058183,0,56
2833253512,3776231854,0,72
2833253512,9708735840,0,85
2833253512,2833253519,0,73
2833253519,3776216965,0,57
2833253519,2833253512,0,98
2833253520,3776216974,0,67
2833253520,2833253519,0,86
2833253521,3776216974,0,64
2833253521,7872530344,0,77
2833253521,2839148520,0,85
2833253523,3776216984,0,99
2833253523,7872571291,0,89
2833253523,7872571290,0,89
2833253525,7872571301,0,93
2833253525,2833253529,0,91
2833253525,2839148508,0,85
2833253529,2833253525,0,51
2833253529,7872571287,0,88
2833253529,7874495860,0,92
2833253532,2839148562,0,94
2833253532,2841299003,0,67
2833253532,3777724213,0,51
2833253546,2839148642,0,61
2833253546,2839148665,0,67
2833253546,2843657258,0,94
2833253547,9708735834,0,98
2833253547,7872607463,0,69
2833253555,1928140381,0,71
2833253555,2833253557,0,72
2833253555,3777724213,0,50
2833253557,1928140359,0,61
2833253557,2833253555,0,59
2833253557,9708735851,0,86
2833253557,3777724219,0,92
2833253560,4393402641,0,75
2833253560,2833253566,0,54
2833253560,4393402630,0,59
2833253561,2839148665,0,97
2833253561,2833253571,0,90
2833253561,2833253571,1,51
2833253564,3776190219,0,55
2833253564,2833253581,0,97
2833253564,2833253587,0,83
2833253566,2833253560,0,63
2833253566,7871811335,0,74
2833253566,2833253567,0,76
2833253567,2833253570,0,79
2833253567,4393402641,0,71
2833253567,2833253566,0,60
2833253568,7872530349,0,73
2833253569,2833253578,0,69
2833253570,2833253567,0,96
2833253570,4393402639,0,70
2833253570,4393402650,0,99
2833253571,2833253578,0,86
2833253571,2833253561,0,88
2833253571,2833253561,1,55
2833253578,2833253569,0,53
2833253578,2833253579,0,59
2833253578,2833253571,0,60
2833253579,2833253595,0,98
2833253579,7963622080,0,89
2833253579,2833253578,0,53
2833253581,3496483761,0,93
2833253581,2833253583,0,55
2833253581,2833253564,0,67
2833253582,8394904249,0,78
2833253583,2418718371,0,92
2833253583,2833253581,0,77
2833253583,3496483765,0,81
2833253586,7871811337,0,88
2833253586,2839148788,0,78
2833253586,4393402650,0,76
2833253587,2833253588,0,67
2833253587,3496483768,0,63
2833253587,2833253564,0,98
2833253588,2833253589,0,82
2833253588,2833253587,0,57
2833253588,12201424841,0,72
2833253589,3496483770,0,77
2833253589,2833253588,0,57
2833253589,7871811337,0,68
2833253594,7938695464,0,93
2833253594,7938695469,0,93
2833253594,7937903421,0,87
2833253595,2833253579,0,81
2833253595,1928140190,0,83
2833253600,7872607477,0,92
2833253600,2841299143,0,69
2833253607,11096458345,0,52
2833253614,2839148845,0,64
2833253614,4649948643,0,75
2833253614,4166878578,0,88
2833253621,4393288471,0,53
2833253621,8834977240,0,50
2833253621,9708719614,0,63
2833253622,8834977240,0,69
2833253622,3774534348,0,63
2833253622,4393288472,0,99
2833253622,9708719614,0,58
2833253623,3774534347,0,98
2833253623,2839148868,0,66
2833253623,2839148900,0,68
2833253625,7937903424,0,70
2833253627,2839148928,0,57
2833253627,3774534347,0,50
2833253627,2833253631,0,81
2833253627,11462510347,0,97
2833253630,7871811320,0,77
2833253630,4166905490,0,61
2833253630,4167304126,0,58
2833253630,12203277103,0,74
2833253631,4393288475,0,84
2833253631,2833253627,0,95
2833253632,2839148967,0,64
2833253632,2839149020,0,82
2833253634,4167304126,0,85
2833253634,2841514566,0,92
2833253634,2839148948,0,72
2833253639,3500445399,0,54
2833253639,7871220165,0,75
2833253644,2839149203,0,97
2833253644,2839149163,0,52
2833253644,7871074777,0,77
2833253645,3501363089,0,51
2833253645,7871074777,0,79
2833253646,7871074770,0,54
2833253652,11664696186,0,70
2833253652,7871074770,0,86
2833253652,3496960039,0,77
2833253655,2833253669,0,86
2833253656,11096444885,0,75
2833253656,7871074769,0,95
2833253657,11664696195,0,90
2833253658,2833253672,0,76
2833253660,6357870905,0,68
2833253661,2833253672,0,57
2833253661,1880441533,0,75
2833253661,1880441538,0,51
2833253663,2833253668,0,70
2833253663,1880441538,0,60
2833253663,2833253673,0,89
2833253668,2839149325,0,79
2833253668,2833253683,0,94
2833253668,2833253663,0,73
2833253669,2833253655,0,55
2833253669,7871074748,0,77
2833253670,2833253675,0,56
2833253670,2833253679,0,65
2833253670,2839149313,0,77
2833253672,2833253661,0,87
2833253672,2833253673,0,75
2833253672,2833253658,0,83
2833253673,2833253677,0,55
2833253673,2833253672,0,75
2833253673,2833253663,0,69
2833253675,2833253670,0,97
2833253675,2833253682,0,71
2833253675,2833253683,0,64
2833253677,2833253673,0,71
2833253677,7937878045,0,99
2833253677,2841517721,0,60
2833253678,2839149325,0,54
2833253678,2839149353,0,82
2833253678,2833253696,0,90
2833253679,2833253670,0,57
2833253679,7871074748,0,83
2833253679,2839149262,0,82
2833253681,1880441560,0,62
2833253681,7937823345,0,99
2833253681,7937864658,0,72
2833253682,2833253675,0,72
2833253682,7871074741,0,96
2833253683,2833253668,0,91
2833253683,2833253675,0,59
2833253683,7871074741,0,65
2833253685,2833253705,0,56
2833253685,7871074746,0,59
2833253687,7938167110,0,66
2833253687,1880441581,0,62
2833253687,1880441596,0,61
2833253688,2837580075,0,88
2833253688,2833253660,0,59
2833253692,2833253695,0,98
2833253692,2833253699,0,98
2833253692,2839149353,0,91
2833253693,2839149356,0,54
2833253693,2839149333,0,61
2833253693,4169424517,0,99
2833253694,7938167101,0,90
2833253694,2839149377,0,81
2833253694,2839149408,0,79
2833253695,2833253692,0,98
2833253695,2841517729,0,86
2833253695,7938167109,0,98
2833253696,2833253678,0,87
2833253696,2833253699,0,78
2833253697,7938167101,0,93
2833253697,2839149421,0,86
2833253697,2839149370,0,91
2833253698,7937823343,0,90
2833253698,7937823345,0,89
2833253698,3430413450,0,70
2833253699,2833253692,0,90
2833253699,7938167107,0,70
2833253701,2833253728,0,59
2833253701,7871074737,0,78
2833253703,2833253733,0,54
2833253703,2833253701,0,80
2833253704,7871074732,0,78
2833253704,1880441596,0,90
2833253704,2839149449,0,69
2833253705,2833253712,0,100
2833253705,2833253685,0,67
2833253705,7937823338,0,87
2833253706,7871074746,0,53
2833253706,2833253727,0,72
2833253706,7938167098,0,82
2833253708,1880441600,0,54
2833253708,2833253745,0,69
2833253708,2837580333,0,79
2833253709,2833253740,0,78
2833253709,2833253703,0,52
2833253712,2833253716,0,53
2833253712,2833253705,0,73
2833253712,1880441751,0,68
2833253712,1880441586,0,54
2833253715,2833253734,0,91
2833253715,3430413452,0,55
2833253715,2837580333,0,89
2833253716,2833253723,0,88
2833253716,2833253712,0,82
2833253716,2839149344,0,74
2833253722,4258130064,0,79
2833253722,3430413451,0,87
2833253722,7912725289,0,85
2833253723,2833253728,0,100
2833253723,2833253716,0,97
2833253723,7871074737,0,52
2833253725,7911517129,0,78
2833253725,2833253757,0,86
2833253725,2841517741,0,91
2833253725,4173907774,0,62
2833253727,2841299211,0,70
2833253727,2833253706,0,88
2833253727,1880441751,0,80
2833253728,2833253733,0,82
2833253728,2833253723,0,59
2833253728,2841299230,0,53
2833253728,2833253701,0,78
2833253733,2833253728,0,56
2833253733,2833253740,0,71
2833253733,2833253703,0,95
2833253733,2841349274,0,55
2833253734,2833253715,0,82
2833253734,2833253755,0,91
2833253734,3430413455,0,61
2833253735,2841299203,0,52
2833253735,7911517130,0,65
2833253735,2839149490,0,95
2833253737,1880441725,0,78
2833253737,2833253742,0,78
2833253737,2833253774,0,83
2833253740,2833253733,0,83
2833253740,2833253709,0,89
2833253740,2841349273,0,60
2833253741,3496451364,0,73
2833253741,2837591270,0,73
2833253741,2833253788,0,68
2833253742,2833253737,0,74
2833253742,2833253745,0,76
2833253742,2833253777,0,99
2833253745,2833253742,0,71
2833253745,2833253747,0,93
2833253745,2833253708,0,88
2833253746,2837591268,0,53
2833253746,2833253750,0,100
2833253746,2833253795,0,90
2833253746,3496451364,0,91
2833253747,2833253745,0,71
2833253747,2833253751,0,54
2833253747,2833253781,0,71
2833253749,2833253766,0,56
2833253749,2841517757,0,85
2833253749,2841299208,0,93
2833253749,1880441617,0,74
2833253750,4169372507,0,68
2833253750,2833253746,0,66
2833253750,2833253800,0,96
2833253750,2837580353,0,92
2833253751,2833253747,0,88
2833253751,2833253755,0,59
2833253751,2833253791,0,71
2833253752,2839149553,0,55
2833253752,2841349273,0,87
2833253752,2833253773,0,92
2833253752,1880441612,0,59
2833253755,2833253751,0,72
2833253755,2833253759,0,69
2833253755,4171204682,0,91
2833253755,2833253734,0,94
2833253757,2833253725,0,92
2833253757,2833253765,0,75
2833253757,7911517126,0,58
2833253757,2841299223,0,88
2833253759,2833253755,0,95
2833253759,2833253762,0,55
2833253759,3430413455,0,69
2833253762,2833253759,0,85
2833253762,2833253764,0,74
2833253762,2837591276,0,91
2833253762,2837591272,0,100
2833253763,2839149571,0,71
2833253763,2839149553,0,58
2833253763,2841299205,0,92
2833253763,2833253792,0,94
2833253764,2833253762,0,97
2833253764,2833253768,0,93
2833253764,2837591277,0,83
2833253764,3430413456,0,55
2833253765,2833253757,0,91
2833253765,2833253778,0,92
2833253765,2833253786,0,77
2833253766,3486229679,0,82
2833253766,2833253749,0,73
2833253766,2833253772,0,51
2833253766,2841299222,0,73
2833253768,2833253764,0,69
2833253768,1880441766,0,61
2833253768,2833253814,0,63
2833253768,2837580352,0,71
2833253769,2833253774,0,99
2833253769,2833253786,0,81
2833253769,1880441725,0,62
2833253769,7911517126,0,64
2833253772,2833253766,0,58
2833253772,3486198682,0,59
2833253772,2841299223,0,54
2833253772,2833253778,0,68
2833253773,7911517116,0,100
2833253773,2833253817,0,56
2833253773,2833253752,0,82
2833253774,2833253737,0,99
2833253774,2833253777,0,84
2833253774,2833253769,0,97
2833253774,2839149612,0,83
2833253777,2833253781,0,52
2833253777,2833253774,0,92
2833253777,3430413468,0,71
2833253777,2833253742,0,99
2833253778,2833253765,0,89
2833253778,2839149594,0,58
2833253778,2833253772,0,88
2833253778,2833253802,0,74
2833253781,2833253747,0,59
2833253781,2833253777,0,60
2833253781,2839149616,0,61
2833253781,2833253791,0,94
2833253782,2837580370,0,99
2833253782,2833253788,0,89
2833253782,4170813823,0,60
2833253785,2839149593,0,96
2833253785,2839149576,0,78
2833253785,2841299222,0,52
2833253785,2833253812,0,76
2833253786,2833253765,0,73
2833253786,2833253802,0,93
2833253786,2833253769,0,96
2833253787,3486029860,0,65
2833253787,4169453018,0,78
2833253788,2833253782,0,89
2833253788,2837580374,0,68
2833253788,2833253741,0,98
2833253791,3430413471,0,97
2833253791,2833253751,0,100
2833253791,2833253794,0,78
2833253791,2833253781,0,64
2833253792,2833253763,0,84
2833253792,7911517116,0,65
2833253792,2833253797,0,69
2833253792,2839149625,0,100
2833253794,2833253798,0,80
2833253794,2833253791,0,62
2833253794,2833253829,0,73
2833253794,4171204682,0,93
2833253795,2837580374,0,86
2833253795,2833253800,0,78
2833253795,4776766924,0,79
2833253795,2833253746,0,99
2833253797,2833253836,0,68
2833253797,2833253792,0,99
2833253797,2833253801,0,74
2833253798,2833253804,0,82
2833253798,2833253794,0,83
2833253798,4171229198,0,76
2833253800,2833253795,0,60
2833253800,2833253805,0,62
2833253800,4776756130,0,88
2833253800,2833253750,0,58
2833253801,2833253797,0,66
2833253801,2841299243,0,53
2833253801,2839149571,0,91
2833253802,2839149606,0,80
2833253802,2833253786,0,73
2833253802,2833253778,0,85
2833253804,4776770721,0,56
2833253804,2837591276,0,95
2833253804,2833253808,0,83
2833253804,2833253798,0,57
2833253805,1880441809,0,68
2833253805,4776756129,0,55
2833253805,2833253800,0,98
2833253808,2833253814,0,60
2833253808,2833253804,0,67
2833253808,4776723234,0,78
2833253808,2837591277,0,82
2833253809,2833253826,0,59
2833253809,2841299241,0,77
2833253809,2839149594,0,55
2833253809,2837580399,0,64
2833253810,2833253817,0,78
2833253810,3430413461,0,72
2833253810,2839149590,0,51
2833253812,2833253785,0,76
2833253812,2833253840,0,53
2833253812,2839149603,0,75
2833253812,2839149611,0,82
2833253814,2833253768,0,73
2833253814,2837580386,0,65
2833253814,2833253808,0,74
2833253814,4776723233,0,55
2833253815,2839149612,0,73
2833253815,2833253826,0,64
2833253815,2839149606,0,51
2833253817,2833253810,0,70
2833253817,1880441848,0,56
2833253817,2833253773,0,95
2833253824,2839149619,0,91
2833253824,2837580391,0,71
2833253826,2833253809,0,100
2833253826,2833253835,0,59
2833253826,2833253815,0,58
2833253829,2833253794,0,52
2833253829,3430413471,0,68
2833253829,2833253832,0,80
2833253829,4776766925,0,94
2833253830,7911517119,0,58
2833253830,1880441848,0,98
2833253830,2839149625,0,95
2833253830,7911517116,0,80
2833253831,2833253833,0,78
2833253832,2833253798,0,89
2833253832,2833253829,0,50
2833253833,4776756130,0,55
2833253833,2833253834,0,51
2833253834,4776766924,0,66
2833253834,2837580510,0,63
2833253835,2837580399,0,59
2833253835,2837580539,0,85
2833253835,2833253826,0,96
2833253836,2833253797,0,88
2833253836,2839149646,0,83
2833253836,2839149625,0,77
2833253836,2837580511,0,57
2833253840,2833253812,0,99
2833253840,2837580511,0,68
2833253840,2837580518,0,65
2833253840,4776756138,0,69
2833253843,1880441831,0,57
2833253843,2837580518,0,53
2833253843,2841299274,0,65
2833253843,2837580608,0,76
2833253844,4776723234,0,90
2833253844,2837580598,0,100
2833253844,2837580538,0,89
2833253845,4776756134,0,79
2833253845,2837580567,0,54
2833253845,2837580555,0,57
2833253846,2837580560,0,81
2833253846,2837580636,0,88
2833253847,2837580571,0,84
2833253847,3001634031,0,51
2833301283,7912877631,0,90
2833301283,7912877630,0,82
2833301290,2841518768,0,86
2833301290,3776010695,0,65
2833301290,2833303065,0,95
2833301291,2833301297,0,59
2833301291,2837285242,0,68
2833301291,3430413650,0,77
2833301291,2837285184,0,50
2833301295,2833303006,0,89
2833301297,2833301298,0,72
2833301297,2833301291,0,65
2833301297,3430413652,0,86
2833301297,2837285211,0,76
2833301298,7912298362,0,61
2833301298,2833301297,0,92
2833301298,2837285247,0,92
2833301299,2833303002,0,55
2833301299,2833303024,0,83
2833303002,2833303003,0,73
2833303002,2833301299,0,54
2833303002,4149386092,0,83
2833303003,2833303057,0,84
2833303003,2833303006,0,82
2833303003,2833303002,0,100
2833303006,2833301295,0,82
2833303006,2833303003,0,85
2833303006,4149386093,0,51
2833303006,7912199204,0,74
2833303012,3776052772,0,80
2833303012,3776052772,1,52
2833303012,12255302742,0,90
2833303014,3430413652,0,74
2833303014,2833303050,0,73
2833303014,7912298362,0,66
2833303014,2833303018,0,97
2833303016,4149386093,0,51
2833303017,4149386093,0,72
2833303017,12221349543,0,100
2833303017,2833303091,0,54
2833303018,2833303045,0,72
2833303018,2837582706,0,65
2833303018,2833303014,0,96
2833303020,3430413648,0,92
2833303024,2833303033,0,90
2833303024,2833303082,0,56
2833303030,3430413661,0,99
2833303033,7912184280,0,87
2833303033,3774435058,0,97
2833303034,3430413660,0,98
2833303043,2833303076,0,71
2833303044,2833303050,0,58
2833303044,3430413652,0,52
2833303044,7912298369,0,72
2833303044,3430413650,0,84
2833303045,2833303018,0,71
2833303050,2833303044,0,91
2833303050,2833303091,0,61
2833303050,2833303014,0,99
2833303053,2833303061,0,93
2833303053,2833303074,0,79
2833303053,7912184280,0,94
2833303056,2833303090,0,80
2833303057,2833303003,0,90
2833303057,7912199204,0,61
2833303057,2833303068,0,58
2833303061,2833303053,0,54
2833303061,2833303080,0,95
2833303061,9781573061,0,99
2833303061,7912184280,0,79
2833303063,2833303104,0,52
2833303065,7915731634,0,68
2833303065,2833301290,0,62
2833303065,7916755416,0,52
2833303066,2837582765,0,100
2833303066,7912298340,0,62
2833303066,7912298372,0,52
2833303068,2833303082,0,70
2833303068,2833303057,0,69
2833303068,4149386092,0,82
2833303070,2837285528,0,75
2833303070,8375367233,0,84
2833303070,8375367234,0,80
2833303072,13604774757,0,66
2833303072,2841518926,0,52
2833303072,2833303074,0,98
2833303074,2833303053,0,91
2833303074,2833303078,0,62
2833303074,2833303072,0,68
2833303075,2841299732,0,72
2833303075,2833303145,0,99
2833303075,2841299696,0,53
2833303076,2837582774,0,91
2833303076,3430413661,0,71
2833303076,2833303043,0,67
2833303078,2833303102,0,57
2833303078,2833303080,0,73
2833303078,2833303074,0,77
2833303080,2833303061,0,75
2833303080,2833303078,0,97
2833303080,2841299751,0,78
2833303082,2833303089,0,74
2833303082,2833303068,0,71
2833303082,2833303138,0,61
2833303082,2833303024,0,81
2833303086,3430413667,0,94
2833303089,2833303098,0,81
2833303089,2833303082,0,73
2833303089,2833303161,0,83
2833303090,2833303056,0,67
2833303090,2837582774,0,55
2833303090,2833303104,0,96
2833303091,2833303105,0,77
2833303091,2833303123,0,55
2833303091,2833303050,0,77
2833303091,2833303017,0,88
2833303095,13604774757,0,61
2833303095,2833303102,0,84
2833303095,2841518954,0,68
2833303096,2833303139,0,70
2833303096,2833303103,0,56
2833303096,2837285535,0,55
2833303096,2841299685,0,70
2833303098,2833303110,0,92
2833303098,2833303089,0,68
2833303098,3430413660,0,69
2833303098,2833303166,0,78
2833303102,2833303095,0,88
2833303102,2833303078,0,95
2833303102,2841299749,0,77
2833303103,2833303141,0,60
2833303103,2833303096,0,94
2833303103,2841299696,0,78
2833303104,2833303063,0,72
2833303104,2833303128,0,78
2833303104,3430413667,0,52
2833303104,2833303090,0,96
2833303105,2833303223,0,72
2833303105,7912199209,0,89
2833303105,2833303091,0,77
2833303105,2837583316,0,67
2833303107,2833303175,0,90
2833303107,9886604114,0,100
2833303107,2833303108,0,53
2833303108,2833303107,0,54
2833303108,2833303116,0,92
2833303108,2833303186,0,90
2833303110,3430413670,0,75
2833303110,2833303098,0,73
2833303110,7912199191,0,82
2833303110,3430413661,0,97
2833303112,2833303212,0,93
2833303112,2833303116,0,60
2833303112,7912199209,0,51
2833303116,2833303108,0,59
2833303116,2833303112,0,88
2833303116,4149386151,0,93
2833303123,3430413667,0,100
2833303123,2833303137,0,78
2833303123,2833303091,0,52
2833303128,7912199199,0,58
2833303128,4150576591,0,54
2833303128,2833303104,0,65
2833303128,2833303188,0,99
2833303130,2833303152,0,91
2833303130,3430413677,0,73
2833303130,12221463861,0,73
2833303135,7912199199,0,74
2833303135,3430413667,0,86
2833303135,7912199194,0,52
2833303137,2833303225,0,88
2833303137,2833303123,0,59
2833303137,2833303176,0,93
2833303138,2833303158,0,78
2833303138,2841299750,0,73
2833303138,2833303082,0,73
2833303139,2833303096,0,78
2833303139,2837285584,0,98
2833303139,2833303141,0,54
2833303139,2841299764,0,86
2833303141,2833303139,0,58
2833303141,2833303145,0,83
2833303141,2833303103,0,73
2833303144,2833303148,0,75
2833303144,2841518954,0,70
2833303144,3774435066,0,91
2833303145,2833303150,0,67
2833303145,2833303141,0,65
2833303145,2833303075,0,57
2833303148,2833303149,0,51
2833303148,2833303144,0,97
2833303148,2841299751,0,61
2833303149,2833303152,0,81
2833303149,2833303148,0,83
2833303149,3774435068,0,74
2833303150,2833303145,0,85
2833303150,2841299732,0,57
2833303150,3774500667,0,66
2833303151,2833303171,0,99
2833303151,1880443006,0,66
2833303152,2833303153,0,95
2833303152,2833303149,0,78
2833303152,2833303130,0,63
2833303153,2833303158,0,89
2833303153,2833303152,0,68
2833303153,2833303247,0,94
2833303156,2833303182,0,81
2833303158,2833303187,0,62
2833303158,2833303138,0,57
2833303158,2833303161,0,58
2833303158,2833303153,0,54
2833303161,2837583303,0,78
2833303161,2833303158,0,61
2833303161,2833303089,0,95
2833303166,2833303168,0,78
2833303166,2837583303,0,55
2833303166,2833303098,0,93
2833303168,2833303173,0,70
2833303168,2833303166,0,92
2833303168,2833303221,0,72
2833303168,2837583067,0,95
2833303171,2833303219,0,54
2833303171,2833303192,0,85
2833303171,2833303151,0,84
2833303173,2833303177,0,68
2833303173,2833303168,0,69
2833303173,2833303228,0,60
2833303175,2833303107,0,95
2833303175,2833303186,0,95
2833303175,9886604114,0,94
2833303176,2833303137,0,90
2833303176,2833303225,0,61
2833303176,7912199194,0,100
2833303177,2833303182,0,73
2833303177,2833303173,0,82
2833303177,2833303235,0,64
2833303177,2837583077,0,57
2833303182,2833303188,0,62
2833303182,2833303177,0,100
2833303182,2833303231,0,58
2833303182,2833303156,0,65
2833303186,2833303108,0,100
2833303186,4149386151,0,81
2833303186,2833303175,0,51
2833303187,2833303158,0,73
2833303187,3430413688,0,85
2833303187,2833303248,0,86
2833303188,2833303182,0,73
2833303188,2833303220,0,79
2833303188,2833303128,0,85
2833303192,2833303171,0,58
2833303192,3776117058,0,89
2833303192,6594425729,0,55
2833303206,2833303251,0,54
2833303206,3776117058,0,69
2833303206,2833303218,0,75
2833303212,2833303112,0,95
2833303212,2833303223,0,96
2833303212,4149386151,0,80
2833303213,7912102288,0,83
2833303213,2833303219,0,76
2833303213,6594425728,0,99
2833303218,2833303206,0,76
2833303218,2837285708,0,86
2833303218,3776117060,0,54
2833303219,2833303171,0,58
2833303219,2841349285,0,70
2833303219,2833303213,0,91
2833303219,3430413691,0,54
2833303220,2833303222,0,78
2833303220,2833303243,0,79
2833303220,2833303231,0,93
2833303220,2833303188,0,83
2833303221,2833303228,0,72
2833303221,2833303249,0,58
2833303221,2833303168,0,99
2833303222,7912199196,0,85
2833303222,2833303220,0,90
2833303222,7912199199,0,87
2833303223,2833303105,0,61
2833303223,2837583546,0,99
2833303223,2833303212,0,58
2833303225,7912199196,0,77
2833303225,2833303137,0,82
2833303225,2833303237,0,53
2833303225,2833303176,0,57
2833303228,2833303221,0,83
2833303228,2833303239,0,59
2833303228,2833303173,0,69
2833303231,2833303182,0,60
2833303231,2833303220,0,60
2833303231,2833303235,0,70
2833303235,2833303177,0,95
2833303235,2833303231,0,64
2833303235,2833303239,0,72
2833303237,2833303243,0,83
2833303237,4149386158,0,68
2833303237,2833303225,0,55
2833303238,2833303244,0,66
2833303238,2841349281,0,62
2833303238,3997883956,0,90
2833303239,2833303249,0,85
2833303239,2833303228,0,67
2833303239,2833303235,0,58
2833303243,2833303237,0,90
2833303243,2833303253,0,69
2833303243,2833303220,0,89
2833303244,2833303238,0,84
2833303244,2841349286,0,55
2833303244,3997883949,0,82
2833303247,3774435069,0,91
2833303247,2833303248,0,60
2833303247,2833303153,0,87
2833303248,2833303247,0,87
2833303248,4149399421,0,59
2833303248,2833303187,0,60
2833303249,2833303239,0,92
2833303249,2833303221,0,89
2833303249,4149399422,0,96
2833303251,2833303206,0,88
2833303251,3776117060,0,71
2833303251,3776117063,0,86
2833303253,2833303243,0,52
2833303255,6594425729,0,51
2833303255,3776117075,0,55
2833303255,3776117064,0,52
2833303255,3776117066,0,91
2833303262,3776117078,0,99
2833303262,7912102288,0,86
2833303262,3776117066,0,66
2833303262,2841349285,0,91
2837284092,2837284100,0,63
2837284092,2837284093,0,99
2837284092,1880441757,0,86
2837284093,2837591275,0,76
2837284093,2837284094,0,89
2837284093,2837284092,0,90
2837284093,4776756128,0,51
2837284094,4776766923,0,81
2837284094,2837580368,0,90
2837284094,2837284093,0,84
2837284096,2294633478,0,68
2837284096,2837580375,0,91
2837284098,4776766923,0,69
2837284098,2837284099,0,80
2837284099,4776756128,0,65
2837284099,1880441829,0,93
2837284100,1880441809,0,75
2837284100,1880441829,0,69
2837284100,2837284092,0,79
2837284100,4776756128,0,54
2837284901,2839149627,0,94
2837284901,2837284906,0,53
2837284901,7941870680,0,60
2837284902,2837284910,0,78
2837284902,2839149627,0,76
2837284902,2837284903,0,80
2837284903,2837284912,0,79
2837284903,2837284902,0,63
2837284903,2837284904,0,71
2837284904,2837284909,0,88
2837284904,2837284903,0,59
2837284904,2837284905,0,70
2837284905,2837284911,0,95
2837284905,2837284904,0,70
2837284905,3430413473,0,96
2837284906,2839149649,0,72
2837284906,7953240491,0,75
2837284906,2837284901,0,58
2837284907,2837284917,0,98
2837284907,3430413473,0,73
2837284907,2837284908,0,82
2837284908,2837284907,0,85
2837284908,2837284913,0,56
2837284909,2837284911,0,70
2837284909,2837284904,0,65
2837284909,2837284914,0,79
2837284910,2837284902,0,57
2837284910,3997971803,0,67
2837284910,2839149649,0,78
2837284910,7953233865,0,65
2837284911,2837284905,0,59
2837284911,2837284909,0,56
2837284911,2841299292,0,53
2837284912,2837284903,0,68
2837284912,2837284914,0,74
2837284912,3997971803,0,89
2837284913,2837284921,0,76
2837284913,2837284915,0,65
2837284913,2837284908,0,60
2837284914,2837284909,0,70
2837284914,2841299292,0,86
2837284914,2837284912,0,96
2837284914,7953233867,0,70
2837284915,2837284923,0,62
2837284915,2837284916,0,98
2837284915,2837284913,0,60
2837284916,2837284924,0,81
2837284916,6649212615,0,82
2837284916,2837284915,0,79
2837284917,2837284907,0,81
2837284917,2837284919,0,69
2837284917,2837284922,0,81
2837284919,2837284917,0,51
2837284919,2837284908,0,55
2837284919,2837284921,0,75
2837284921,2837284913,0,82
2837284921,2837284923,0,79
2837284921,2837284919,0,65
2837284922,7953233873,0,63
2837284922,2837284917,0,87
2837284922,3430413475,0,72
2837284923,2837284915,0,53
2837284923,2837284924,0,53
2837284923,2837284921,0,68
2837284924,2837284916,0,81
2837284924,2837284923,0,88
2837284924,4160437044,0,91
2837284924,6649212632,0,93
2837284924,2833127089,0,80
2837284924,3430413479,0,68
2837284926,2837284930,0,84
2837284926,2575603085,0,50
2837284926,2837284927,0,56
2837284927,2837284931,0,77
2837284927,2837284926,0,58
2837284927,2575603092,0,66
2837284928,2837284932,0,96
2837284928,2837580969,0,73
2837284928,2575603071,0,98
2837284929,2575603094,0,75
2837284929,1880442379,0,73
2837284929,2837580919,0,52
2837284929,2841299343,0,75
2837284930,2837284931,0,53
2837284930,2575603094,0,86
2837284930,2837284926,0,85
2837284930,2837581348,0,62
2837284931,2575603061,0,73
2837284931,2837284930,0,85
2837284931,2837284927,0,68
2837284931,2837284937,0,54
2837284932,2575603080,0,74
2837284932,2575603061,0,82
2837284932,2837284928,0,78
2837284932,2837284942,0,98
2837284934,7941659610,0,85
2837284934,2837284935,0,67
2837284934,2575448021,0,89
2837284935,2837284940,0,93
2837284935,2837284934,0,89
2837284935,2575448054,0,57
2837284935,2837581321,0,58
2837284937,2837284939,0,56
2837284937,2837581395,0,75
2837284937,2837581348,0,73
2837284937,2837284931,0,100
2837284939,2837284937,0,71
2837284939,2837284941,0,85
2837284939,2575603061,0,73
2837284940,2837284935,0,98
2837284940,2841299367,0,59
2837284940,2837581195,0,62
2837284941,2837284939,0,88
2837284941,2837284942,0,82
2837284941,2837284956,0,75
2837284942,2837284941,0,82
2837284942,2837284947,0,52
2837284942,2837284957,0,52
2837284942,2837284932,0,52
2837284945,2837284947,0,58
2837284945,2575448021,0,95
2837284945,2575603080,0,71
2837284945,2837284950,0,80
2837284946,3430413601,0,83
2837284947,2837284942,0,79
2837284947,2837284945,0,59
2837284947,7954413791,0,88
2837284949,2575598095,0,82
2837284949,7937080158,0,58
2837284949,3430413601,0,70
2837284950,2575448014,0,89
2837284950,7954413791,0,70
2837284950,2837284945,0,60
2837284950,3430413603,0,75
2837284954,3430413603,0,89
2837284955,2837581637,0,97
2837284955,2837284956,0,69
2837284955,2837581395,0,87
2837284956,2837284941,0,71
2837284956,2837284955,0,82
2837284956,2837284957,0,82
2837284957,2837284942,0,84
2837284957,2837284956,0,81
2837284957,2837581615,0,95
2837284959,2837581615,0,86
2837284959,7954413791,0,69
2837284959,2837284964,0,80
2837284961,7941659628,0,51
2837284961,2837284965,0,73
2837284961,2575448058,0,71
2837284962,2575448014,0,93
2837284962,3430413603,0,57
2837284962,2837581636,0,76
2837284963,2841299370,0,87
2837284964,3430413603,0,69
2837284964,2837581629,0,100
2837284964,2837284959,0,96
2837284965,2841299375,0,94
2837284965,2837581673,0,90
2837284965,2837284961,0,51
2837284969,2837581653,0,88
2837284969,2837581676,0,80
2837284969,2837581637,0,66
2837284969,2837581615,0,91
2837284972,2837581638,0,100
2837284972,2837581677,0,99
2837284972,2841299375,0,87
2837284973,2837581653,0,86
2837284973,2837581643,0,64
2837284973,2837581663,0,96
2837284977,2837284980,0,53
2837284977,2837581663,0,87
2837284977,2837581699,0,80
2837284978,2837284982,0,60
2837284978,7954316532,0,83
2837284978,2837581637,0,90
2837284980,2837581805,0,96
2837284980,2837581679,0,89
2837284980,2837284977,0,99
2837284982,2837581676,0,74
2837284982,2837284978,0,59
2837284982,2837581808,0,93
2837284983,1880442501,0,65
2837284983,2837285104,0,52
2837284983,2837284993,0,86
2837284985,2837581699,0,94
2837284985,2837581810,0,57
2837284985,2575448015,0,62
2837284989,2837285108,0,51
2837284989,2575598095,0,78
2837284989,2837285103,0,70
2837284990,2837581819,0,76
2837284993,2837284996,0,59
2837284993,2575611211,0,76
2837284993,2837284983,0,94
2837284995,2837285107,0,63
2837284995,2575611209,0,76
2837284996,2841299504,0,82
2837284996,2837284993,0,99
2837284996,2841299399,0,89
2837284997,2837285137,0,80
2837284997,2837284995,0,97
2837285101,2837285119,0,96
2837285102,2837582029,0,53
2837285102,2837284997,0,95
2837285103,2837285106,0,58
2837285103,2837284989,0,83
2837285103,7916513422,0,63
2837285104,2575611209,0,85
2837285104,2575611211,0,70
2837285104,2837285107,0,92
2837285104,2837284983,0,80
2837285105,2837285102,0,83
2837285105,2837285145,0,74
2837285106,3430413620,0,70
2837285106,2837285110,0,61
2837285106,2837285103,0,79
2837285107,2837285104,0,84
2837285107,2837284995,0,71
2837285107,2837285122,0,84
2837285108,8837863286,0,72
2837285108,2837284989,0,93
2837285108,9781557109,0,99
2837285110,2837285119,0,96
2837285110,2837285106,0,93
2837285110,7916513421,0,91
2837285113,2837285130,0,94
2837285116,2575611211,0,66
2837285116,2837285128,0,89
2837285116,2837285122,0,80
2837285119,2837285110,0,62
2837285119,2837285101,0,65
2837285119,3773464298,0,67
2837285122,2837285116,0,85
2837285122,2837285107,0,69
2837285122,2837285136,0,64
2837285123,2837581891,0,69
2837285123,2837582052,0,99
2837285123,2841299528,0,68
2837285123,2837582069,0,95
2837285125,2837285135,0,63
2837285128,2837285116,0,94
2837285128,2575611208,0,95
2837285128,7954368310,0,81
2837285130,2837285135,0,70
2837285130,7915991493,0,80
2837285130,2837285113,0,72
2837285131,2575608300,0,85
2837285131,2841299524,0,100
2837285131,2841299501,0,96
2837285131,2837285138,0,67
2837285134,2575611208,0,68
2837285134,3430413629,0,57
2837285134,7954368311,0,86
2837285135,2837285147,0,93
2837285135,2837285130,0,84
2837285135,2837285125,0,74
2837285135,7915820448,0,75
2837285136,2837285137,0,72
2837285136,2837285122,0,99
2837285136,2575611208,0,59
2837285137,2837285136,0,68
2837285137,2837582060,0,52
2837285137,2837284997,0,68
2837285138,2837285131,0,95
2837285138,2575608308,0,55
2837285138,3430413627,0,72
2837285141,3773264239,0,78
2837285141,2837285174,0,91
2837285141,3773264251,0,66
2837285142,3430413635,0,97
2837285142,2837285149,0,80
2837285142,3430413620,0,63
2837285143,2837582060,0,62
2837285143,2837285145,0,84
2837285143,2837582029,0,67
2837285145,2837285143,0,85
2837285145,2837582074,0,94
2837285145,2837285105,0,67
2837285146,7912298356,0,58
2837285146,2837285165,0,56
2837285146,7912298359,0,89
2837285147,2837285135,0,97
2837285147,2837285154,0,87
2837285147,3773265059,0,65
2837285148,2837285176,0,65
2837285148,7916513453,0,53
2837285149,2837285151,0,92
2837285149,2837285142,0,83
2837285149,2837285178,0,64
2837285150,2837285165,0,90
2837285150,7912877631,0,64
2837285151,3430413640,0,53
2837285151,2837285156,0,56
2837285151,2837285149,0,76
2837285154,2837285164,0,71
2837285154,3430413636,0,95
2837285154,2837285147,0,80
2837285156,3430413642,0,56
2837285156,2837285161,0,93
2837285156,2837285151,0,99
2837285158,7954366863,0,58
2837285158,3430413638,0,50
2837285158,2837582073,0,85
2837285159,3430413630,0,60
2837285159,2841299545,0,76
2837285159,3773464344,0,91
2837285159,3773464335,0,80
2837285161,2837285156,0,80
2837285161,2837285190,0,91
2837285161,3773464299,0,62
2837285164,12361439953,0,98
2837285164,2837285154,0,68
2837285164,2837285181,0,70
2837285164,12455029011,0,68
2837285165,2837285150,0,91
2837285165,7912298357,0,53
2837285165,2837285179,0,99
2837285165,2837285146,0,55
2837285166,3773265062,0,91
2837285166,2283890944,0,86
2837285166,7915820448,0,64
2837285167,2575608314,0,84
2837285167,2837285177,0,97
2837285167,3430413633,0,96
2837285169,2837285184,0,52
2837285169,1880442607,0,61
2837285169,2837285242,0,76
2837285170,3773464342,0,61
2837285172,3430413633,0,52
2837285172,2837285177,0,75
2837285172,3430413634,0,100
2837285174,8831250725,0,81
2837285174,3773265063,0,61
2837285174,2837285141,0,97
2837285176,2837285148,0,68
2837285176,2837285185,0,52
2837285176,3773464471,0,50
2837285177,2575611212,0,69
2837285177,2837285172,0,86
2837285177,2837285167,0,88
2837285178,2837285149,0,56
2837285178,3430413635,0,71
2837285178,3430413640,0,68
2837285178,2837285216,0,79
2837285179,2837285191,0,91
2837285179,2837285165,0,84
2837285179,2837285198,0,83
2837285181,3430413636,0,81
2837285181,2837285201,0,58
2837285181,2837285164,0,82
2837285184,2837285211,0,79
2837285184,2837285169,0,67
2837285184,2833301291,0,62
2837285184,2837582091,0,57
2837285185,2837285176,0,71
2837285185,2837285199,0,60
2837285185,3430413647,0,96
2837285188,3773464457,0,79
2837285188,2841299576,0,91
2837285188,3773464344,0,66
2837285189,7912298357,0,95
2837285189,2837285191,0,61
2837285189,7912298359,0,50
2837285190,3430413642,0,97
2837285190,2837285213,0,71
2837285190,2837285161,0,100
2837285190,2837285223,0,68
2837285191,2837285179,0,86
2837285191,2837285189,0,93
2837285191,2837285226,0,98
2837285195,2837285206,0,62
2837285195,2841299586,0,61
2837285195,2837285202,0,89
2837285198,7912877631,0,90
2837285198,7912298346,0,75
2837285198,2837285179,0,77
2837285199,2837285185,0,82
2837285199,2837285214,0,70
2837285199,2283890945,0,55
2837285199,2837285272,0,75
2837285200,3773464356,0,92
2837285200,3773464349,0,56
2837285200,3773464461,0,61
2837285201,3430413643,0,58
2837285201,2837285230,0,80
2837285201,2837285181,0,70
2837285201,7916210902,0,65
2837285202,2837582285,0,50
2837285202,2837285195,0,66
2837285202,2837285218,0,74
2837285205,2837285216,0,65
2837285205,3773464457,0,78
2837285205,3430413635,0,98
2837285205,2837285294,0,67
2837285206,2837285195,0,71
2837285206,2837582503,0,69
2837285206,2837285220,0,87
2837285208,3430413643,0,96
2837285208,2837285230,0,86
2837285209,3773464468,0,50
2837285209,3773464352,0,66
2837285209,3773464462,0,91
2837285211,2837285247,0,73
2837285211,2837285184,0,94
2837285211,2833301297,0,65
2837285211,2837582222,0,53
2837285211,4150840515,0,92
2837285213,3773464342,0,57
2837285213,2837285190,0,79
2837285213,2837285225,0,69
2837285214,2837285286,0,60
2837285214,2837285199,0,75
2837285214,2837285229,0,93
2837285216,2837285205,0,82
2837285216,7915991508,0,95
2837285216,2837285298,0,99
2837285216,2837285178,0,69
2837285218,7916815893,0,94
2837285218,2837582298,0,57
2837285218,2837285202,0,90
2837285220,2841299582,0,68
2837285220,2841299604,0,73
2837285220,2837285206,0,89
2837285221,3773464461,0,64
2837285221,3773464470,0,64
2837285221,7916578170,0,58
2837285223,2837285243,0,80
2837285223,2837285190,0,59
2837285223,2837285258,0,79
2837285225,7916286640,0,97
2837285225,3773464480,0,88
2837285225,2837285213,0,73
2837285225,3773464471,0,76
2837285226,7912298346,0,94
2837285226,2837285191,0,85
2837285226,2837285242,0,80
2837285226,3430413648,0,98
2837285229,3773265097,0,84
2837285229,2837285214,0,92
2837285229,3430413644,0,63
2837285230,2837285201,0,98
2837285230,3430413649,0,65
2837285231,2837285255,0,93
2837285231,3773464356,0,98
2837285231,2837285256,0,88
2837285232,2837285245,0,100
2837285232,7915991508,0,55
2837285232,2837285404,0,83
2837285239,2841299582,0,78
2837285239,2841299607,0,83
2837285239,2837285251,0,95
2837285242,2833301291,0,73
2837285242,2837285169,0,54
2837285242,2841299620,0,86
2837285242,2837285226,0,57
2837285243,2837285223,0,53
2837285244,3773464471,0,85
2837285244,3430413647,0,82
2837285244,3773464509,0,62
2837285245,2837285232,0,86
2837285245,2837285258,0,84
2837285245,2837285412,0,59
2837285245,3430413642,0,60
2837285246,2837582298,0,70
2837285246,2837582526,0,83
2837285246,2837582285,0,78
2837285246,2837285287,0,57
2837285247,2837285211,0,93
2837285247,2833301298,0,63
2837285247,4150840579,0,95
2837285247,2837285582,0,87
2837285251,2841299602,0,81
2837285251,2841299612,0,55
2837285251,2837285239,0,82
2837285252,7941892818,0,78
2837285252,2837582279,0,53
2837285252,2837582533,0,79
2837285255,2837285231,0,58
2837285255,2837285274,0,82
2837285255,2837285402,0,76
2837285256,2837285274,0,79
2837285256,3773464470,0,86
2837285256,2837285231,0,53
2837285258,2837285245,0,85
2837285258,2837285223,0,79
2837285258,2837285270,0,93
2837285258,3773464476,0,69
2837285260,7941892818,0,96
2837285260,2575622003,0,51
2837285260,2575615514,0,75
2837285265,2837582285,0,66
2837285265,2837285277,0,50
2837285265,2837582503,0,97
2837285270,2837285258,0,63
2837285271,2837285295,0,87
2837285271,7222567539,0,54
2837285271,2837582537,0,52
2837285271,2837582520,0,77
2837285272,3430413647,0,72
2837285272,7915991505,0,94
2837285272,2837285199,0,54
2837285272,2837285286,0,84
2837285274,2837285255,0,53
2837285274,2837285292,0,54
2837285274,2837285256,0,80
2837285274,2837285294,0,52
2837285277,2837285265,0,68
2837285277,2837285287,0,76
2837285277,2837285290,0,61
2837285283,3001634734,0,99
2837285283,2837582539,0,58
2837285283,10267081535,0,99
2837285286,2837285214,0,91
2837285286,2837285272,0,96
2837285286,2837285296,0,91
2837285287,2837582579,0,76
2837285287,2837285277,0,73
2837285287,2837285246,0,74
2837285289,3773265097,0,78
2837285289,2837285296,0,74
2837285289,2837285438,0,74
2837285290,2841299604,0,55
2837285290,2837285277,0,93
2837285290,2841299622,0,92
2837285290,2837285459,0,84
2837285292,7942215923,0,58
2837285292,2837285419,0,91
2837285292,2837285274,0,72
2837285294,2837285432,0,57
2837285294,2837285205,0,61
2837285294,2837285274,0,84
2837285294,2837285298,0,75
2837285295,2837582566,0,83
2837285295,2837285421,0,58
2837285295,2837285271,0,96
2837285295,2837582550,0,64
2837285296,2837285289,0,50
2837285296,2837285286,0,98
2837285296,3975280055,0,51
2837285297,2837582550,0,69
2837285297,2837285413,0,79
2837285297,2837285420,0,93
2837285298,2837285404,0,96
2837285298,3773464485,0,84
2837285298,2837285294,0,77
2837285298,2837285216,0,84
2837285299,2841299610,0,74
2837285299,2841299622,0,64
2837285299,2841299628,0,65
2837285402,2837285424,0,79
2837285402,2837285408,0,72
2837285402,2837285255,0,59
2837285404,2837285232,0,67
2837285404,2837285412,0,62
2837285404,2837285298,0,96
2837285408,2837285402,0,98
2837285408,2837285419,0,57
2837285408,3773464488,0,52
2837285408,11586877946,0,92
2837285409,7942215923,0,76
2837285410,2837285499,0,89
2837285410,2841299612,0,99
2837285410,2841299628,0,51
2837285410,2841299636,0,65
2837285411,3773265107,0,63
2837285411,3773265174,0,54
2837285412,3430413654,0,56
2837285412,2837285245,0,88
2837285412,1880442901,0,52
2837285412,2837285404,0,78
2837285413,2837285297,0,88
2837285413,2837285463,0,93
2837285413,2837582590,0,95
2837285416,2841299627,0,53
2837285419,2837285408,0,65
2837285419,2837285441,0,97
2837285419,2837285292,0,52
2837285420,2837285297,0,75
2837285420,2837285447,0,78
2837285420,2837582589,0,64
2837285421,2837582589,0,84
2837285421,2837582596,0,63
2837285421,2837285449,0,98
2837285421,2837285295,0,99
2837285424,2837285402,0,53
2837285424,2837285433,0,58
2837285424,2837285514,0,82
2837285425,2837582590,0,68
2837285425,2837285479,0,64
2837285425,2837285439,0,96
2837285426,2837285483,0,86
2837285426,7915991507,0,70
2837285426,3773265220,0,86
2837285427,2837285448,0,88
2837285427,1880442901,0,99
2837285427,2837285462,0,93
2837285432,2837285294,0,70
2837285432,8852126373,0,65
2837285432,3773464494,0,69
2837285432,13604600298,0,59
2837285433,2837285424,0,92
2837285433,3773464500,0,83
2837285433,3773464488,0,64
2837285437,2837285464,0,76
2837285437,7916811384,0,69
2837285437,8386719319,0,67
2837285438,660700031,0,53
2837285438,2837285289,0,85
2837285439,2837285446,0,87
2837285439,3430413657,0,97
2837285439,2837285425,0,61
2837285441,3773464488,0,90
2837285441,3773464490,0,93
2837285441,3773464492,0,77
2837285441,2837285419,0,85
2837285446,2837285439,0,81
2837285446,2837285456,0,53
2837285446,2837582593,0,72
2837285447,2837285420,0,91
2837285447,2837285453,0,92
2837285447,2837582718,0,74
2837285448,2837285427,0,100
2837285449,2837582718,0,83
2837285449,2837582721,0,70
2837285449,2837582740,0,94
2837285449,2837285421,0,76
2837285453,2837285447,0,76
2837285453,2837285463,0,59
2837285453,7915731640,0,69
2837285456,2837285446,0,74
2837285456,2837285459,0,61
2837285456,3430413658,0,98
2837285457,2837582738,0,84
2837285457,2837582759,0,80
2837285459,2837285456,0,65
2837285459,2837285469,0,64
2837285459,2837285290,0,69
2837285462,3430413654,0,95
2837285462,2837285427,0,59
2837285462,2837285475,0,79
2837285463,2837285413,0,53
2837285463,2837285500,0,85
2837285463,2837285479,0,76
2837285463,2837285453,0,76
2837285464,8375367231,0,85
2837285464,2837285437,0,83
2837285464,2837285492,0,58
2837285466,2837285535,0,74
2837285466,2837285532,0,65
2837285466,2841299685,0,66
2837285469,2837285459,0,63
2837285469,2837285478,0,71
2837285469,7916815888,0,91
2837285470,7916815899,0,55
2837285470,13393769913,0,78
2837285471,2837285480,0,73
2837285471,2841299682,0,55
2837285471,2575638639,0,84
2837285475,7916066556,0,96
2837285475,2837285462,0,62
2837285475,3773464511,0,53
2837285477,2837582740,0,67
2837285478,2837285469,0,74
2837285478,2837285547,0,93
2837285478,2841299622,0,88
2837285479,2837285507,0,88
2837285479,2837285425,0,52
2837285479,3430413657,0,54
2837285479,2837285463,0,62
2837285480,2837582744,0,98
2837285480,2837582738,0,87
2837285480,2837285471,0,96
2837285483,2837285438,0,92
2837285483,2837285426,0,85
2837285488,3773464505,0,63
2837285488,3773464518,0,80
2837285488,2837285546,0,63
2837285491,3430413654,0,71
2837285491,8852126370,0,69
2837285491,3773464511,0,50
2837285492,8375367234,0,63
2837285492,2837285464,0,62
2837285492,2837285519,0,97
2837285494,3773464497,0,57
2837285494,3773464510,0,97
2837285494,7916178298,0,98
2837285497,2837285524,0,80
2837285497,2837285520,0,65
2837285497,3773464500,0,94
2837285499,2837285410,0,88
2837285499,7916755422,0,95
2837285499,2841299742,0,63
2837285500,2837285507,0,75
2837285500,2837285463,0,65
2837285500,7915731637,0,85
2837285506,7916755422,0,70
2837285506,7916755425,0,99
2837285506,7916755420,0,68
2837285506,2841299647,0,74
2837285507,2837285516,0,79
2837285507,2837285500,0,84
2837285507,2837285531,0,91
2837285507,2837285479,0,72
2837285508,2575636333,0,69
2837285508,2575636015,0,66
2837285508,2575636013,0,73
2837285509,2837582766,0,82
2837285509,2837285521,0,81
2837285509,2841299689,0,79
2837285511,7916815888,0,56
2837285513,2575636335,0,96
2837285513,2575636011,0,80
2837285513,2837285550,0,98
2837285514,3773464524,0,70
2837285514,2837285524,0,63
2837285514,2837285424,0,73
2837285515,2575636011,0,70
2837285515,2575636014,0,76
2837285515,2837285555,0,52
2837285516,2837285507,0,86
2837285516,2837285525,0,64
2837285516,3430413657,0,97
2837285516,7916755430,0,59
2837285517,2837285523,0,51
2837285517,7915612555,0,66
2837285517,3430413651,0,85
2837285519,2837285558,0,87
2837285519,2837285492,0,87
2837285519,7916755425,0,96
2837285519,2841299717,0,76
2837285520,3430413665,0,68
2837285520,2837285497,0,59
2837285520,3773464510,0,62
2837285520,2837285553,0,71
2837285521,2837285545,0,64
2837285521,2837285509,0,74
2837285521,2837582777,0,86
2837285523,3773265228,0,65
2837285523,2837285517,0,81
2837285523,7915677705,0,85
2837285524,2837285497,0,91
2837285524,2837285514,0,93
2837285524,2837285527,0,71
2837285525,3430413658,0,66
2837285525,2837285547,0,98
2837285525,2837285516,0,81
2837285526,2837285565,0,96
2837285526,3773464518,0,91
2837285526,7916178309,0,97
2837285527,2837285551,0,81
2837285527,2837285524,0,79
2837285527,3430413665,0,60
2837285528,2837285572,0,96
2837285528,7916815900,0,100
2837285528,2833303070,0,72
2837285531,7915731637,0,60
2837285531,7916755430,0,58
2837285531,2837285507,0,96
2837285532,2837285581,0,84
2837285532,2837285535,0,81
2837285532,7916815900,0,61
2837285532,2837285466,0,84
2837285534,2837582766,0,91
2837285534,2837285545,0,53
2837285534,7942133096,0,83
2837285535,2837285466,0,52
2837285535,2837285584,0,54
2837285535,2833303096,0,92
2837285535,2837285532,0,53
2837285537,3773464532,0,98
2837285537,3773464524,0,50
2837285537,2837285551,0,76
2837285537,3773464525,0,58
2837285539,2837582798,0,90
2837285539,9580061271,0,64
2837285540,2837582777,0,54
2837285540,2837583015,0,95
2837285540,2837285559,0,59
2837285541,3430413664,0,50
2837285541,7916178298,0,63
2837285541,2837285553,0,82
2837285543,13930685861,0,79
2837285543,8375367233,0,73
2837285543,13930685867,0,53
2837285543,7916755416,0,89
2837285545,2837285521,0,90
2837285545,2837583004,0,92
2837285545,2837285534,0,89
2837285545,7958490209,0,80
2837285546,3773265220,0,92
2837285546,2837285488,0,81
2837285547,2837285562,0,51
2837285547,2837285525,0,50
2837285547,2837285478,0,84
2837285548,9781557108,0,85
2837285548,3430413664,0,76
2837285548,2837285597,0,50
2837285548,3773464522,0,51
2837285550,2837285555,0,83
2837285550,2575636012,0,96
2837285550,2837285513,0,67
2837285550,2837285590,0,84
2837285551,2837285527,0,68
2837285551,2837285569,0,51
2837285551,2837285537,0,82
2837285551,3430413673,0,94
2837285552,2837583001,0,93
2837285552,2837285602,0,77
2837285552,2837582790,0,61
2837285553,2837285541,0,56
2837285553,2837285578,0,56
2837285553,2837285520,0,83
2837285554,2837285591,0,59
2837285554,7916178309,0,65
2837285554,3773464533,0,62
2837285555,2575636016,0,89
2837285555,2837285550,0,83
2837285555,2837285594,0,66
2837285555,2837285515,0,72
2837285558,2837285519,0,67
2837285558,2837285570,0,100
2837285558,2841299740,0,75
2837285559,2837583004,0,55
2837285559,2837285540,0,73
2837285559,2837583034,0,75
2837285561,2837285571,0,79
2837285561,3773464532,0,86
2837285561,3430413673,0,65
2837285562,2841299742,0,94
2837285562,2837285547,0,64
2837285562,7916755430,0,69
2837285563,2837285593,0,93
2837285563,3430413665,0,55
2837285563,2837285578,0,91
2837285565,2837285546,0,91
2837285565,2837285526,0,98
2837285569,3430413665,0,52
2837285569,3430413680,0,55
2837285569,2837285551,0,75
2837285569,2837285593,0,74
2837285570,2837285558,0,74
2837285571,2837285601,0,85
2837285571,2837285561,0,80
2837285571,2837285587,0,53
2837285572,2837285581,0,90
2837285572,2841299755,0,50
2837285572,2837285528,0,94
2837285572,2841299758,0,60
2837285574,2837285577,0,55
2837285574,7942020317,0,81
2837285574,7942020320,0,77
2837285575,7942133097,0,91
2837285577,2837285574,0,100
2837285577,2837583014,0,71
2837285577,2837285583,0,86
2837285578,2837285563,0,56
2837285578,2837285553,0,83
2837285578,2837285595,0,52
2837285579,3773464533,0,64
2837285579,3773464539,0,63
2837285579,2837285609,0,94
2837285580,4154777085,0,86
2837285580,13930685861,0,80
2837285580,13930685860,0,67
2837285581,2837285572,0,52
2837285581,2837285584,0,54
2837285581,2841299762,0,93
2837285581,2837285532,0,67
2837285582,7958490209,0,84
2837285582,2837583017,0,86
2837285582,2837285247,0,92
2837285583,2575636012,0,52
2837285583,2837285590,0,61
2837285583,2837285577,0,70
2837285583,2837583088,0,51
2837285584,2837285581,0,63
2837285584,2833303139,0,87
2837285584,2837285535,0,59
2837285584,2841299763,0,98
2837285587,3430413673,0,95
2837285587,2837285599,0,75
2837285587,2837285571,0,54
2837285587,2837285614,0,69
2837285588,3773265234,0,60
2837285588,3430413674,0,86
2837285588,2837285598,0,65
2837285588,2837285626,0,86
2837285590,2837285594,0,74
2837285590,2837285550,0,93
2837285590,2837583307,0,84
2837285590,2837285583,0,71
2837285591,3773464535,0,74
2837285591,2837285554,0,98
2837285593,2837285563,0,97
2837285593,3773464547,0,58
2837285593,2837285569,0,100
2837285594,2575637109,0,94
2837285594,2837285590,0,96
2837285594,2837285555,0,55
2837285594,2837583320,0,82
2837285595,2837285596,0,97
2837285595,2837285578,0,72
2837285595,3773464547,0,53
2837285596,3430413664,0,56
2837285596,2837285595,0,77
2837285596,2837285597,0,64
2837285597,2837285596,0,54
2837285597,2837285604,0,71
2837285597,2837285548,0,88
2837285598,2837285588,0,99
2837285598,3773265232,0,89
2837285598,2837285632,0,88
2837285599,3773464540,0,75
2837285599,2837285624,0,99
2837285599,3773464548,0,70
2837285599,2837285587,0,51
2837285601,3773464551,0,90
2837285601,2837285571,0,67
2837285601,2837285614,0,100
2837285602,2837583074,0,78
2837285602,2837583362,0,81
2837285602,2837285552,0,64
2837285602,2837582798,0,72
2837285604,2837285597,0,85
2837285604,2837285633,0,74
2837285604,3773464539,0,77
2837285609,2837285591,0,61
2837285609,2837285579,0,93
2837285613,3430413680,0,87
2837285613,3430413686,0,92
2837285613,3773464562,0,74
2837285613,3773464548,0,55
2837285614,2837285601,0,99
2837285614,2837285624,0,89
2837285614,2837285587,0,68
2837285615,7912298330,0,65
2837285615,2837285621,0,95
2837285615,7942133122,0,54
2837285618,2841299757,0,55
2837285620,2841299754,0,67
2837285620,2841299764,0,59
2837285620,2841518963,0,74
2837285621,2837285662,0,95
2837285621,2837285627,0,100
2837285621,2837285615,0,90
2837285622,2837285645,0,59
2837285622,7915612557,0,97
2837285622,2837285626,0,74
2837285622,3430413674,0,70
2837285623,7954368027,0,73
2837285623,2837583307,0,56
2837285623,3430413684,0,55
2837285624,2837285599,0,50
2837285624,2837285614,0,69
2837285624,3773464571,0,78
2837285625,3430413693,0,73
2837285626,2837285658,0,98
2837285626,2837285622,0,67
2837285626,2837285632,0,56
2837285626,2837285588,0,58
2837285627,2837285677,0,55
2837285627,7942133125,0,61
2837285627,2837285621,0,77
2837285629,3773464547,0,78
2837285629,3773464576,0,85
2837285629,2837285647,0,85
2837285630,7954368045,0,82
2837285630,7954368305,0,76
2837285632,2837285663,0,56
2837285632,2837285626,0,51
2837285632,2837285639,0,55
2837285632,2837285598,0,72
2837285633,2837285609,0,85
2837285633,2837285604,0,55
2837285634,2837583344,0,88
2837285634,2837583399,0,88
2837285634,2837285710,0,100
2837285635,2837583520,0,70
2837285635,2837583399,0,74
2837285635,2837583399,1,50
2837285635,2837583359,0,68
2837285636,2837285659,0,76
2837285638,2837285645,0,74
2837285638,7915612558,0,99
2837285639,3773265238,0,55
2837285639,2837285712,0,96
2837285639,2837285632,0,85
2837285639,2837285642,0,65
2837285642,2837285726,0,86
2837285642,2837285639,0,83
2837285642,3773265247,0,60
2837285642,3773265289,0,93
2837285645,2837285622,0,74
2837285645,2837285658,0,60
2837285645,2837285638,0,58
2837285647,3430413689,0,67
2837285647,2837285629,0,69
2837285647,2837285713,0,67
2837285648,3773464587,0,81
2837285650,2575638633,0,59
2837285650,2837583362,0,54
2837285650,7954368045,0,60
2837285653,2837285662,0,77
2837285653,2837583529,0,67
2837285653,2837583502,0,76
2837285654,2837285696,0,69
2837285654,1880443063,0,80
2837285655,3773464584,0,100
2837285655,2837285687,0,54
2837285655,9645579397,0,73
2837285655,3773464559,0,66
2837285656,2837583505,0,65
2837285656,7927736472,0,96
2837285656,3773464551,0,90
2837285656,3773464587,0,81
2837285658,2837285626,0,88
2837285658,2837285663,0,89
2837285658,2837285645,0,62
2837285659,2837285636,0,79
2837285659,2837285633,0,56
2837285661,3774429798,0,58
2837285661,3430413689,0,69
2837285661,3430413698,0,50
2837285662,2837285653,0,75
2837285662,2837285677,0,71
2837285662,2837285727,0,89
2837285662,2837285621,0,74
2837285663,2837285632,0,71
2837285663,2837285667,0,78
2837285663,2837285658,0,71
2837285664,2837583563,0,77
2837285664,2837583526,0,91
2837285664,2837583524,0,88
2837285666,3430413693,0,58
2837285666,3773265289,0,69
2837285666,2837285741,0,70
2837285667,2837285663,0,88
2837285671,2837583544,0,94
2837285672,2882561409,0,62
2837285672,2837285682,0,80
2837285672,7915612558,0,70
2837285674,2837285733,0,61
2837285674,2841299774,0,75
2837285675,3774429799,0,70
2837285676,2837583532,0,68
2837285676,2837583559,0,97
2837285676,2837583584,0,94
2837285677,2837285662,0,90
2837285677,2837285686,0,81
2837285677,2837583575,0,86
2837285677,2837285627,0,100
2837285678,2837285696,0,65
2837285678,2837583580,0,70
2837285680,2837583558,0,74
2837285682,2882561410,0,67
2837285682,2837285703,0,100
2837285682,2837285672,0,75
2837285683,2837583562,0,73
2837285683,2841299760,0,57
2837285683,2837583703,0,86
2837285685,2837583562,0,62
2837285685,2837285695,0,87
2837285685,3430413702,0,84
2837285686,2837285677,0,61
2837285686,2837285714,0,93
2837285686,2837583520,0,99
2837285686,2837583597,0,85
2837285687,7915612560,0,51
2837285687,2837285655,0,96
2837285687,2837285659,0,79
2837285689,2837583706,0,95
2837285689,2837583511,0,63
2837285689,2837583589,0,78
2837285689,2837583559,0,68
2837285691,7927123904,0,94
2837285691,2837285707,0,54
2837285691,7916755416,0,100
2837285692,2837285714,0,100
2837285692,2837583577,0,76
2837285692,2837583555,0,93
2837285695,2837285685,0,81
2837285695,2837583574,0,58
2837285695,2837583768,0,90
2837285696,2837285654,0,69
2837285696,2837285678,0,65
2837285696,2841299777,0,66
2837285696,2837583598,0,92
2837285697,3773196886,0,59
2837285697,3773196881,0,95
2837285697,3773265284,0,77
2837285699,2837583574,0,100
2837285699,2837583554,0,74
2837285699,3430413703,0,54
2837285703,2837285758,0,78
2837285703,2837285712,0,88
2837285703,2837285682,0,80
2837285707,2837285716,0,87
2837285707,2837285858,0,75
2837285707,2837285691,0,84
2837285708,3776117065,0,82
2837285708,2833303218,0,94
2837285708,2837285717,0,76
2837285710,2837583577,0,84
2837285710,2837583713,0,52
2837285710,2837285634,0,100
2837285711,2837285687,0,73
2837285711,7907983063,0,94
2837285712,2837285639,0,84
2837285712,2837285722,0,88
2837285712,2837285703,0,90
2837285713,3430413696,0,55
2837285713,2837285756,0,56
2837285713,2837285647,0,99
2837285714,2837285765,0,65
2837285714,2837285686,0,92
2837285714,2837285692,0,92
2837285714,2837285729,0,72
2837285716,2837285728,0,60
2837285716,2837285707,0,91
2837285716,2837285850,0,89
2837285717,3776117072,0,52
2837285717,2837285708,0,86
2837285717,3776117061,0,91
2837285719,7950757466,0,93
2837285719,2837285731,0,91
2837285720,2837285734,0,75
2837285720,2837583563,0,98
2837285720,12584370382,0,71
2837285721,2837285745,0,100
2837285721,3430413697,0,77
2837285721,2837583583,0,56
2837285722,2837285774,0,50
2837285722,2837285726,0,56
2837285722,2837285712,0,66
2837285725,3774429801,0,64
2837285726,2837285642,0,82
2837285726,2837285735,0,97
2837285726,2837285722,0,83
2837285727,2837285662,0,85
2837285727,2837285730,0,87
2837285727,2837583589,0,94
2837285728,2837285716,0,86
2837285728,2837285857,0,64
2837285728,3776117061,0,78
2837285729,2837285746,0,73
2837285729,2837285714,0,75
2837285729,2841518977,0,79
2837285730,2837285803,0,99
2837285730,2837583714,0,93
2837285730,2837285727,0,87
2837285731,2837583719,0,94
2837285731,2837285755,0,82
2837285733,2837285737,0,59
2837285733,2837285674,0,72
2837285733,2841299777,0,51
2837285734,12896546073,0,80
2837285734,2837583717,0,56
2837285734,2837285720,0,68
2837285734,2837583524,0,76
2837285735,3773196903,0,55
2837285735,2837285741,0,57
2837285735,2837285726,0,96
2837285737,2837583720,0,59
2837285737,2837583732,0,72
2837285737,2837285733,0,69
2837285739,2837285794,0,71
2837285739,2837285745,0,79
2837285739,2837583581,0,100
2837285741,2837285666,0,63
2837285741,2837285751,0,83
2837285741,2837285735,0,80
2837285743,3776117068,0,72
2837285743,2837285752,0,80
2837285743,12856697838,0,56
2837285745,2837285739,0,78
2837285745,2837583727,0,96
2837285745,2837285721,0,94
2837285745,2837583796,0,78
2837285746,2841518981,0,70
2837285746,2837285729,0,54
2837285746,2837285784,0,69
2837285747,3773056279,0,52
2837285747,2837285764,0,95
2837285747,2837583584,0,57
2837285751,2837285777,0,51
2837285751,2837285753,0,71
2837285751,2837285741,0,91
2837285752,2837285743,0,56
2837285753,3430413693,0,93
2837285753,3773196914,0,60
2837285753,2837285751,0,97
2837285754,2837583597,0,65
2837285754,3773056156,0,83
2837285754,2837583714,0,61
2837285755,7928057110,0,85
2837285755,2837285782,0,60
2837285756,2837285713,0,71
2837285756,2837285776,0,85
2837285756,3773464587,0,77
2837285758,2837285774,0,79
2837285758,2882561410,0,64
2837285758,2882561411,0,75
2837285758,2837285703,0,90
2837285759,2837285821,0,61
2837285764,2837583706,0,61
2837285764,7919609023,0,90
2837285764,2837285747,0,92
2837285764,3773056263,0,77
2837285765,2837285714,0,75
2837285765,2841518988,0,51
2837285765,2837285784,0,97
2837285765,3773056156,0,89
2837285766,2837285815,0,62
2837285768,2837285809,0,78
2837285769,7927786595,0,87
2837285769,7927736472,0,77
2837285769,7927786600,0,74
2837285771,2837583748,0,50
2837285771,2841518992,0,95
2837285771,2841518977,0,63
2837285771,2841518981,0,63
2837285772,2837583742,0,67
2837285772,2837583761,0,98
2837285772,2837583773,0,95
2837285773,2837285783,0,100
2837285774,2882561412,0,54
2837285774,2837285722,0,86
2837285774,3773196926,0,56
2837285774,2837285758,0,84
2837285775,2841299778,0,61
2837285776,2837285756,0,73
2837285776,7907460693,0,70
2837285776,2837285785,0,62
2837285777,2837285810,0,79
2837285777,2837285751,0,57
2837285777,2837285808,0,66
2837285778,2837285781,0,92
2837285778,2837583719,0,81
2837285778,2837583745,0,83
2837285781,2837583774,0,90
2837285781,2837583785,0,70
2837285781,2837285778,0,88
2837285782,7928057108,0,74
2837285782,2837285819,0,89
2837285783,3776117068,0,75
2837285783,3776117079,0,87
2837285783,2837285792,0,57
2837285783,2837285773,0,72
2837285784,2841518987,0,72
2837285784,2837285765,0,79
2837285784,2837285746,0,89
2837285785,3430413696,0,61
2837285785,7907460704,0,93
2837285785,2837285776,0,95
2837285785,2837285801,0,69
2837285786,2837285804,0,89
2837285788,2837583782,0,87
2837285788,7928057108,0,55
2837285788,7928057110,0,93
2837285789,2837285820,0,58
2837285789,3773196931,0,70
2837285789,3773196925,0,57
2837285790,2837285796,0,65
2837285790,2837285816,0,69
2837285790,2837285804,0,57
2837285792,2837285783,0,61
2837285793,3430413711,0,73
2837285793,2841518992,0,94
2837285793,2841518990,0,59
2837285794,2841299779,0,82
2837285794,2837285739,0,74
2837285794,2837583776,0,76
2837285795,2882561409,0,88
2837285795,7907993585,0,58
2837285795,2837285828,0,86
2837285796,2837285790,0,74
2837285796,7919570662,0,77
2837285796,7919570663,0,61
2837285800,2882561411,0,81
2837285800,2882561410,0,90
2837285800,2837285828,0,84
2837285801,3430413698,0,94
2837285801,7907460703,0,91
2837285801,2837285785,0,61
2837285801,11760316105,0,85
2837285803,2837285730,0,60
2837285803,2837583772,0,81
2837285803,2837285812,0,68
2837285803,2837583922,0,58
2837285804,2837285809,0,61
2837285804,2837285786,0,70
2837285804,2837285790,0,78
2837285806,2837285807,0,89
2837285806,3774476860,0,53
2837285806,2837285856,0,72
2837285807,3774476861,0,50
2837285807,2837285806,0,81
2837285807,2837286069,0,58
2837285808,7907460712,0,62
2837285808,2837285777,0,74
2837285808,7907460711,0,85
2837285808,3773196926,0,82
2837285809,2837285804,0,91
2837285809,2837285815,0,81
2837285809,2837285768,0,76
2837285810,2837285833,0,93
2837285810,2837285820,0,81
2837285810,2837285777,0,76
2837285812,2837285803,0,95
2837285812,2837583793,0,78
2837285812,2837583714,0,81
2837285814,2837583782,0,60
2837285814,2837583800,0,55
2837285814,2837583785,0,86
2837285815,2837285809,0,51
2837285815,2837285821,0,100
2837285815,2837285843,0,98
2837285815,2837285766,0,64
2837285816,2837285790,0,68
2837285816,2837285834,0,52
2837285816,2837285836,0,67
2837285818,3774476863,0,64
2837285818,3774476869,0,84
2837285818,7919552460,0,68
2837285819,7928057109,0,60
2837285819,2837285845,0,99
2837285820,2837285810,0,79
2837285820,2837285879,0,86
2837285820,2837285789,0,97
2837285821,2837285815,0,99
2837285821,2837285826,0,99
2837285821,2837285853,0,81
2837285821,2837285759,0,85
2837285824,2837285829,0,82
2837285824,3776117079,0,57
2837285824,2837285827,0,86
2837285826,2837285821,0,57
2837285826,2837285862,0,67
2837285826,7919609013,0,99
2837285827,2837285824,0,84
2837285828,2837285800,0,73
2837285828,2837285795,0,84
2837285828,2837285852,0,98
2837285829,2837285884,0,52
2837285829,3776117081,0,98
2837285829,2837285824,0,96
2837285830,3430413705,0,78
2837285830,2837583800,0,84
2837285830,2837583920,0,63
2837285831,3430413723,0,77
2837285831,11760316103,0,56
2837285831,2837285849,0,97
2837285832,3430413713,0,91
2837285833,2837285810,0,98
2837285833,7907460712,0,65
2837285833,3773197162,0,69
2837285834,2837285843,0,52
2837285834,2837285816,0,78
2837285834,3430413712,0,66
2837285836,3430413712,0,72
2837285836,2837285816,0,55
2837285836,2837285860,0,78
2837285841,7928057109,0,57
2837285841,2882561413,0,99
2837285841,2837583904,0,65
2837285842,2837583939,0,63
2837285842,2837583918,0,97
2837285842,2841518994,0,87
2837285843,2837285815,0,94
2837285843,2837285853,0,72
2837285843,2837285834,0,95
2837285845,2837583931,0,89
2837285845,2837583932,0,90
2837285847,2882561412,0,77
2837285847,3773196945,0,60
2837285847,7907460711,0,89
2837285847,3430413717,0,58
2837285848,2837285896,0,100
2837285848,3773197162,0,63
2837285848,7907460712,0,63
2837285849,2837286009,0,53
2837285849,2837285831,0,86
2837285849,11760316107,0,72
2837285849,2837285863,0,84
2837285850,2837285857,0,67
2837285850,2837285866,0,88
2837285850,2837285716,0,84
2837285851,2837583921,0,60
2837285851,2837583910,0,70
2837285851,2837583948,0,95
2837285851,3773056156,0,68
2837285852,2837285869,0,68
2837285852,2837285828,0,86
2837285852,2882561411,0,67
2837285852,3430413724,0,82
2837285853,2837285821,0,93
2837285853,2837285861,0,56
2837285853,2837285843,0,58
2837285854,2837285871,0,98
2837285854,2841299779,0,100
2837285854,2837583919,0,76
2837285856,2837285806,0,53
2837285857,2837285850,0,67
2837285857,2837286029,0,91
2837285857,2837285728,0,58
2837285858,2837286036,0,94
2837285858,2837285707,0,58
2837285858,2837285866,0,65
2837285860,2837285836,0,59
2837285860,2837286026,0,95
2837285860,2841299794,0,70
2837285860,7919570662,0,65
2837285861,3430413715,0,98
2837285861,2837285862,0,93
2837285861,2837285853,0,75
2837285862,2837285826,0,81
2837285862,7919609016,0,59
2837285862,2837285861,0,86
2837285863,2837285711,0,90
2837285863,2837285849,0,67
2837285864,3430413703,0,90
2837285864,2841299790,0,76
2837285864,2841299793,0,74
2837285866,2837286030,0,78
2837285866,2837285850,0,54
2837285866,2837285858,0,90
2837285869,2882561412,0,100
2837285869,2837285852,0,99
2837285869,2837285877,0,55
2837285869,2837286022,0,75
2837285871,2837285878,0,82
2837285871,2837285854,0,97
2837285871,2841299793,0,67
2837285873,7907460693,0,94
2837285873,2837286010,0,73
2837285873,2837285898,0,79
2837285875,2837286016,0,81
2837285876,7919609016,0,70
2837285876,3430413722,0,87
2837285876,3773056290,0,50
2837285876,7912298329,0,99
2837285877,2837285869,0,96
2837285878,2837583945,0,55
2837285878,2837285871,0,96
2837285878,3430413716,0,79
2837285879,3773197162,0,90
2837285879,2837285889,0,92
2837285879,2837285820,0,94
2837285880,3774429805,0,72
2837285880,2837286018,0,54
2837285880,3430413713,0,100
2837285880,3774429808,0,84
2837285883,7920095737,0,75
2837285883,2841350901,0,63
2837285883,2841519003,0,77
2837285884,2837285829,0,63
2837285884,7919717022,0,81
2837285884,3776117101,0,67
2837285885,2882561414,0,70
2837285885,2837583920,0,68
2837285885,2882561413,0,71
2837285885,2841299802,0,85
2837285889,3773197171,0,86
2837285889,3773197186,0,58
2837285889,2837285879,0,86
2837285891,7942135430,0,81
2837285891,3430413710,0,100
2837285891,2837286025,0,71
2837285892,2837286005,0,93
2837285893,3430413723,0,98
2837285895,2837583952,0,53
2837285895,2837583939,0,52
2837285895,7927950627,0,56
2837285895,2837583918,0,90
2837285896,2837285848,0,100
2837285896,3430413717,0,79
2837285896,2837286006,0,51
2837285897,7919609018,0,57
2837285897,3430413726,0,60
2837285897,7919609021,0,78
2837285897,3773056290,0,79
2837285898,2837286037,0,50
2837285898,2837286004,0,77
2837285898,2837285873,0,62
2837286002,2837286035,0,94
2837286002,2837583945,0,58
2837286002,7942135430,0,91
2837286003,2837286013,0,69
2837286003,2882561414,0,60
2837286003,2837583963,0,67
2837286003,3430413718,0,55
2837286004,7907452380,0,91
2837286004,2837285898,0,73
2837286004,7907452378,0,66
2837286005,2837285892,0,55
2837286005,3773197196,0,73
2837286005,2837286033,0,92
2837286005,3430413717,0,91
2837286006,2837285896,0,60
2837286006,3773197162,0,53
2837286006,3773197196,0,75
2837286008,2837286019,0,90
2837286008,3773197171,0,69
2837286008,3773197198,0,96
2837286008,7907460720,0,94
2837286009,3430413723,0,98
2837286009,2837286034,0,64
2837286009,2837285849,0,77
2837286010,7907452375,0,91
2837286010,2837285873,0,55
2837286010,2837286066,0,95
2837286011,3430413713,0,56
2837286011,7907993588,0,50
2837286011,2837286018,0,63
2837286012,7919609021,0,80
2837286012,3430413727,0,54
2837286012,3773056294,0,58
2837286012,2837286040,0,87
2837286013,2837286003,0,64
2837286013,4554680661,0,83
2837286013,2837583951,0,93
2837286013,2837583974,0,78
2837286015,2837583923,0,50
2837286015,2837583954,0,50
2837286015,2837583952,0,94
2837286016,2837285875,0,71
2837286016,2837286055,0,57
2837286016,3430413724,0,77
2837286016,2837286022,0,94
2837286017,3776117072,0,58
2837286018,2837285880,0,80
2837286018,2837286011,0,54
2837286018,2837286044,0,64
2837286019,3773197194,0,74
2837286019,2837286008,0,55
2837286019,7907460719,0,96
2837286022,2837286063,0,56
2837286022,2837286016,0,56
2837286022,2837285869,0,70
2837286022,2837286033,0,73
2837286024,3430413723,0,69
2837286024,7907452378,0,58
2837286024,7907452383,0,74
2837286025,2837285891,0,99
2837286025,2841299809,0,98
2837286025,7942135429,0,58
2837286025,2837583991,0,91
2837286026,2841299817,0,93
2837286026,2837285860,0,59
2837286026,2837286087,0,54
2837286028,2841299811,0,83
2837286028,2841299818,0,86
2837286028,3430413726,0,50
2837286028,3209583091,0,89
2837286029,2837285857,0,91
2837286030,2837285866,0,60
2837286031,2841519019,0,78
2837286031,2841519016,0,72
2837286031,2841519025,0,96
2837286033,2837286005,0,63
2837286033,2837286056,0,90
2837286033,2837286022,0,97
2837286034,2837286125,0,59
2837286034,2837286009,0,76
2837286034,7907452383,0,89
2837286034,2837286050,0,93
2837286035,2837286038,0,78
2837286035,2837286002,0,63
2837286035,7942135429,0,55
2837286036,2837285858,0,56
2837286037,7907452375,0,58
2837286037,2837286085,0,98
2837286037,2837285898,0,57
2837286037,7907452380,0,87
2837286038,2837286039,0,96
2837286038,2837286035,0,74
2837286038,2837286071,0,72
2837286039,2837286043,0,77
2837286039,2837286038,0,70
2837286039,2837286100,0,100
2837286040,2837286061,0,58
2837286040,2841299822,0,65
2837286040,3773056304,0,67
2837286040,2837286012,0,91
2837286041,2841299823,0,55
2837286041,3430413727,0,65
2837286041,2837286048,0,85
2837286042,3209583092,0,88
2837286042,2841299818,0,88
2837286042,2837286048,0,96
2837286043,7928359034,0,88
2837286043,2837286039,0,68
2837286043,2837286104,0,99
2837286044,3430413724,0,94
2837286044,2837286055,0,51
2837286044,2837286018,0,92
2837286046,3773197196,0,69
2837286046,2837286070,0,63
2837286046,3773197200,0,83
2837286047,7928359034,0,88
2837286047,2837583993,0,82
2837286047,2837286057,0,62
2837286048,2837286042,0,97
2837286048,2837286041,0,75
2837286048,3209583093,0,68
2837286049,2841299827,0,91
2837286049,3430413725,0,53
2837286049,3430413731,0,100
2837286049,2841299821,0,100
2837286050,2837286034,0,65
2837286050,2837285863,0,81
2837286052,2837286116,0,74
2837286052,2841299828,0,57
2837286052,3430413728,0,65
2837286053,7927950627,0,81
2837286053,7927950611,0,90
2837286053,2837286235,0,88
2837286055,2837286016,0,54
2837286055,2837286044,0,83
2837286055,2837286063,0,50
2837286056,2837286108,0,73
2837286056,2837286033,0,70
2837286056,2837286078,0,58
2837286057,2837583983,0,74
2837286057,2837286047,0,86
2837286057,2837583997,0,76
2837286057,2837286079,0,73
2837286058,3430413733,0,84
2837286058,2837286071,0,93
2837286058,2837583991,0,61
2837286059,2841299831,0,98
2837286059,2841299824,0,80
2837286059,3430413745,0,99
2837286059,3773056291,0,54
2837286060,2841299832,0,51
2837286060,2837286094,0,87
2837286060,2841299825,0,54
2837286061,2837286040,0,50
2837286061,2837286074,0,66
2837286061,3430413727,0,63
2837286063,2837286022,0,52
2837286063,2837286055,0,53
2837286063,2837286108,0,100
2837286066,7907452376,0,75
2837286066,2837286010,0,82
2837286066,2837286089,0,68
2837286068,2837286137,0,90
2837286068,2837286076,0,95
2837286068,3430413729,0,82
2837286069,2837286081,0,99
2837286069,3774476860,0,76
2837286069,2837285807,0,77
2837286070,2837286090,0,94
2837286070,2837286078,0,75
2837286070,2837286046,0,55
2837286071,2837286038,0,90
2837286071,3430413735,0,84
2837286071,2837286058,0,84
2837286073,2837286050,0,89
2837286073,7907993586,0,59
2837286074,2837286061,0,67
2837286074,2837286112,0,55
2837286074,2841299834,0,69
2837286076,2837286144,0,55
2837286076,3430413731,0,82
2837286076,2837286068,0,63
2837286077,2837583998,0,59
2837286077,2837583992,0,84
2837286077,2837286101,0,70
2837286078,2837286056,0,75
2837286078,3773197221,0,87
2837286078,2837286070,0,90
2837286079,2837286092,0,98
2837286079,2837583993,0,91
2837286079,2837584000,0,93
2837286079,2837286057,0,91
2837286081,2837286069,0,54
2837286081,2837286086,0,69
2837286081,7919570664,0,94
2837286083,2837286092,0,77
2837286083,2837286098,0,96
2837286085,2837286037,0,65
2837286085,7907452376,0,53
2837286085,2837286093,0,65
2837286085,7907460705,0,55
2837286086,2837286081,0,77
2837286086,2837286097,0,57
2837286086,7919570662,0,79
2837286087,2841299843,0,89
2837286087,2837286026,0,88
2837286087,2837286097,0,53
2837286089,7907452377,0,69
2837286089,2837286066,0,92
2837286089,7907993608,0,97
2837286090,8833970860,0,92
2837286090,2837286070,0,97
2837286090,3773197209,0,61
2837286090,3773197229,0,57
2837286091,3430413738,0,50
2837286091,2837286103,0,95
2837286091,7920095697,0,58
2837286092,2837286083,0,94
2837286092,2837286099,0,50
2837286092,2837286107,0,60
2837286092,2837286079,0,81
2837286093,7907452380,0,72
2837286093,2837286085,0,83
2837286093,8852197512,0,83
2837286094,2837286060,0,100
2837286094,2841299842,0,96
2837286094,2841299845,0,66
2837286094,2841299857,0,60
2837286095,2837286118,0,73
2837286095,3774429809,0,58
2837286095,2837286143,0,97
2837286096,3430413738,0,99
2837286096,7920095697,0,67
2837286096,7920095696,0,96
2837286097,2837286086,0,57
2837286097,2837286087,0,99
2837286097,2841299847,0,51
2837286098,2837286107,0,71
2837286098,2841299850,0,77
2837286099,2837286092,0,67
2837286100,2837286039,0,83
2837286100,3430413735,0,54
2837286100,7928055177,0,66
2837286100,2837286104,0,95
2837286101,3430413740,0,86
2837286101,2837286136,0,90
2837286101,2837286077,0,54
2837286103,3430413743,0,81
2837286103,2837286110,0,79
2837286103,2837286091,0,82
2837286104,7928055157,0,73
2837286104,2837286043,0,53
2837286104,2837286100,0,81
2837286105,3209583092,0,86
2837286105,2841299872,0,60
2837286105,3209583095,0,73
2837286105,2841299846,0,60
2837286106,3774476896,0,66
2837286106,3001619205,0,99
2837286106,7920095728,0,56
2837286107,2837286098,0,86
2837286107,2837584106,0,93
2837286107,2837286092,0,96
2837286107,7928321529,0,57
2837286108,2837286196,0,64
2837286108,2837286056,0,97
2837286108,2837286063,0,82
2837286109,7907452377,0,50
2837286109,7907460705,0,52
2837286109,2837286126,0,50
2837286110,2837286103,0,65
2837286111,7928359036,0,52
2837286111,2837286123,0,80
2837286112,2837286074,0,73
2837286112,2837286120,0,74
2837286112,2841299848,0,59
2837286113,2837286119,0,61
2837286113,3776117108,0,52
2837286113,3430413751,0,85
2837286116,2837286052,0,95
2837286116,2841299852,0,97
2837286116,3430413737,0,91
2837286117,8833970860,0,76
2837286117,3773197246,0,64
2837286117,3773197220,0,70
2837286118,7907460688,0,65
2837286118,2837286095,0,76
2837286118,2837286163,0,96
2837286119,2837286121,0,70
2837286119,2837286113,0,67
2837286119,2837286166,0,54
2837286120,2837286112,0,86
2837286120,2837286150,0,73
2837286120,2841299854,0,57
2837286121,7904172440,0,82
2837286121,2837286119,0,93
2837286121,2837286164,0,53
2837286123,2837286132,0,61
2837286123,2837286145,0,64
2837286125,2837286034,0,83
2837286125,7907460685,0,52
2837286125,2837286133,0,75
2837286126,7907460705,0,54
2837286126,2837286138,0,79
2837286126,2837286109,0,68
2837286127,2837286221,0,99
2837286127,7920095742,0,69
2837286127,2841519050,0,70
2837286129,3430413738,0,55
2837286130,2837286159,0,85
2837286130,7907983080,0,79
2837286130,3774429812,0,50
2837286132,2837286123,0,73
2837286132,2837584106,0,62
2837286132,2837584108,0,68
2837286132,2837286153,0,86
2837286133,2837286125,0,100
2837286133,2837286073,0,69
2837286134,3430413743,0,97
2837286135,3430413740,0,89
2837286135,2837286162,0,65
2837286135,3430413735,0,79
2837286136,7928289825,0,73
2837286136,2837286101,0,87
2837286136,7928289817,0,81
2837286137,2837286068,0,99
2837286137,2837286144,0,99
2837286137,3430413744,0,62
2837286138,8852197512,0,96
2837286138,2837286195,0,84
2837286138,2837286126,0,98
2837286138,2837286154,0,100
2837286139,2837286238,0,65
2837286139,2841350918,0,59
2837286139,7920095743,0,50
2837286140,2837286167,0,76
2837286140,2837286168,0,51
2837286140,3773197221,0,64
2837286142,2841519055,0,84
2837286142,3776125504,0,72
2837286142,2837286191,0,90
2837286143,3774429812,0,94
2837286143,2837286095,0,50
2837286143,2837286181,0,71
2837286144,2837286076,0,50
2837286144,3430413749,0,98
2837286144,2837286137,0,92
2837286145,2837286153,0,74
2837286145,2837286169,0,97
2837286148,7904172440,0,96
2837286148,3776117112,0,69
2837286148,2837286164,0,56
2837286149,3430413740,0,63
2837286149,2837286160,0,83
2837286149,2837286187,0,65
2837286150,2837286120,0,76
2837286150,2841299860,0,81
2837286150,3430413752,0,53
2837286150,2837286192,0,59
2837286151,3430413741,0,95
2837286151,2837286177,0,67
2837286151,2841299847,0,55
2837286151,7919453895,0,52
2837286152,8833970859,0,64
2837286152,3773197229,0,83
2837286152,2837286167,0,76
2837286153,2837286145,0,94
2837286153,2837286155,0,73
2837286153,2837286174,0,79
2837286153,2837286132,0,97
2837286154,2837286245,0,55
2837286154,7907460685,0,87
2837286154,2837286138,0,56
2837286154,7907983079,0,82
2837286155,2837286153,0,58
2837286156,2837286196,0,90
2837286156,7907460688,0,75
2837286156,2837286209,0,54
2837286157,2841299861,0,87
2837286157,2837286197,0,86
2837286157,3773056311,0,53
2837286157,7919946481,0,77
2837286159,2837286181,0,92
2837286159,7907983082,0,58
2837286159,2837286130,0,65
2837286160,7928289825,0,68
2837286160,2837286149,0,66
2837286160,7928289805,0,70
2837286162,2837286135,0,75
2837286163,2837286118,0,94
2837286163,2837286223,0,97
2837286163,2837286209,0,70
2837286164,2837286148,0,70
2837286164,2837286166,0,78
2837286164,2837286121,0,67
2837286165,2837286170,0,64
2837286165,2841519058,0,54
2837286165,7903994553,0,62
2837286166,2837286119,0,58
2837286166,2837286164,0,99
2837286166,3430413751,0,99
2837286167,2837286140,0,87
2837286167,2837286152,0,56
2837286167,2837286200,0,59
2837286168,2837286200,0,56
2837286168,2837286172,0,60
2837286168,2837286140,0,78
2837286169,2837286174,0,79
2837286169,2837286190,0,70
2837286170,2837286173,0,76
2837286170,2837286165,0,57
2837286170,2837286274,0,84
2837286172,2837286218,0,72
2837286172,2837286168,0,99
2837286172,2837286211,0,63
2837286173,2837286176,0,78
2837286173,2837286170,0,69
2837286173,2837286267,0,79
2837286174,2837286169,0,66
2837286174,2837286206,0,57
2837286174,2837286153,0,55
2837286174,7928321528,0,60
2837286176,2837286184,0,93
2837286176,2837286173,0,69
2837286176,2841519085,0,95
2837286177,7919946426,0,94
2837286177,3430413748,0,88
2837286177,2837286151,0,52
2837286177,7919946423,0,63
2837286178,2837286291,0,70
2837286178,7903994551,0,59
2837286178,7903994553,0,55
2837286181,2837286159,0,95
2837286181,2837286143,0,65
2837286181,7907983081,0,72
2837286183,3209583095,0,75
2837286183,2837286210,0,82
2837286183,2841299868,0,53
2837286184,2841519065,0,93
2837286184,2837286176,0,69
2837286184,2837286255,0,66
2837286186,8833970859,0,61
2837286186,3773197261,0,51
2837286186,3773197246,0,75
2837286187,2837286149,0,78
2837286187,7928289811,0,85
2837286187,7928289815,0,97
2837286188,2841350921,0,85
2837286188,7919717074,0,65
2837286188,2841519054,0,56
2837286188,7919717033,0,79
2837286189,3776117114,0,56
2837286189,3776117107,0,100
2837286189,2837286278,0,58
2837286190,2837286206,0,57
2837286190,2837286217,0,50
2837286191,3776125508,0,53
2837286191,3776125513,0,99
2837286191,2837286142,0,64
2837286192,3430413757,0,58
2837286192,2837286220,0,62
2837286192,2837286150,0,75
2837286193,3776117120,0,73
2837286193,2837286236,0,93
2837286193,3776117112,0,90
2837286194,7903994551,0,91
2837286194,2837286224,0,55
2837286194,2841519058,0,87
2837286195,2837286138,0,87
2837286196,2837286156,0,66
2837286196,2837286108,0,54
2837286196,2837286211,0,51
2837286197,2837286157,0,54
2837286197,3430413752,0,62
2837286197,2837286237,0,91
2837286198,2841519068,0,78
2837286198,2841350924,0,58
2837286198,3430413736,0,55
2837286200,2837286168,0,71
2837286200,2837286167,0,57
2837286200,2837286254,0,52
2837286201,2837286275,0,79
2837286201,2841299874,0,53
2837286201,2841299871,0,60
2837286201,2841299857,0,86
2837286202,2841519069,0,77
2837286202,2837286216,0,96
2837286202,2837286307,0,75
2837286203,2841299866,0,81
2837286203,7919946453,0,51
2837286203,7919946426,0,74
2837286204,3430413761,0,93
2837286204,3776117120,0,77
2837286204,2837286215,0,61
2837286206,2837286190,0,72
2837286206,2837286230,0,63
2837286206,2837286174,0,61
2837286206,2841299873,0,67
2837286207,2841519073,0,67
2837286207,2841519068,0,78
2837286207,3430413758,0,59
2837286209,2837286156,0,52
2837286209,2837286270,0,89
2837286209,2837286219,0,89
2837286209,2837286163,0,89
2837286210,2837286183,0,65
2837286210,2841299876,0,91
2837286210,2841299872,0,68
2837286211,4149222579,0,81
2837286211,2837286172,0,76
2837286211,2837286196,0,85
2837286212,2837286290,0,80
2837286212,2837286220,0,53
2837286212,2841299874,0,55
2837286212,2841299860,0,67
2837286214,2837286243,0,74
2837286214,2837286224,0,58
2837286214,7903994551,0,76
2837286215,2837286204,0,62
2837286215,2837286263,0,91
2837286215,3776117119,0,83
2837286216,2837286227,0,65
2837286216,3430413760,0,90
2837286216,2837286202,0,84
2837286217,2837286246,0,100
2837286217,2837286230,0,51
2837286218,3773197279,0,74
2837286218,4149222579,0,100
2837286218,2837286172,0,95
2837286219,3773197297,0,72
2837286219,2837286209,0,80
2837286219,3773197318,0,84
2837286220,2837286212,0,100
2837286220,2837286192,0,81
2837286220,2837286253,0,72
2837286221,2841350923,0,86
2837286221,2841350922,0,82
2837286221,2837286127,0,70
2837286222,7907983081,0,74
2837286222,3774429814,0,67
2837286222,2837286248,0,61
2837286223,2837286163,0,51
2837286223,2837286248,0,70
2837286223,2837286270,0,88
2837286224,2837286194,0,64
2837286224,2841519077,0,51
2837286224,2837286214,0,99
2837286225,7919466773,0,67
2837286225,7919453890,0,53
2837286225,7919453896,0,80
2837286226,2841350926,0,83
2837286226,2841350923,0,72
2837286226,2841350932,0,99
2837286227,3430413764,0,87
2837286227,2841519078,0,64
2837286227,2837286216,0,60
2837286230,2837286233,0,56
2837286230,2837286259,0,65
2837286230,2837286206,0,92
2837286230,2837286217,0,65
2837286231,3430413755,0,67
2837286231,7919946429,0,84
2837286231,7919946455,0,100
2837286233,2837286230,0,97
2837286235,2837286053,0,53
2837286236,3776117127,0,98
2837286236,3776117124,0,64
2837286236,7904050160,0,86
2837286236,2837286193,0,74
2837286237,3430413757,0,72
2837286237,2837286293,0,61
2837286237,2837286197,0,61
2837286237,7919946478,0,65
2837286238,2837286240,0,87
2837286238,2841350926,0,70
2837286238,2837286139,0,97
2837286239,7928359021,0,94
2837286240,2841350935,0,72
2837286240,2837286238,0,87
2837286240,2841350928,0,51
2837286241,3776125513,0,95
2837286241,2841519077,0,94
2837286241,2837286260,0,72
2837286241,3776125515,0,86
2837286242,3430413760,0,86
2837286243,2837286260,0,59
2837286243,2837286214,0,86
2837286243,2837286264,0,62
2837286244,2841519083,0,81
2837286244,2841519081,0,84
2837286244,3430413766,0,69
2837286245,2837286154,0,61
2837286246,2837286259,0,81
2837286246,2837286269,0,52
2837286248,2837286223,0,55
2837286248,3774429819,0,53
2837286248,2837286222,0,64
2837286252,2837286339,0,88
2837286252,2837286268,0,64
2837286252,7907983077,0,51
2837286253,3459794824,0,83
2837286253,2837286220,0,80
2837286253,2837286301,0,50
2837286254,3773197279,0,71
2837286254,3773197292,0,89
2837286254,2837286200,0,62
2837286255,2841519083,0,58
2837286255,2837286184,0,71
2837286255,2837286280,0,95
2837286255,2841519085,0,61
2837286256,2841299876,0,70
2837286256,7919946432,0,53
2837286256,2841299880,0,51
2837286257,2837286273,0,59
2837286258,2837286259,0,87
2837286259,2837286258,0,95
2837286259,2837286287,0,59
2837286259,2837286230,0,99
2837286259,2837286246,0,57
2837286260,2837286243,0,83
2837286260,2837286286,0,73
2837286260,2837286241,0,54
2837286262,7928359022,0,73
2837286263,2837286215,0,95
2837286263,3776117131,0,92
2837286263,3430413761,0,75
2837286264,2837286286,0,87
2837286264,2837286243,0,56
2837286264,2837286298,0,71
2837286265,2841519086,0,69
2837286265,2841350930,0,70
2837286265,3430413750,0,58
2837286265,2841350941,0,60
2837286267,2841519085,0,96
2837286267,2841519208,0,77
2837286267,2837286274,0,100
2837286267,2837286173,0,90
2837286268,2837286357,0,81
2837286268,2837286284,0,91
2837286268,2837286252,0,70
2837286269,2837286287,0,61
2837286269,2837286299,0,95
2837286270,2837286209,0,85
2837286270,3774429823,0,94
2837286270,2837286223,0,89
2837286271,2837286289,0,100
2837286271,3773197292,0,72
2837286271,3773197322,0,64
2837286273,2837286302,0,92
2837286273,2837286257,0,87
2837286273,2837286277,0,61
2837286274,2837286282,0,74
2837286274,2837286170,0,69
2837286274,2837286267,0,96
2837286275,2837286201,0,94
2837286275,7919946435,0,68
2837286275,2841299883,0,58
2837286276,2837286303,0,61
2837286277,3430413760,0,96
2837286277,2837286273,0,50
2837286277,3430413770,0,94
2837286278,3776117135,0,86
2837286278,3776117141,0,75
2837286278,2837286189,0,99
2837286279,7928359023,0,86
2837286280,3430413766,0,52
2837286280,2837286255,0,61
2837286280,2837286312,0,88
2837286282,2837286291,0,70
2837286282,2837286274,0,89
2837286282,7903994553,0,64
2837286282,2837286365,0,90
2837286283,2837286302,0,86
2837286284,2837286374,0,56
2837286284,3430413772,0,81
2837286284,2837286268,0,59
2837286286,2837286264,0,71
2837286286,2837286320,0,97
2837286286,2837286260,0,54
2837286287,2837286288,0,65
2837286287,2837286311,0,72
2837286287,2837286259,0,70
2837286287,2837286269,0,60
2837286288,2837286287,0,90
2837286289,2837286271,0,55
2837286289,3773197290,0,95
2837286290,2837286212,0,92
2837286290,2841299883,0,90
2837286290,2837286301,0,96
2837286291,2837286298,0,71
2837286291,2837286282,0,78
2837286291,2837286178,0,50
2837286292,3773197320,0,66
2837286292,2837286327,0,63
2837286292,4149222579,0,65
2837286293,3459794824,0,94
2837286293,3773056320,0,54
2837286293,2837286237,0,72
2837286294,7928289820,0,66
2837286294,7928289821,0,100
2837286294,7928289806,0,56
2837286297,3776117132,0,96
2837286297,3776117142,0,50
2837286297,3776117137,0,53
2837286297,3776117154,0,74
2837286298,2837286320,0,78
2837286298,2837286291,0,96
2837286298,2841519098,0,76
2837286298,2837286264,0,60
2837286299,2837286311,0,76
2837286299,2837286322,0,81
2837286300,2837286353,0,74
2837286300,2841350935,0,72
2837286300,2837286308,0,84
2837286301,2837286290,0,74
2837286301,2837286253,0,56
2837286301,2837286318,0,80
2837286302,2837286283,0,100
2837286302,2837286273,0,86
2837286302,2837286330,0,91
2837286303,2837286276,0,98
2837286303,7928359022,0,93
2837286304,2837286390,0,64
2837286304,3773197318,0,60
2837286304,3773197305,0,78
2837286305,3430413775,0,54
2837286305,2841350929,0,52
2837286305,2837286370,0,68
2837286307,2837286350,0,51
2837286307,2837286202,0,70
2837286307,2837286330,0,66
2837286308,3430413785,0,56
2837286308,2837286300,0,54
2837286308,2841350943,0,71
2837286311,3430413780,0,60
2837286311,2837286287,0,74
2837286311,2837286299,0,60
2837286311,2837286315,0,96
2837286312,3430413773,0,54
2837286312,2837286280,0,85
2837286312,2837286337,0,55
2837286313,3430413772,0,71
2837286313,2837286403,0,88
2837286313,2837286325,0,89
2837286315,2837286311,0,80
2837286316,3430413782,0,95
2837286316,3430413770,0,51
2837286316,3430413778,0,77
2837286317,7907983073,0,91
2837286317,2837286339,0,60
2837286317,7907993607,0,88
2837286318,2837286335,0,77
2837286318,3459794824,0,60
2837286318,2837286301,0,53
2837286319,7928321527,0,56
2837286319,7928359024,0,71
2837286319,7928321524,0,63
2837286320,3776125522,0,62
2837286320,2837286298,0,76
2837286320,2841519205,0,94
2837286320,2837286286,0,85
2837286322,3430413780,0,96
2837286322,2837286346,0,96
2837286323,3776117146,0,84
2837286323,2837286399,0,66
2837286323,3776117141,0,92
2837286325,2837286411,0,68
2837286325,7907983062,0,69
2837286325,2837286313,0,65
2837286327,3773197318,0,56
2837286327,2837286349,0,53
2837286327,2837286292,0,75
2837286330,3430413782,0,86
2837286330,2837286302,0,85
2837286330,2837286367,0,81
2837286330,2837286307,0,59
2837286332,2837286376,0,53
2837286332,2841519098,0,73
2837286332,2837286341,0,50
2837286333,2837286405,0,77
2837286333,5307890600,0,55
2837286335,2837286318,0,68
2837286335,7919946476,0,92
2837286335,3773056320,0,90
2837286337,3430413778,0,88
2837286337,2841519207,0,80
2837286337,2837286312,0,62
2837286337,2837286372,0,56
2837286338,2841350952,0,51
2837286338,2841350956,0,63
2837286338,2841350932,0,60
2837286338,2841350959,0,90
2837286339,2837286357,0,68
2837286339,2837286252,0,55
2837286339,2837286317,0,80
2837286340,3430413780,0,57
2837286341,2837286332,0,69
2837286341,2837286348,0,100
2837286341,2837286387,0,75
2837286342,3773197324,0,80
2837286342,3773197322,0,81
2837286342,3773197340,0,92
2837286345,2837286384,0,66
2837286346,2837286363,0,55
2837286346,2837286371,0,91
2837286347,2837286413,0,84
2837286348,2837286427,0,74
2837286348,2837286341,0,61
2837286348,2837286355,0,73
2837286349,2837286398,0,74
2837286349,3773197343,0,73
2837286349,2837286327,0,61
2837286350,2837286367,0,78
2837286350,2837286435,0,52
2837286350,2837286307,0,66
2837286353,2841350956,0,78
2837286353,2837286300,0,79
2837286353,3430413785,0,66
2837286354,3773197297,0,64
2837286354,3773197339,0,67
2837286354,7907983062,0,86
2837286355,2837286348,0,53
2837286355,2837286433,0,59
2837286355,2841519205,0,98
2837286357,2837286339,0,94
2837286357,2837286374,0,92
2837286357,2837286268,0,56
2837286359,3001619208,0,55
2837286359,2841519218,0,92
2837286361,2837286424,0,72
2837286361,2837286333,0,84
2837286362,3776117153,0,76
2837286362,3776117151,0,98
2837286362,3430413769,0,87
2837286363,2837286346,0,64
2837286363,2837286364,0,85
2837286363,3430413791,0,53
2837286363,3430413780,0,74
2837286364,2837286363,0,83
2837286365,2841519212,0,76
2837286365,2841519210,0,84
2837286365,2837286282,0,93
2837286365,2837286382,0,80
2837286366,2837286425,0,86
2837286367,2837286369,0,65
2837286367,2837286350,0,80
2837286367,2837286330,0,69
2837286369,2837286383,0,55
2837286369,2837286367,0,75
2837286369,2837286392,0,95
2837286370,2837286305,0,52
2837286370,2837286373,0,82
2837286370,2841350958,0,86
2837286371,2837286395,0,83
2837286371,3430413791,0,86
2837286372,3430413784,0,93
2837286372,2837286337,0,89
2837286372,2837286404,0,59
2837286373,2841350970,0,57
2837286373,2841350960,0,98
2837286373,2837286370,0,78
2837286374,2837286357,0,61
2837286374,2837286389,0,60
2837286374,2837286284,0,63
2837286376,2837286332,0,62
2837286376,2837286387,0,58
2837286376,2841519212,0,52
2837286379,2841350957,0,77
2837286379,2837286381,0,55
2837286379,2841350960,0,93
2837286380,2841299888,0,77
2837286381,3430413793,0,62
2837286381,2837286391,0,90
2837286381,2837286379,0,59
2837286382,2837286407,0,88
2837286382,2837286365,0,66
2837286382,2837286402,0,70
2837286383,2837286393,0,96
2837286383,2837286369,0,54
2837286383,2837286400,0,55
2837286383,3430413782,0,74
2837286384,2837286345,0,85
2837286384,2837286394,0,75
2837286384,10233024931,0,85
2837286384,2837286457,0,70
2837286387,2837286376,0,67
2837286387,2837286341,0,83
2837286387,2837286407,0,79
2837286388,3430413791,0,50
2837286389,2837286374,0,100
2837286389,2837286403,0,94
2837286389,2837286425,0,89
2837286389,3430413772,0,87
2837286390,2837286304,0,83
2837286390,3773197353,0,100
2837286390,3773197339,0,76
2837286391,2841350972,0,57
2837286391,2841519216,0,76
2837286391,2837286381,0,59
2837286392,2837286369,0,59
2837286392,2837286396,0,86
2837286392,2837286435,0,87
2837286393,2837286404,0,87
2837286393,2837286383,0,98
2837286393,3430413784,0,56
2837286394,2837286457,0,56
2837286394,2837286405,0,86
2837286394,2837286384,0,99
2837286394,5307890600,0,56
2837286395,2837286412,0,100
2837286395,2841299893,0,68
2837286396,2837286392,0,84
2837286396,2837286400,0,72
2837286396,7904050161,0,76
2837286397,3430413796,0,66
2837286397,2837286401,0,74
2837286397,2841519216,0,91
2837286398,2837286349,0,81
2837286398,3773197340,0,86
2837286398,3773197362,0,88
2837286399,3776112462,0,80
2837286399,3776112468,0,52
2837286399,2837286323,0,61
2837286399,7904080494,0,67
2837286400,2841519220,0,75
2837286400,2837286383,0,59
2837286400,2837286396,0,89
2837286400,2841519222,0,88
2837286401,2841350959,0,93
2837286401,2837286419,0,94
2837286401,2837286397,0,75
2837286402,2837286423,0,52
2837286402,2837286382,0,75
2837286402,3430413795,0,71
2837286403,2837286389,0,94
2837286403,2837286411,0,65
2837286403,2837286313,0,53
2837286404,2837286410,0,97
2837286404,2837286393,0,80
2837286404,2837286372,0,67
2837286404,2841519222,0,73
2837286405,2837286450,0,51
2837286405,2837286333,0,71
2837286405,2837286413,0,100
2837286405,2837286394,0,69
2837286407,2837286382,0,69
2837286407,2837286387,0,67
2837286407,2837286423,0,81
2837286408,2837286455,0,94
2837286410,2837286415,0,93
2837286410,2837286404,0,56
2837286410,2841519207,0,64
2837286410,2841519230,0,58
2837286411,2837286403,0,69
2837286411,2837286417,0,97
2837286411,2837286325,0,78
2837286412,2837286395,0,99
2837286412,2837286414,0,70
2837286412,2841299894,0,67
2837286412,3430413791,0,96
2837286413,2837286347,0,76
2837286413,2837286424,0,88
2837286413,2837286405,0,91
2837286414,2837286412,0,55
2837286415,2837286418,0,62
2837286415,2837286410,0,78
2837286415,2841519231,0,63
2837286415,2841519209,0,76
2837286417,2837286411,0,97
2837286417,2837286446,0,81
2837286417,7907983062,0,98
2837286417,3773197360,0,83
2837286418,2841519221,0,73
2837286418,2837286415,0,53
2837286418,2837286474,0,82
2837286419,2837286422,0,100
2837286419,2837286401,0,60
2837286419,2841350982,0,54
2837286421,7928359025,0,69
2837286421,2837286455,0,95
2837286421,2841299892,0,82
2837286422,2841350966,0,75
2837286422,2841350975,0,58
2837286422,2837286419,0,99
2837286423,2837286427,0,83
2837286423,2837286402,0,86
2837286423,2837286407,0,51
2837286423,2837286442,0,61
2837286424,2837286361,0,62
2837286424,2837286460,0,62
2837286424,2837286413,0,53
2837286425,2837286389,0,65
2837286425,7907993606,0,52
2837286425,2837286366,0,79
2837286425,2837286446,0,53
2837286427,2837286423,0,73
2837286427,2837286433,0,95
2837286427,2837286348,0,62
2837286429,3773197360,0,67
2837286429,3773197365,0,73
2837286429,3773197353,0,79
2837286430,2841350969,0,82
2837286430,2841350980,0,75
2837286430,2841350975,0,90
2837286431,2841350991,0,57
2837286431,2841350970,0,93
2837286431,2841519223,0,51
2837286433,2837286427,0,65
2837286433,2837286456,0,73
2837286433,2837286355,0,81
2837286435,3776125526,0,88
2837286435,2837286350,0,78
2837286435,2837286392,0,61
2837286436,3776125527,0,80
2837286436,2841519220,0,87
2837286436,2837286445,0,85
2837286437,2837286448,0,72
2837286437,2841299902,0,72
2837286442,3430413795,0,60
2837286442,2841519229,0,66
2837286442,2837286423,0,97
2837286442,2841519227,0,94
2837286445,3776125528,0,55
2837286445,2837286454,0,68
2837286445,2837286436,0,51
2837286446,2837286417,0,74
2837286446,7907993594,0,53
2837286446,3773197360,0,60
2837286446,2837286425,0,86
2837286448,2837286437,0,99
2837286448,2841299894,0,63
2837286448,7928321530,0,64
2837286448,2841299900,0,91
2837286449,3430413803,0,64
2837286449,3430413796,0,93
2837286449,3776112469,0,63
2837286449,3430413800,0,67
2837286450,2837286405,0,91
2837286450,2837286457,0,76
2837286450,7907452363,0,82
2837286451,2837286455,0,51
2837286454,2837286497,0,99
2837286454,2837286459,0,99
2837286454,2837286445,0,93
2837286455,2841299896,0,50
2837286455,2837286408,0,80
2837286455,2837286421,0,58
2837286455,2837286451,0,91
2837286456,2841519227,0,61
2837286456,2837286475,0,88
2837286456,2837286433,0,50
2837286457,2837286394,0,64
2837286457,2837286450,0,66
2837286457,2837286384,0,88
2837286459,2837286500,0,69
2837286459,2841519230,0,95
2837286459,2837286454,0,95
2837286459,2841519225,0,91
2837286460,2837286424,0,67
2837286461,2837286494,0,77
2837286461,3774429830,0,74
2837286466,3430413805,0,72
2837286466,3430413798,0,79
2837286466,3430413801,0,66
2837286468,3430413802,0,63
2837286468,2841519237,0,79
2837286468,2841519229,0,69
2837286469,2841350989,0,93
2837286469,2841350985,0,83
2837286469,2841350986,0,89
2837286469,2841350978,0,75
2837286472,2837286518,0,87
2837286472,3430413799,0,56
2837286472,2841519233,0,50
2837286472,3430413801,0,82
2837286473,3776112469,0,92
2837286473,2837286488,0,73
2837286473,2841350982,0,85
2837286474,2837286418,0,91
2837286474,2841519251,0,88
2837286474,2837286477,0,88
2837286474,2841519231,0,68
2837286475,3430413802,0,69
2837286475,2837286489,0,93
2837286475,2837286456,0,56
2837286476,2837286479,0,80
2837286476,2841299904,0,54
2837286476,2841299898,0,71
2837286477,2841519228,0,67
2837286477,2841519238,0,90
2837286477,2837286474,0,70
2837286477,2837286513,0,67
2837286479,2837286476,0,66
2837286479,2841299906,0,91
2837286479,2841299900,0,95
2837286480,3430413804,0,91
2837286480,2837286491,0,69
2837286480,2841519237,0,62
2837286484,3430413809,0,59
2837286484,9805344770,0,83
2837286484,2837286461,0,98
2837286486,2837286492,0,65
2837286486,3773197365,0,53
2837286487,2837286501,0,88
2837286487,2837286484,0,75
2837286488,3776112472,0,92
2837286488,2841351000,0,70
2837286488,2837286473,0,93
2837286489,3430413804,0,58
2837286489,7904172422,0,96
2837286489,2837286475,0,51
2837286490,2837286514,0,91
2837286490,2837286487,0,81
2837286491,7904172424,0,68
2837286491,2837286480,0,66
2837286491,2841519240,0,76
2837286492,7922705370,0,75
2837286493,3776125526,0,74
2837286493,2837286495,0,97
2837286493,2837286525,0,52
2837286494,2837286499,0,87
2837286494,2837286529,0,95
2837286494,2837286461,0,86
2837286495,3776125528,0,62
2837286495,2837286493,0,71
2837286495,2837286497,0,96
2837286496,3430413807,0,95
2837286496,2841299904,0,64
2837286496,2841299909,0,93
2837286497,2837286454,0,84
2837286497,2837286495,0,90
2837286497,2837286500,0,100
2837286498,2841519247,0,80
2837286498,2837286509,0,92
2837286498,7904172424,0,72
2837286499,3430413813,0,82
2837286499,2837286494,0,69
2837286499,2837286504,0,60
2837286500,2837286459,0,92
2837286500,2837286497,0,85
2837286500,2841519248,0,61
2837286501,3773197377,0,68
2837286501,2837286487,0,56
2837286501,3773197386,0,80
2837286502,2841519247,0,58
2837286502,2837286516,0,97
2837286502,7904172422,0,66
2837286503,3430413807,0,96
2837286503,2837286515,0,85
2837286504,3430413815,0,98
2837286504,2837286499,0,61
2837286504,3430413809,0,93
2837286505,2837286506,0,71
2837286505,1880443248,0,91
2837286506,2841350991,0,55
2837286506,2837286505,0,64
2837286506,2837286510,0,72
2837286506,13009243239,0,64
2837286507,2841299910,0,97
2837286507,2841299912,0,69
2837286507,2841299909,0,76
2837286508,2837286529,0,100
2837286509,7904172421,0,71
2837286509,2837286524,0,73
2837286509,2837286498,0,66
2837286510,3430413805,0,87
2837286510,2837286506,0,68
2837286510,2837286518,0,79
2837286511,3430413808,0,57
2837286511,2841299910,0,80
2837286511,3430413810,0,53
2837286512,2837286538,0,90
2837286513,2841519251,0,87
2837286513,2841519255,0,87
2837286513,2837286477,0,89
2837286514,2837286539,0,54
2837286514,2837286490,0,80
2837286514,3773197377,0,62
2837286515,3430413808,0,82
2837286515,2841299911,0,57
2837286516,7904172421,0,93
2837286516,2837286502,0,74
2837286516,7904172425,0,83
2837286518,2837286472,0,69
2837286518,2837286510,0,76
2837286518,2841519256,0,53
2837286519,2837286540,0,59
2837286520,2837286542,0,58
2837286521,2841519266,0,62
2837286521,2841350995,0,71
2837286521,2841519256,0,76
2837286521,2841519262,0,86
2837286522,2837286543,0,79
2837286523,2837286566,0,59
2837286523,3776112468,0,70
2837286523,3776112478,0,95
2837286524,2837286509,0,61
2837286524,2841519258,0,99
2837286524,7904172420,0,55
2837286525,3776125531,0,81
2837286525,7904039932,0,71
2837286525,2837286493,0,90
2837286527,2837286536,0,61
2837286527,3430413809,0,70
2837286527,3773197386,0,90
2837286528,2837286547,0,53
2837286528,7907452360,0,50
2837286528,3978313215,0,78
2837286529,3430413813,0,67
2837286529,2837286508,0,63
2837286529,3774429835,0,98
2837286529,2837286494,0,99
2837286532,2841299917,0,60
2837286532,7928321543,0,86
2837286532,2841299913,0,98
2837286533,3430413814,0,60
2837286533,2841299921,0,81
2837286535,2841519283,0,100
2837286535,2841351002,0,98
2837286535,2841519265,0,99
2837286535,6694729479,0,55
2837286536,2837286527,0,58
2837286536,2837286551,0,89
2837286536,2837286549,0,77
2837286537,7928191959,0,90
2837286537,2837286538,0,77
2837286538,2837286512,0,75
2837286538,2837286558,0,77
2837286538,2837286537,0,80
2837286538,2837286540,0,74
2837286539,2837286551,0,50
2837286539,2837286514,0,52
2837286539,3773197388,0,84
2837286540,2837286519,0,62
2837286540,2837286557,0,96
2837286540,2837286538,0,73
2837286540,2837286542,0,50
2837286541,2837286563,0,70
2837286541,7907983056,0,98
2837286541,7907983057,0,83
2837286542,2837286520,0,62
2837286542,2837286562,0,51
2837286542,2837286540,0,93
2837286542,2837286543,0,50
2837286543,2837286522,0,90
2837286543,2837286559,0,96
2837286543,2837286542,0,65
2837286543,2837286547,0,64
2837286544,2841299922,0,94
2837286544,2841299933,0,72
2837286544,7928321543,0,69
2837286546,3430413821,0,58
2837286546,2841299939,0,56
2837286547,2837286528,0,74
2837286547,2837286561,0,82
2837286547,2837286543,0,87
2837286547,2837286550,0,69
2837286548,2841351005,0,60
2837286548,2841519405,0,54
2837286548,2841350998,0,52
2837286549,2837286552,0,69
2837286549,3430413818,0,68
2837286549,2837286576,0,79
2837286549,2837286536,0,96
2837286550,2837286547,0,83
2837286550,2837286555,0,88
2837286550,7907983056,0,83
2837286551,2837286539,0,71
2837286551,2837286536,0,77
2837286551,3773197403,0,93
2837286551,7907452355,0,58
2837286552,3773197403,0,71
2837286552,2837286549,0,81
2837286552,2837286580,0,72
2837286553,2837286563,0,98
2837286555,2837286556,0,62
2837286555,2837286550,0,60
2837286555,2837286571,0,75
2837286556,2837286574,0,51
2837286556,2837286563,0,64
2837286556,2837286555,0,64
2837286557,2837286540,0,96
2837286558,2837286538,0,58
2837286559,2837286543,0,63
2837286560,2837286568,0,96
2837286560,3774429840,0,51
2837286560,3774468360,0,87
2837286560,7907983058,0,82
2837286561,2837286547,0,60
2837286562,2837286542,0,57
2837286563,2837286541,0,73
2837286563,2837286556,0,95
2837286563,2837286553,0,91
2837286566,7904050176,0,100
2837286566,2837286523,0,52
2837286566,3775191403,0,74
2837286568,3430413813,0,90
2837286568,3430413827,0,66
2837286568,2837286560,0,99
2837286569,2837286575,0,84
2837286571,7928191968,0,89
2837286571,2837286574,0,53
2837286571,2837286555,0,88
2837286574,2837286584,0,53
2837286574,2837286556,0,92
2837286574,2837286575,0,56
2837286574,2837286571,0,91
2837286575,2837286569,0,51
2837286575,2837286578,0,53
2837286575,2837286574,0,94
2837286575,2837286588,0,57
2837286576,2837286580,0,76
2837286576,3430413828,0,78
2837286576,2837286595,0,74
2837286576,2837286549,0,57
2837286578,2837286590,0,85
2837286578,2837286579,0,66
2837286578,2837286575,0,80
2837286579,2837286578,0,94
2837286579,3774468362,0,59
2837286579,9462038118,0,63
2837286580,2837286552,0,94
2837286580,2837286576,0,93
2837286581,3430413831,0,90
2837286581,3774468360,0,50
2837286581,7907452341,0,69
2837286584,2882561415,0,76
2837286584,2837286574,0,92
2837286584,2837286587,0,56
2837286587,2837286600,0,92
2837286587,2837286584,0,83
2837286587,2837286588,0,67
2837286588,2837286587,0,89
2837286588,2837286589,0,88
2837286588,2837286575,0,94
2837286589,2837286604,0,58
2837286589,2837286588,0,76
2837286589,2837286590,0,56
2837286590,2837286578,0,82
2837286590,2837286589,0,96
2837286590,2837286591,0,89
2837286591,2837286610,0,57
2837286591,2837286590,0,68
2837286591,3774468362,0,57
2837286592,3001619218,0,100
2837286592,2841519514,0,56
2837286593,2837286596,0,81
2837286593,2837286613,0,62
2837286593,7927786617,0,88
2837286594,2837286612,0,62
2837286594,3774468362,0,99
2837286594,2837286597,0,66
2837286595,3430413832,0,83
2837286595,2837286576,0,62
2837286595,2837286623,0,72
2837286596,2837286600,0,95
2837286596,2837286593,0,76
2837286596,2882561415,0,68
2837286596,2837286617,0,60
2837286597,2837286614,0,52
2837286597,2837286594,0,85
2837286597,2837286602,0,81
2837286600,2837286596,0,63
2837286600,2837286587,0,94
2837286600,2837286621,0,80
2837286600,2837286604,0,71
2837286602,2837286616,0,65
2837286602,2837286597,0,50
2837286602,2837286605,0,50
2837286604,2837286609,0,92
2837286604,2837286589,0,55
2837286604,2837286626,0,57
2837286604,2837286600,0,86
2837286605,2837286619,0,92
2837286605,2837286602,0,81
2837286605,2837286608,0,59
2837286607,1880443277,0,55
2837286607,2841519442,0,99
2837286607,2841519534,0,82
2837286608,2837286624,0,54
2837286608,2837286605,0,96
2837286608,3774468366,0,96
2837286609,2837286610,0,56
2837286609,2837286604,0,66
2837286609,2837286627,0,91
2837286610,2837286612,0,64
2837286610,2837286609,0,79
2837286610,2837286591,0,68
2837286612,2837286614,0,66
2837286612,2837286610,0,79
2837286612,2837286628,0,53
2837286612,2837286594,0,56
2837286613,2837286617,0,61
2837286613,11047557301,0,52
2837286613,2837286593,0,68
2837286614,2837286616,0,73
2837286614,2837286612,0,93
2837286614,2837286597,0,70
2837286614,2837286629,0,77
2837286616,2837286619,0,97
2837286616,2837286614,0,57
2837286616,2837286602,0,56
2837286616,2837286630,0,98
2837286617,2837286621,0,52
2837286617,2837286613,0,50
2837286617,2837286596,0,58
2837286617,2837286634,0,92
2837286619,2837286620,0,91
2837286619,2837286616,0,60
2837286619,2837286605,0,71
2837286620,2837286624,0,72
2837286620,2837286619,0,78
2837286620,2837286633,0,89
2837286621,2837286626,0,67
2837286621,2837286617,0,96
2837286621,2837286600,0,55
2837286621,2837286637,0,73
2837286622,7928191972,0,71
2837286622,3774468361,0,61
2837286623,2837286595,0,57
2837286624,2837286608,0,75
2837286624,2837286625,0,75
2837286624,2837286620,0,79
2837286625,2837286624,0,67
2837286626,2837286627,0,74
2837286626,2837286621,0,94
2837286626,2837286635,0,80
2837286626,2837286604,0,76
2837286627,2837286628,0,91
2837286627,2837286626,0,60
2837286627,2837286642,0,57
2837286627,2837286609,0,58
2837286628,2837286629,0,94
2837286628,2837286627,0,96
2837286628,2837286649,0,53
2837286628,2837286612,0,60
2837286629,2837286630,0,56
2837286629,2837286628,0,76
2837286629,2837286614,0,87
2837286630,2837286633,0,80
2837286630,2837286629,0,86
2837286630,2837286616,0,93
2837286631,2837286634,0,78
2837286631,2837286638,0,61
2837286631,11047557301,0,89
2837286632,2837286622,0,74
2837286632,7927786624,0,99
2837286633,2837286630,0,72
2837286633,2837286620,0,89
2837286633,2837286657,0,51
2837286633,2837286671,0,93
2837286634,2837286617,0,96
2837286634,2837286631,0,58
2837286634,2837286637,0,80
2837286635,2837286626,0,81
2837286635,2837286637,0,57
2837286635,2837286642,0,76
2837286637,2837286621,0,78
2837286637,2837286634,0,52
2837286637,2837286635,0,54
2837286638,2837286645,0,66
2837286638,2837286631,0,91
2837286638,2837286656,0,70
2837286641,3774468371,0,50
2837286642,2837286627,0,95
2837286642,2837286649,0,93
2837286642,2837286652,0,83
2837286642,2837286635,0,99
2837286644,2837286659,0,97
2837286644,7927814821,0,86
2837286644,2837286645,0,96
2837286645,2837286658,0,86
2837286645,2837286644,0,64
2837286645,2837286638,0,92
2837286648,3430413838,0,71
2837286649,2837286661,0,83
2837286649,2837286628,0,83
2837286649,2837286642,0,94
2837286649,2837286654,0,94
2837286650,2837286672,0,89
2837286652,7927814823,0,56
2837286652,2837286642,0,77
2837286652,7927814821,0,92
2837286653,2837286632,0,96
2837286653,8856142331,0,65
2837286653,3774468369,0,80
2837286654,2837286662,0,72
2837286654,2837286649,0,92
2837286654,3430413838,0,93
2837286656,2837286658,0,91
2837286656,2837286638,0,74
2837286657,2837286633,0,59
2837286657,2837286667,0,85
2837286657,3430413838,0,89
2837286658,2837286645,0,53
2837286658,2837286659,0,50
2837286658,2837286656,0,91
2837286659,2837286644,0,60
2837286659,7927814822,0,82
2837286659,2837286658,0,80
2837286661,2837286662,0,81
2837286661,3430413843,0,60
2837286661,2837286649,0,54
2837286662,2837286654,0,98
2837286662,2837286664,0,81
2837286662,2837286661,0,70
2837286664,3430413838,0,65
2837286664,2837286667,0,71
2837286664,2837286662,0,67
2837286667,2837286657,0,53
2837286667,2837286669,0,82
2837286667,2837286664,0,64
2837286668,7927947184,0,85
2837286668,3430413843,0,91
2837286668,7927814816,0,74
2837286669,3430413843,0,75
2837286669,2837286667,0,65
2837286669,7907717476,0,55
2837286671,2837286672,0,79
2837286671,3774468371,0,78
2837286671,2837286633,0,86
2837286672,7688406728,0,78
2837286672,2837286671,0,55
2837286672,2837286650,0,81
2837286673,3001623543,0,78
2837286673,2841520035,0,70
2837286673,2841520043,0,57
2837579461,3777700358,0,81
2837579461,2845677157,0,97
2837579461,2839148550,0,91
2837579463,2837579469,0,51
2837579463,3777700358,0,56
2837579466,2843850913,0,75
2837579466,3777700358,0,76
2837579466,7978095578,0,52
2837579469,2837579463,0,85
2837579469,2837579471,0,85
2837579469,2841299006,0,50
2837579470,7978095578,0,55
2837579470,2837579489,0,100
2837579471,2837579473,0,88
2837579471,2837579469,0,89
2837579471,2837579479,0,90
2837579473,3777700358,0,69
2837579473,2843850923,0,82
2837579473,2837579471,0,85
2837579476,2843850913,0,63
2837579476,7978095577,0,91
2837579476,2843850923,0,92
2837579476,2841299022,0,79
2837579479,2841299019,0,71
2837579479,2837579487,0,73
2837579479,2837579471,0,53
2837579483,2839148654,0,64
2837579483,2837579498,0,79
2837579483,7872648249,0,71
2837579486,2841299027,0,85
2837579486,2837579619,0,99
2837579487,2837579479,0,89
2837579487,7887064936,0,88
2837579488,7871539609,0,80
2837579488,2839148661,0,95
2837579489,7887064925,0,92
2837579489,7871539680,0,73
2837579490,7887064936,0,95
2837579490,2837579495,0,78
2837579492,4166979711,0,57
2837579492,2841299027,0,56
2837579492,2837579495,0,98
2837579493,2837579604,0,92
2837579493,2837579494,0,64
2837579493,7887064925,0,50
2837579493,2845677244,0,71
2837579494,2837579606,0,72
2837579494,2839148654,0,90
2837579494,2837579498,0,68
2837579494,2837579493,0,85
2837579495,2837579490,0,83
2837579495,2837579492,0,73
2837579495,2837579601,0,94
2837579495,2843657404,0,56
2837579497,2837579500,0,52
2837579497,7872648251,0,60
2837579497,7872648250,0,81
2837579498,2837579483,0,58
2837579498,2843851103,0,95
2837579498,12204712702,0,97
2837579498,2837579494,0,96
2837579500,12204714164,0,76
2837579500,2837579497,0,56
2837579500,2841299038,0,66
2837579500,2841299028,0,89
2837579601,2845677451,0,62
2837579601,2837579495,0,62
2837579601,7919206779,0,57
2837579604,2837579493,0,75
2837579604,2837579606,0,63
2837579605,12210261197,0,79
2837579605,1880441463,0,100
2837579606,2837579494,0,62
2837579606,2843851103,0,95
2837579607,2839148774,0,71
2837579607,7919206779,0,56
2837579609,12210261199,0,98
2837579609,11047610416,0,76
2837579612,2837579607,0,52
2837579612,12210261197,0,90
2837579612,12210271904,0,93
2837579613,7872648251,0,87
2837579613,2418718372,0,57
2837579615,2839148784,0,99
2837579615,2839148756,0,78
2837579618,2843657413,0,79
2837579618,2843657416,0,92
2837579618,2839148774,0,87
2837579619,2837579621,0,82
2837579619,2837579486,0,58
2837579620,2839148784,0,81
2837579620,2839148828,0,50
2837579621,2837579619,0,83
2837579621,2418718378,0,97
2837579621,4167154045,0,53
2837579621,2841299027,0,85
2837579622,3777700362,0,77
2837579622,2839148816,0,87
2837579622,2839148841,0,80
2837579624,7874568420,0,82
2837579624,2837579634,0,99
2837579624,7874568418,0,61
2837579626,7879069140,0,94
2837579626,2882561407,0,87
2837579628,2837579634,0,61
2837579628,2837579632,0,96
2837579628,7872648281,0,58
2837579629,7872672385,0,56
2837579629,2843657436,0,74
2837579629,7879069140,0,92
2837579630,2418718378,0,88
2837579630,2837579635,0,88
2837579630,2837579678,0,70
2837579630,2843657404,0,82
2837579632,2837579628,0,74
2837579632,7871539656,0,76
2837579632,2837579644,0,88
2837579634,2837579624,0,94
2837579634,2837579628,0,98
2837579634,2843657451,0,65
2837579635,2837579630,0,67
2837579635,7919206784,0,75
2837579635,2845677461,0,71
2837579635,2837579685,0,68
2837579636,2839148841,0,78
2837579636,2837579626,0,58
2837579636,7879069139,0,58
2837579640,2837579636,0,76
2837579640,7879069138,0,88
2837579641,2839148885,0,94
2837579641,2839148864,0,97
2837579641,3430413423,0,82
2837579644,2843657451,0,69
2837579644,2843657461,0,94
2837579644,2837579632,0,85
2837579644,2837579652,0,70
2837579648,2843657472,0,95
2837579648,7874467007,0,97
2837579652,7872648259,0,85
2837579652,2843657471,0,90
2837579652,12221794499,0,63
2837579652,2837579644,0,62
2837579653,3777700367,0,63
2837579653,2837579658,0,89
2837579653,2843657464,0,95
2837579658,2837579653,0,68
2837579658,2837579661,0,93
2837579658,7872648256,0,72
2837579661,2837579658,0,93
2837579661,7872648260,0,58
2837579661,2843657476,0,95
2837579661,2843657488,0,91
2837579665,2839148977,0,61
2837579665,2839148944,0,82
2837579665,11365932300,0,84
2837579665,2839149005,0,94
2837579667,2843657486,0,90
2837579667,7879069134,0,70
2837579667,2843657624,0,95
2837579668,2843657480,0,57
2837579668,12203285821,0,98
2837579668,7872635016,0,72
2837579669,7879069136,0,85
2837579669,2839148894,0,80
2837579671,2837579802,0,87
2837579671,4167154045,0,86
2837579671,4167154106,0,92
2837579671,2837579673,0,95
2837579672,2837579675,0,76
2837579672,2839149009,0,93
2837579672,11365903645,0,97
2837579673,2837579671,0,84
2837579673,2837579678,0,68
2837579673,2837579810,0,77
2837579673,2418718378,0,50
2837579675,2839148977,0,83
2837579675,2837579672,0,56
2837579675,8834201097,0,51
2837579676,2837579806,0,74
2837579676,7872635016,0,59
2837579676,2837579694,0,53
2837579677,12221795706,0,92
2837579677,7872648259,0,53
2837579678,2837579812,0,62
2837579678,2837579630,0,67
2837579678,2837579673,0,98
2837579678,2837579685,0,100
2837579679,2839149058,0,60
2837579679,2837579691,0,68
2837579679,2839254272,0,93
2837579679,3430413420,0,66
2837579680,7872648257,0,59
2837579680,2843657602,0,53
2837579681,4167284391,0,94
2837579683,12212966456,0,100
2837579683,3774507803,0,68
2837579683,2843657605,0,63
2837579683,2843657637,0,98
2837579684,2839149010,0,84
2837579684,11365925683,0,52
2837579684,2837579699,0,72
2837579685,2837579678,0,78
2837579685,7919229988,0,56
2837579685,2837579635,0,89
2837579685,2837579819,0,93
2837579688,12210481419,0,97
2837579688,12210481421,0,85
2837579689,7938154772,0,64
2837579689,2837579691,0,97
2837579689,2839148988,0,91
2837579691,2837579689,0,85
2837579691,2837579679,0,74
2837579691,3430413430,0,65
2837579692,2843657644,0,82
2837579692,7871304696,0,100
2837579692,7872648266,0,100
2837579693,2843851451,0,94
2837579693,7919229988,0,68
2837579693,2837579824,0,94
2837579694,2837579676,0,92
2837579694,2843657480,0,53
2837579694,2841299161,0,74
2837579694,2843657659,0,74
2837579697,3774507803,0,76
2837579697,1880441490,0,100
2837579699,2839149055,0,93
2837579699,2839149116,0,70
2837579699,2837579684,0,85
2837579801,2839149099,0,53
2837579801,2839254286,0,50
2837579801,11047621374,0,97
2837579802,2837579810,0,66
2837579802,2837579671,0,62
2837579802,3774513065,0,89
2837579803,12221766874,0,99
2837579803,2843657618,0,78
2837579803,2843657651,0,64
2837579804,2839254293,0,90
2837579805,7871304698,0,95
2837579805,2843657656,0,95
2837579806,2843657647,0,91
2837579806,2837579676,0,73
2837579806,2837579821,0,98
2837579808,2839254291,0,87
2837579808,2839254288,0,84
2837579808,11047649408,0,97
2837579810,2837579802,0,88
2837579810,2837579877,0,62
2837579810,2837579673,0,99
2837579810,2837579812,0,96
2837579812,2837579819,0,62
2837579812,2837579825,0,68
2837579812,2837579678,0,78
2837579812,2837579810,0,61
2837579815,2845677736,0,93
2837579815,9602208994,0,54
2837579816,2839254297,0,61
2837579818,2843657654,0,61
2837579818,2839149149,0,97
2837579818,3774507803,0,82
2837579819,7919229990,0,57
2837579819,2837579812,0,74
2837579819,2837579685,0,52
2837579819,2837579827,0,77
2837579821,2837579806,0,67
2837579821,2843657662,0,85
2837579822,2839254295,0,66
2837579822,2837579848,0,58
2837579822,2837579834,0,60
2837579823,1880441505,0,87
2837579823,7938334098,0,66
2837579824,3774507806,0,50
2837579824,2418718390,0,71
2837579825,2837579812,0,79
2837579825,2837579827,0,95
2837579825,2837579891,0,59
2837579826,2843851613,0,52
2837579826,2843657670,0,59
2837579826,2843657651,0,70
2837579827,2837579825,0,88
2837579827,2837580007,0,53
2837579827,2837579819,0,99
2837579828,2843657672,0,90
2837579828,2845677737,0,89
2837579828,3774507817,0,92
2837579828,2845677730,0,69
2837579831,4258561108,0,81
2837579833,2839149086,0,100
2837579833,2839149193,0,86
2837579833,2839149161,0,85
2837579834,2839149152,0,72
2837579834,2837579843,0,54
2837579834,2839255702,0,100
2837579834,2837579822,0,95
2837579836,2845677736,0,70
2837579836,2843657672,0,83
2837579836,2837579859,0,64
2837579836,2845677727,0,61
2837579838,2843657669,0,83
2837579838,2837579840,0,54
2837579838,2843851606,0,100
2837579840,2843657677,0,82
2837579840,2837579838,0,60
2837579840,12221605918,0,76
2837579842,2837579870,0,84
2837579842,2837579848,0,84
2837579842,2839149099,0,75
2837579843,2837579851,0,55
2837579843,2837579834,0,72
2837579843,2839149261,0,64
2837579846,2845677826,0,63
2837579846,2837579847,0,92
2837579846,3774436881,0,71
2837579847,2837579846,0,71
2837579847,3140039549,0,73
2837579847,3774513404,0,68
2837579848,2837579842,0,63
2837579848,2837579855,0,98
2837579848,2837579884,0,89
2837579848,2837579822,0,83
2837579850,3774507817,0,80
2837579850,2843657672,0,85
2837579850,2837579859,0,98
2837579850,2837579869,0,91
2837579851,2837579843,0,50
2837579851,2839149238,0,57
2837579851,2837580073,0,92
2837579854,2843657681,0,72
2837579854,2837579872,0,78
2837579854,7872648267,0,65
2837579854,2843657677,0,91
2837579855,4258561108,0,89
2837579855,2839149261,0,89
2837579855,2837579848,0,65
2837579855,2839255706,0,52
2837579858,2839149248,0,93
2837579858,2839149238,0,70
2837579858,2837580057,0,74
2837579859,2843851643,0,100
2837579859,2837579850,0,57
2837579859,2837579836,0,74
2837579864,2837579870,0,66
2837579864,2839149246,0,84
2837579864,8837932499,0,96
2837579865,2839149248,0,68
2837579865,2837579874,0,51
2837579865,11096405069,0,83
2837579867,4174015476,0,99
2837579867,4174015478,0,73
2837579867,2837580043,0,82
2837579869,2843657687,0,82
2837579869,2843657681,0,78
2837579869,2837579850,0,81
2837579869,2845677811,0,52
2837579870,2837579842,0,68
2837579870,2837579876,0,91
2837579870,2837579864,0,62
2837579872,2845677805,0,70
2837579872,2837579854,0,82
2837579872,2843657688,0,55
2837579874,2837579881,0,56
2837579874,2837580009,0,60
2837579874,2837579865,0,99
2837579876,2837579884,0,84
2837579876,2837579870,0,84
2837579876,3430413441,0,50
2837579877,2845677819,0,90
2837579877,7919138093,0,54
2837579877,2837579810,0,63
2837579881,2837579874,0,92
2837579881,2839149311,0,90
2837579881,11047628092,0,99
2837579881,2837580009,0,63
2837579884,2837579848,0,93
2837579884,2837579876,0,77
2837579884,3430413443,0,56
2837579891,2837580007,0,63
2837579891,2845677819,0,84
2837579891,2837579825,0,94
2837579892,7940981057,0,97
2837579892,4174015488,0,99
2837579892,4174015477,0,77
2837580002,7872635007,0,91
2837580002,2841299194,0,54
2837580002,7969158206,0,97
2837580007,2837579827,0,93
2837580007,7919229993,0,59
2837580007,2837579891,0,51
2837580009,11047628091,0,79
2837580009,2837579881,0,95
2837580009,2837580050,0,71
2837580009,2837579874,0,52
2837580014,2837580031,0,55
2837580018,4174016679,0,54
2837580023,2837580042,0,53
2837580023,7919229993,0,61
2837580023,2845677882,0,100
2837580026,4174015483,0,66
2837580026,4174016656,0,85
2837580026,2837580054,0,54
2837580031,2837580041,0,86
2837580031,2839149323,0,64
2837580031,2837580014,0,66
2837580041,2837580049,0,76
2837580041,2837580031,0,74
2837580041,11047628091,0,78
2837580042,3774507826,0,90
2837580042,2837580023,0,75
2837580042,3774507806,0,77
2837580043,2837580051,0,70
2837580043,4174016731,0,51
2837580043,2837579867,0,74
2837580049,2837580060,0,93
2837580049,2837580041,0,57
2837580049,2837580068,0,84
2837580050,2837580053,0,50
2837580050,2837580068,0,91
2837580050,2837580009,0,96
2837580051,2837580043,0,89
2837580051,4174016679,0,54
2837580051,2837580078,0,98
2837580053,2837580050,0,97
2837580054,4174016731,0,87
2837580054,2837580058,0,52
2837580054,2837580026,0,94
2837580056,2845678002,0,54
2837580056,2843852004,0,72
2837580056,8843754911,0,82
2837580057,2837579858,0,56
2837580058,4174016656,0,68
2837580058,2837580054,0,100
2837580058,4174016855,0,93
2837580060,9691495072,0,69
2837580060,2837580076,0,88
2837580060,2837580049,0,55
2837580060,2839149343,0,68
2837580061,9567527086,0,98
2837580061,2837580073,0,78
2837580061,2839255704,0,74
2837580068,2837580050,0,75
2837580068,2837580072,0,92
2837580068,2837580049,0,51
2837580072,4174016852,0,80
2837580072,2837580068,0,60
2837580072,2837580087,0,84
2837580073,2837580080,0,64
2837580073,2837580061,0,58
2837580073,2837579851,0,97
2837580074,2839149343,0,75
2837580074,2837580076,0,100
2837580074,2837580089,0,84
2837580075,2837580079,0,68
2837580075,2833253688,0,90
2837580075,3430413449,0,59
2837580076,2837580060,0,69
2837580076,10244206856,0,93
2837580076,2837580074,0,100
2837580078,4174016852,0,96
2837580078,2837580051,0,91
2837580078,4174016855,0,73
2837580079,7937877992,0,50
2837580079,2837580075,0,85
2837580079,2837580323,0,85
2837580080,2837580089,0,59
2837580080,2837580073,0,57
2837580080,12198857801,0,52
2837580085,2845678034,0,50
2837580085,7872648280,0,86
2837580085,7872648277,0,88
2837580085,2841299196,0,75
2837580086,2837580303,0,84
2837580087,2837580072,0,85
2837580087,9691495072,0,55
2837580087,2837580305,0,69
2837580089,2837580080,0,63
2837580089,2837580305,0,97
2837580089,2837580074,0,97
2837580090,3724853570,0,96
2837580090,2845677899,0,72
2837580090,2845678045,0,63
2837580090,2845677891,0,76
2837580095,10244206856,0,91
2837580096,2845678012,0,82
2837580096,3140039553,0,59
2837580096,3774513419,0,60
2837580303,2841517734,0,61
2837580303,3774507828,0,64
2837580303,2837580086,0,89
2837580303,2841299198,0,66
2837580305,4174016858,0,62
2837580305,2837580089,0,57
2837580305,2837580087,0,61
2837580308,2839149356,0,92
2837580308,4168930351,0,86
2837580308,2837580327,0,53
2837580310,7872648272,0,98
2837580310,2845678071,0,85
2837580310,2841299193,0,79
2837580317,2845678031,0,91
2837580317,2845678053,0,85
2837580317,2837580324,0,54
2837580317,2845678002,0,68
2837580318,2837580331,0,92
2837580318,2837591267,0,54
2837580318,4169424517,0,66
2837580319,2833253688,0,56
2837580319,3430413449,0,62
2837580323,2837580079,0,96
2837580323,3430413449,0,87
2837580323,2837580326,0,81
2837580324,7891749011,0,71
2837580324,2845678033,0,72
2837580324,2837580317,0,58
2837580324,2837580346,0,92
2837580326,2837580340,0,91
2837580326,2837580327,0,65
2837580326,2837580323,0,56
2837580327,2837580308,0,68
2837580327,2837580326,0,89
2837580327,2837580328,0,54
2837580328,2837580327,0,62
2837580328,2837580331,0,70
2837580328,2837580345,0,81
2837580330,3496479147,0,78
2837580330,3496479149,0,71
2837580330,2841517733,0,89
2837580331,2837580328,0,92
2837580331,2839149467,0,69
2837580331,2837580318,0,94
2837580332,2837580336,0,87
2837580332,3496451362,0,59
2837580333,2833253715,0,86
2837580333,7937878025,0,86
2837580333,2833253708,0,73
2837580335,2845678022,0,70
2837580335,2843852093,0,77
2837580336,2837580332,0,60
2837580336,2837580353,0,50
2837580336,2837591268,0,70
2837580337,3430413449,0,65
2837580337,2837591269,0,100
2837580337,3430413452,0,64
2837580340,3430413456,0,95
2837580340,2837580326,0,97
2837580340,2837580345,0,91
2837580340,2837591269,0,77
2837580343,2845678094,0,67
2837580343,1880441753,0,73
2837580343,3724853570,0,58
2837580344,3485765656,0,93
2837580344,1880441720,0,96
2837580344,4393296799,0,71
2837580345,2837591271,0,80
2837580345,3430413453,0,79
2837580345,2837580340,0,78
2837580345,2837580328,0,72
2837580346,2845678100,0,99
2837580346,2845678112,0,69
2837580346,2845678078,0,81
2837580346,2837580324,0,85
2837580349,3485765662,0,56
2837580349,4643886300,0,61
2837580349,4643798870,0,91
2837580352,2833253768,0,88
2837580352,3430413456,0,55
2837580352,2837591274,0,67
2837580353,4169452995,0,58
2837580353,1880441757,0,84
2837580353,2833253750,0,62
2837580354,2837591275,0,66
2837580354,4393296798,0,96
2837580355,2837580370,0,90
2837580355,3430413457,0,54
2837580355,2837580360,0,96
2837580355,2839149525,0,54
2837580358,4393296799,0,51
2837580358,2837580354,0,82
2837580360,2833253782,0,90
2837580360,2837580355,0,51
2837580368,4776756127,0,87
2837580368,3485765663,0,87
2837580368,2837284094,0,75
2837580369,2841517772,0,99
2837580370,1880441766,0,87
2837580370,2833253782,0,63
2837580370,2837580391,0,52
2837580370,2837580355,0,85
2837580374,2833253788,0,66
2837580374,2833253795,0,84
2837580374,4170813833,0,84
2837580375,4776756127,0,80
2837580375,2837284098,0,91
2837580377,3430413472,0,99
2837580377,3777944398,0,59
2837580379,2845678170,0,73
2837580379,2837580400,0,75
2837580379,2845678140,0,64
2837580380,7891749017,0,99
2837580380,2845678108,0,87
2837580380,2845678165,0,96
2837580380,2845678156,0,68
2837580384,2841517790,0,58
2837580384,3496479153,0,79
2837580384,2837580503,0,82
2837580384,2837580505,0,82
2837580385,2833253824,0,55
2837580385,3430413466,0,75
2837580386,1880441766,0,73
2837580386,2837580391,0,82
2837580386,2833253814,0,50
2837580386,4776756133,0,92
2837580391,2833253824,0,65
2837580391,2837580386,0,89
2837580391,4776756132,0,93
2837580391,2837580370,0,60
2837580392,2837580506,0,98
2837580392,7891613890,0,82
2837580396,2837580563,0,58
2837580396,7872635000,0,78
2837580397,2837580550,0,60
2837580397,2837580504,0,61
2837580397,2845678170,0,86
2837580399,2833253809,0,86
2837580399,2837580509,0,92
2837580399,2841299257,0,59
2837580399,2833253835,0,97
2837580400,2837580379,0,96
2837580400,7888562548,0,80
2837580400,2837580550,0,72
2837580501,2837580503,0,52
2837580503,7918749124,0,64
2837580503,2837580501,0,98
2837580503,2837580384,0,81
2837580503,2837580521,0,64
2837580504,2845678188,0,54
2837580504,2837580397,0,66
2837580504,2845678194,0,73
2837580504,7891749017,0,64
2837580505,2837580537,0,52
2837580505,2837580384,0,92
2837580505,2841517797,0,63
2837580506,2990086902,0,83
2837580506,2837580568,0,100
2837580506,2837580392,0,73
2837580506,7891576381,0,74
2837580508,2837580533,0,80
2837580508,2841518203,0,79
2837580508,3664723879,0,52
2837580509,2837580399,0,52
2837580509,2837580539,0,91
2837580509,2837580579,0,70
2837580510,4776756131,0,56
2837580510,2839255708,0,95
2837580511,2833253836,0,83
2837580511,2833253840,0,90
2837580511,2841299243,0,67
2837580511,4776723237,0,97
2837580512,2575448005,0,66
2837580512,7941659598,0,87
2837580512,2841299271,0,84
2837580518,2839149611,0,86
2837580518,2833253840,0,61
2837580518,2833253843,0,74
2837580518,8835095217,0,91
2837580521,2837580565,0,74
2837580521,3772980665,0,73
2837580521,2837580503,0,87
2837580521,2837580584,0,91
2837580522,2841299271,0,54
2837580522,3955043045,0,83
2837580522,7941659597,0,66
2837580526,2841299267,0,74
2837580527,2837580531,0,64
2837580527,4776723233,0,83
2837580531,2837580594,0,75
2837580531,2833253844,0,72
2837580532,2837580574,0,72
2837580532,2575448051,0,81
2837580532,2837580558,0,100
2837580533,2837580508,0,80
2837580533,2841517989,0,88
2837580533,2841517942,0,50
2837580533,8843781538,0,82
2837580537,2837580563,0,58
2837580537,7918749124,0,78
2837580537,2837580505,0,60
2837580538,2837580602,0,64
2837580538,2837580540,0,54
2837580539,2837580509,0,82
2837580539,2837580570,0,91
2837580539,2833253835,0,67
2837580540,4776770721,0,63
2837580540,2837580610,0,59
2837580540,2837580546,0,61
2837580544,2845678221,0,60
2837580544,7891613892,0,73
2837580546,2837580620,0,88
2837580546,2833253845,0,95
2837580550,2837580397,0,57
2837580550,2845678209,0,92
2837580551,2837580576,0,64
2837580551,3955043045,0,76
2837580551,3430413472,0,71
2837580555,2837580573,0,96
2837580555,2837580557,0,57
2837580557,2833253846,0,80
2837580557,2837580631,0,93
2837580558,2837580532,0,80
2837580558,2643494864,0,80
2837580558,2837580582,0,63
2837580560,2837580562,0,87
2837580560,2837580642,0,60
2837580562,2837580564,0,91
2837580562,2837580644,0,76
2837580563,2837580537,0,51
2837580563,2841518211,0,65
2837580563,2837580396,0,52
2837580563,1880441889,0,58
2837580564,2833253847,0,86
2837580564,3001634030,0,87
2837580565,3496483754,0,60
2837580565,2841517997,0,58
2837580565,2837580521,0,90
2837580565,7918749124,0,82
2837580567,2837580573,0,52
2837580567,2833253845,0,86
2837580567,2837580578,0,59
2837580568,2837580506,0,53
2837580568,2845678221,0,60
2837580568,2845678212,0,66
2837580570,4776723236,0,61
2837580570,2837580539,0,83
2837580570,2837580579,0,75
2837580571,2837580575,0,88
2837580571,3001634032,0,86
2837580573,2837580567,0,90
2837580573,2837580580,0,51
2837580573,2837580555,0,96
2837580574,2837580582,0,96
2837580574,2837580532,0,92
2837580574,2575448020,0,68
2837580575,3001634733,0,55
2837580575,2839255717,0,63
2837580576,2837580551,0,78
2837580576,2837580611,0,88
2837580576,3777944433,0,80
2837580576,7941659596,0,80
2837580577,1880441878,0,60
2837580577,2837580624,0,64
2837580578,2837580580,0,76
2837580578,2837580567,0,88
2837580578,2837580592,0,59
2837580579,4776766926,0,100
2837580579,2841299283,0,87
2837580579,2837580509,0,99
2837580579,2837580570,0,61
2837580580,2837580578,0,89
2837580580,2837580573,0,92
2837580580,2837580595,0,82
2837580581,3773002119,0,66
2837580581,2839255720,0,60
2837580581,1880441855,0,96
2837580582,2837580574,0,93
2837580582,2837580558,0,71
2837580582,2837580619,0,79
2837580584,2837580621,0,88
2837580584,7918749125,0,87
2837580584,2837580521,0,54
2837580590,2837580527,0,64
2837580590,2837580594,0,74
2837580591,2837580606,0,74
2837580591,2841299294,0,58
2837580592,2837580595,0,56
2837580592,2837580578,0,51
2837580592,2837580601,0,62
2837580594,2837580531,0,83
2837580594,2837580598,0,82
2837580594,2837580590,0,93
2837580595,2837580592,0,76
2837580595,2837580609,0,59
2837580595,2837580580,0,88
2837580598,2833253844,0,56
2837580598,2837580602,0,61
2837580598,2837580594,0,80
2837580601,2837580609,0,89
2837580601,2837580592,0,88
2837580601,2837580623,0,52
2837580602,2837580538,0,100
2837580602,2837580610,0,84
2837580602,2837580598,0,82
2837580606,2837580625,0,98
2837580606,4776766926,0,57
2837580608,4776756136,0,55
2837580608,2841299288,0,80
2837580608,8835095217,0,92
2837580608,2833253843,0,58
2837580609,2837580601,0,88
2837580609,2837580629,0,84
2837580609,2837580595,0,50
2837580610,2837580540,0,99
2837580610,2837580620,0,93
2837580610,2837580602,0,91
2837580611,2575448061,0,77
2837580611,2837580576,0,83
2837580611,2833127072,0,76
2837580611,7941711843,0,73
2837580617,7888562543,0,52
2837580617,571470125,0,94
2837580617,2845678203,0,83
2837580618,2841518267,0,77
2837580618,7918749133,0,64
2837580618,7915387191,0,80
2837580619,2575448020,0,100
2837580619,2837580582,0,99
2837580619,2837580643,0,74
2837580620,2837580546,0,72
2837580620,2837580623,0,87
2837580620,2837580610,0,97
2837580621,2837580584,0,98
2837580621,2837580641,0,94
2837580621,3496483754,0,86
2837580623,2837580601,0,56
2837580623,2837580629,0,77
2837580623,2837580620,0,58
2837580624,2837580577,0,66
2837580624,2837580675,0,80
2837580624,2839255722,0,99
2837580624,2841299296,0,64
2837580625,1880441895,0,55
2837580625,2837580650,0,68
2837580629,2837580609,0,88
2837580629,2837580631,0,84
2837580629,2837580623,0,76
2837580631,2837580636,0,66
2837580631,2837580629,0,62
2837580631,2837580557,0,50
2837580632,2575448032,0,95
2837580632,2837580643,0,97
2837580632,2575448008,0,100
2837580634,2837580639,0,50
2837580634,4776756137,0,86
2837580636,2837580642,0,83
2837580636,2837580631,0,57
2837580636,2833253846,0,83
2837580637,2833127081,0,50
2837580637,2837580671,0,74
2837580637,3777925254,0,91
2837580639,2841299297,0,63
2837580639,7911606263,0,94
2837580641,8833928789,0,70
2837580641,8843862591,0,76
2837580641,7915387191,0,73
2837580641,2837580621,0,56
2837580642,2837580644,0,59
2837580642,2837580636,0,77
2837580642,2837580560,0,91
2837580643,2837580632,0,87
2837580643,2837580658,0,66
2837580643,2837580619,0,66
2837580644,2837580648,0,84
2837580644,2837580642,0,77
2837580644,2837580562,0,86
2837580646,2837580647,0,73
2837580646,2843657802,0,89
2837580647,2837580654,0,67
2837580647,4776723237,0,93
2837580648,3001634030,0,75
2837580648,2837580652,0,98
2837580648,2837580644,0,63
2837580650,2837580667,0,76
2837580650,2837580625,0,85
2837580650,2839255735,0,100
2837580651,2841299296,0,85
2837580651,2839255723,0,80
2837580651,7911606253,0,61
2837580652,3001634031,0,73
2837580652,2837580660,0,85
2837580652,2837580648,0,85
2837580653,4108308600,0,80
2837580653,2843852329,0,66
2837580653,7888562543,0,69
2837580654,2841299298,0,86
2837580654,4776770722,0,72
2837580654,2837580968,0,99
2837580655,2837580925,0,95
2837580656,2839255726,0,75
2837580658,2575448008,0,97
2837580658,2837580643,0,58
2837580658,2841299312,0,92
2837580660,3001634032,0,57
2837580660,2837580665,0,97
2837580660,2837580652,0,64
2837580661,3496483753,0,78
2837580661,2845678258,0,100
2837580661,8843862591,0,94
2837580664,2839255723,0,60
2837580664,2837580690,0,56
2837580664,7911606253,0,63
2837580665,3001634733,0,82
2837580665,2839255724,0,75
2837580665,2837580660,0,100
2837580667,2837580650,0,71
2837580667,2839255725,0,85
2837580667,2837580696,0,89
2837580670,2833127095,0,94
2837580670,2171064393,0,93
2837580671,2837580637,0,95
2837580671,2575603085,0,53
2837580671,2837580686,0,60
2837580675,2837580624,0,74
2837580675,2837580683,0,90
2837580675,2839255724,0,50
2837580675,7912679479,0,55
2837580679,2837580689,0,59
2837580683,7911606253,0,80
2837580683,2837580910,0,88
2837580683,2837580675,0,77
2837580683,2837580954,0,55
2837580686,7941711853,0,54
2837580686,2837580969,0,66
2837580686,2837580688,0,64
2837580686,2837580671,0,73
2837580688,7941711850,0,55
2837580688,2575448042,0,88
2837580688,2837580686,0,52
2837580689,2837580679,0,96
2837580689,7891677715,0,74
2837580690,2837580664,0,75
2837580690,2839255725,0,89
2837580690,2837580910,0,91
2837580693,2837580922,0,83
2837580696,2837580903,0,68
2837580696,2837580917,0,95
2837580696,2837580667,0,88
2837580697,7891677715,0,53
2837580697,3774455868,0,99
2837580700,7918749245,0,61
2837580700,3502830643,0,90
2837580700,3502758214,0,81
2837580901,2843852315,0,78
2837580901,3774436882,0,50
2837580901,2845678270,0,62
2837580901,2837580918,0,92
2837580902,2837580942,0,83
2837580903,2837580929,0,68
2837580903,2837580696,0,62
2837580903,2839255725,0,52
2837580903,2837580910,0,100
2837580910,2837580683,0,88
2837580910,2837580903,0,82
2837580910,2837580690,0,83
2837580917,2837580929,0,94
2837580917,2837580930,0,64
2837580917,2837580696,0,89
2837580918,2837580901,0,60
2837580918,2837580948,0,93
2837580918,2837580935,0,52
2837580919,2837284929,0,73
2837580919,2575603081,0,65
2837580919,2575603085,0,91
2837580922,2837580693,0,50
2837580922,2837580942,0,60
2837580922,2839255735,0,55
2837580923,7911606263,0,67
2837580923,2837580932,0,99
2837580923,2837581116,0,75
2837580924,12220743977,0,72
2837580924,2990086912,0,92
2837580924,7889638405,0,75
2837580925,7918749170,0,75
2837580925,2837580655,0,87
2837580925,3502893623,0,62
2837580925,3502850189,0,83
2837580928,2841518274,0,50
2837580928,2841518300,0,97
2837580929,2837580903,0,95
2837580929,2837580917,0,54
2837580929,2837580939,0,55
2837580930,2837580917,0,85
2837580930,2837580939,0,68
2837580930,2837580981,0,96
2837580931,2837580948,0,85
2837580932,2837580923,0,87
2837580932,2839255737,0,72
2837580932,2839255726,0,72
2837580935,2837580918,0,67
2837580939,2837580929,0,64
2837580939,2837580930,0,88
2837580939,7911606257,0,62
2837580942,2837580902,0,79
2837580942,2837580922,0,75
2837580942,2837580979,0,86
2837580947,2843852328,0,50
2837580947,2845678295,0,66
2837580947,2837581152,0,61
2837580948,2837580918,0,76
2837580948,2837580931,0,82
2837580948,2837581128,0,56
2837580954,2837580964,0,85
2837580954,2837580683,0,54
2837580954,7912679479,0,82
2837580960,2837580966,0,68
2837580960,2837580970,0,71
2837580960,2841299319,0,57
2837580964,2837580954,0,82
2837580964,2837581106,0,66
2837580964,2833127322,0,84
2837580966,2837580960,0,100
2837580968,2839149696,0,86
2837580968,2837580654,0,66
2837580968,2841299311,0,94
2837580969,2575603092,0,78
2837580969,2837284928,0,74
2837580969,2837580686,0,86
2837580970,2837580960,0,80
2837580970,3777704721,0,99
2837580970,2837580992,0,65
2837580971,2841299321,0,98
2837580971,2837581130,0,71
2837580971,7941688153,0,99
2837580971,7941688141,0,79
2837580975,2837580984,0,93
2837580975,7941688154,0,79
2837580975,2833127308,0,87
2837580976,2845678290,0,51
2837580976,3140039582,0,80
2837580976,2843852329,0,57
2837580979,2837580981,0,66
2837580979,2839255737,0,54
2837580979,2837580942,0,74
2837580981,2837580979,0,90
2837580981,2839255741,0,100
2837580981,2837580930,0,64
2837580984,7941688172,0,93
2837580984,2837580975,0,94
2837580984,2837581113,0,64
2837580992,2837581109,0,70
2837580992,2837580970,0,76
2837580992,7941711826,0,72
2837581104,2843852381,0,83
2837581104,2843852363,0,84
2837581104,2843852353,0,50
2837581104,7889638411,0,94
2837581106,2837581119,0,66
2837581106,4160437048,0,65
2837581109,2837580992,0,68
2837581109,7941688172,0,55
2837581109,7941702692,0,75
2837581111,2837581125,0,93
2837581111,7941688153,0,97
2837581111,2833127310,0,71
2837581112,2837581314,0,54
2837581112,2837581120,0,85
2837581113,7941688159,0,61
2837581113,7941688164,0,80
2837581113,2837580984,0,70
2837581114,3502758401,0,72
2837581114,7918749169,0,63
2837581114,3502850188,0,86
2837581116,1880442388,0,67
2837581116,2839255741,0,61
2837581116,2837580923,0,97
2837581119,6649212607,0,93
2837581119,2833127321,0,62
2837581119,2833127332,0,81
2837581120,2837581310,0,97
2837581120,9645626608,0,62
2837581120,2839149719,0,65
2837581122,7941688164,0,97
2837581122,2837581141,0,65
2837581122,7941688159,0,66
2837581124,2837581128,0,63
2837581124,2843852353,0,64
2837581124,2837581318,0,62
2837581125,2837581111,0,65
2837581125,2837581130,0,89
2837581125,2575448060,0,72
2837581128,2837581124,0,59
2837581128,2843852370,0,99
2837581128,2837580948,0,56
2837581130,2837580971,0,57
2837581130,7941688139,0,55
2837581130,2837581125,0,93
2837581140,1880442415,0,92
2837581140,2837581302,0,81
2837581141,2837581158,0,89
2837581141,2837581148,0,50
2837581141,2837581122,0,98
2837581142,3502758632,0,84
2837581142,2841518421,0,52
2837581142,2837581193,0,80
2837581147,2833127336,0,73
2837581147,2837581308,0,89
2837581148,2837581167,0,70
2837581148,2837581164,0,81
2837581148,2837581141,0,86
2837581150,2575448010,0,67
2837581150,12198693354,0,81
2837581150,2837581172,0,61
2837581152,2843852399,0,98
2837581152,2837580947,0,82
2837581154,2837581322,0,67
2837581156,2837581323,0,75
2837581158,2837581141,0,64
2837581158,7941688164,0,98
2837581158,2837581195,0,86
2837581164,2837581174,0,58
2837581164,2837581148,0,53
2837581164,2575448062,0,83
2837581167,2837581148,0,77
2837581168,2837581362,0,80
2837581168,4776723239,0,84
2837581168,2837581187,0,52
2837581170,2837581370,0,82
2837581170,7904691738,0,72
2837581170,7904691738,1,75
2837581171,2837581186,0,93
2837581171,7889638406,0,99
2837581171,2837581345,0,61
2837581172,2575448047,0,79
2837581172,7941688139,0,57
2837581172,2837581150,0,94
2837581174,2837581164,0,83
2837581186,2837581171,0,79
2837581187,2837581194,0,70
2837581187,11578468176,0,94
2837581189,7222567565,0,50
2837581189,2833127349,0,50
2837581189,2833127344,0,93
2837581190,2843852396,0,63
2837581190,7889638427,0,74
2837581190,2843852426,0,87
2837581190,12269583150,0,56
2837581193,2837581142,0,70
2837581194,1880442449,0,73
2837581194,7916755437,0,89
2837581195,2575448062,0,66
2837581195,2837581158,0,61
2837581195,2837284940,0,85
2837581199,1880442415,0,66
2837581199,2837581302,0,65
2837581199,2839255767,0,67
2837581200,7222623248,0,80
2837581200,2833127353,0,89
2837581200,2833127349,0,71
2837581301,2837581309,0,73
2837581301,7941659611,0,61
2837581301,2575448047,0,81
2837581302,2837581140,0,77
2837581302,2837581199,0,63
2837581302,2841518436,0,76
2837581302,2841518454,0,94
2837581305,7918749115,0,98
2837581305,7918749113,0,73
2837581308,2841299349,0,73
2837581308,2833127350,0,75
2837581308,2841299354,0,67
2837581308,2837581147,0,78
2837581309,2837581301,0,61
2837581310,2837581120,0,86
2837581310,2839255768,0,58
2837581310,2837581314,0,86
2837581310,2839149748,0,93
2837581311,2837581344,0,64
2837581314,2837581112,0,56
2837581314,2837581317,0,96
2837581314,2837581310,0,67
2837581314,7911603778,0,65
2837581317,2841518412,0,85
2837581317,7911603778,0,77
2837581317,2839255762,0,74
2837581317,2837581314,0,62
2837581318,2843852426,0,59
2837581318,2837581325,0,97
2837581318,2837581124,0,59
2837581321,2837581335,0,80
2837581321,7941659611,0,50
2837581321,2837284935,0,61
2837581322,2837581154,0,76
2837581322,2837581323,0,81
2837581322,2839255762,0,58
2837581322,6444391444,0,90
2837581323,2837581156,0,83
2837581323,2841518448,0,84
2837581323,2837581322,0,96
2837581323,2837581326,0,70
2837581325,2837581318,0,100
2837581325,2837581345,0,81
2837581325,2837581818,0,69
2837581325,2843852370,0,66
2837581326,1880442465,0,85
2837581326,6444846565,0,86
2837581326,2837581323,0,53
2837581329,2837581394,0,75
2837581329,2841299354,0,56
2837581329,2833127363,0,94
2837581330,4776756150,0,60
2837581330,2837581366,0,53
2837581332,2837581339,0,63
2837581333,2839149753,0,66
2837581333,7918749106,0,80
2837581333,7916755450,0,90
2837581335,2837581321,0,56
2837581339,4160437054,0,78
2837581339,2837581332,0,97
2837581339,3772964237,0,71
2837581344,2837581311,0,66
2837581344,7904691738,0,73
2837581344,7916513478,0,73
2837581345,2837581325,0,85
2837581345,6354226242,0,85
2837581345,2837581171,0,66
2837581348,2575606151,0,72
2837581348,2837284937,0,51
2837581348,2837284930,0,76
2837581348,2837581399,0,57
2837581350,2837581363,0,72
2837581350,2575603842,0,93
2837581351,2837581372,0,88
2837581351,2171064411,0,62
2837581351,7911664344,0,86
2837581355,7911664344,0,86
2837581357,2837581365,0,91
2837581357,3772964236,0,91
2837581357,2171064409,0,84
2837581360,3772964237,0,61
2837581362,2837581168,0,99
2837581363,2575608321,0,68
2837581363,1880442501,0,72
2837581363,2837581350,0,70
2837581365,2837581357,0,93
2837581365,2833127345,0,82
2837581365,2841299369,0,81
2837581365,7911664358,0,99
2837581366,2841518463,0,97
2837581366,2841518464,0,78
2837581370,7916513484,0,55
2837581370,3777946267,0,74
2837581370,2837581170,0,89
2837581372,2837581351,0,68
2837581372,7911664348,0,79
2837581372,7911664350,0,90
2837581374,2837581400,0,59
2837581374,7889638426,0,60
2837581374,6354226242,0,90
2837581382,3430413597,0,71
2837581382,2841299365,0,76
2837581382,2837581654,0,90
2837581387,2841518456,0,89
2837581387,2841518468,0,86
2837581387,7915427882,0,75
2837581387,2841518484,0,54
2837581394,2833127397,0,55
2837581394,2837581329,0,60
2837581394,2833127416,0,71
2837581394,7222623311,0,64
2837581395,2837284937,0,70
2837581395,2837581606,0,70
2837581395,2837284955,0,91
2837581399,2837581606,0,68
2837581399,2837581348,0,95
2837581399,2837581826,0,67
2837581400,2837581374,0,88
2837581400,2837581661,0,91
2837581400,3140039586,0,75
2837581604,7918749174,0,67
2837581604,2841518480,0,78
2837581604,2841518465,0,99
2837581606,2837581399,0,73
2837581606,7954366861,0,97
2837581606,2837581395,0,87
2837581612,2837581657,0,83
2837581612,7918749115,0,78
2837581612,2843657825,0,76
2837581614,2839255768,0,60
2837581615,2837284957,0,61
2837581615,2837284959,0,51
2837581615,2837284969,0,58
2837581629,2837284964,0,96
2837581629,2837581643,0,65
2837581629,2837581636,0,92
2837581632,2837581661,0,66
2837581632,2843852532,0,97
2837581632,7889638426,0,94
2837581636,2837581652,0,97
2837581636,2837284962,0,55
2837581636,2837581629,0,63
2837581637,2837284955,0,60
2837581637,2837284969,0,75
2837581637,2837284978,0,56
2837581638,2837581649,0,56
2837581638,7941659628,0,54
2837581638,2837284972,0,80
2837581643,2837581629,0,85
2837581643,2837284973,0,53
2837581643,2837581652,0,51
2837581644,7911664331,0,99
2837581645,2839255767,0,75
2837581645,2841518478,0,83
2837581645,11578468176,0,98
2837581649,2837581638,0,55
2837581652,2837581679,0,56
2837581652,2837581636,0,66
2837581652,2837581643,0,89
2837581653,2837284973,0,59
2837581653,2837284969,0,55
2837581653,2837581672,0,91
2837581654,2833127446,0,74
2837581654,2833127485,0,69
2837581654,2833127400,0,64
2837581654,2837581382,0,65
2837581657,2837581658,0,97
2837581657,2837581815,0,68
2837581657,2837581612,0,78
2837581658,2837581657,0,90
2837581658,2837581821,0,58
2837581658,2843657825,0,58
2837581659,1880442479,0,83
2837581659,1880442491,0,60
2837581659,2845678446,0,51
2837581661,2837581632,0,52
2837581661,2837581400,0,92
2837581661,2843852557,0,72
2837581663,2837284973,0,70
2837581663,2837284977,0,80
2837581663,2837581679,0,79
2837581672,2837581685,0,84
2837581672,2837581678,0,67
2837581672,2837581653,0,85
2837581673,2837581677,0,78
2837581673,2837581691,0,58
2837581673,2837284965,0,94
2837581676,2837284969,0,84
2837581676,2837284982,0,61
2837581676,2837581678,0,87
2837581677,2837284972,0,88
2837581677,2837581673,0,79
2837581677,2837581891,0,90
2837581678,2837581676,0,97
2837581678,2837581685,0,90
2837581678,2837581672,0,86
2837581679,2837284980,0,77
2837581679,2837581652,0,83
2837581679,2837581663,0,90
2837581685,2837581678,0,90
2837581685,2837581695,0,84
2837581685,2837581672,0,69
2837581688,2837581803,0,72
2837581691,2837581803,0,80
2837581691,2575448004,0,84
2837581691,2837581673,0,64
2837581692,7911664331,0,55
2837581692,7222623323,0,78
2837581695,2837581699,0,69
2837581695,2837581685,0,73
2837581695,2837581808,0,76
2837581697,3776032374,0,66
2837581697,2841518496,0,59
2837581697,1880442582,0,69
2837581699,2837284977,0,50
2837581699,2837284985,0,50
2837581699,2837581695,0,83
2837581803,2837581819,0,98
2837581803,2837581691,0,58
2837581803,2837581688,0,72
2837581805,2575448015,0,68
2837581805,2837284980,0,80
2837581805,2575448004,0,84
2837581808,2837284982,0,50
2837581808,2837581810,0,94
2837581808,2837581695,0,81
2837581809,7888977766,0,98
2837581810,2837581808,0,80
2837581810,2837284985,0,69
2837581810,2837581824,0,50
2837581811,7911664326,0,99
2837581811,8855614419,0,77
2837581811,10267077006,0,68
2837581812,1880442449,0,88
2837581812,7916755437,0,64
2837581812,3955034760,0,100
2837581815,2837581657,0,50
2837581815,3955034760,0,85
2837581815,2837581821,0,73
2837581816,2837582023,0,62
2837581816,2837581821,0,76
2837581816,2837581832,0,85
2837581816,2843657825,0,77
2837581818,2837581325,0,75
2837581819,2575448004,0,65
2837581819,2837581803,0,60
2837581819,2837284990,0,95
2837581820,7222623228,0,97
2837581820,2837581822,0,91
2837581820,2837582084,0,74
2837581820,2837581832,0,74
2837581821,2837581658,0,64
2837581821,2837581815,0,66
2837581821,2837581816,0,55
2837581821,2841518716,0,77
2837581822,1880442591,0,90
2837581822,2837581820,0,65
2837581824,2837581810,0,83
2837581824,2837581840,0,98
2837581824,2837581843,0,89
2837581826,2837581399,0,94
2837581826,7954366861,0,93
2837581832,2837582066,0,67
2837581832,2841518464,0,68
2837581832,2837581816,0,91
2837581832,2837581820,0,97
2837581834,2837581840,0,84
2837581840,2837581824,0,67
2837581840,2837581834,0,76
2837581840,2837581843,0,62
2837581843,2837581824,0,54
2837581843,2837581840,0,61
2837581843,2837581850,0,58
2837581846,9708719580,0,68
2837581846,2837582008,0,57
2837581846,7223106060,0,90
2837581849,3776032366,0,79
2837581850,7941659615,0,89
2837581850,2575448015,0,78
2837581850,2837581843,0,67
2837581856,2837581857,0,94
2837581856,7222623226,0,89
2837581856,6146875017,0,81
2837581857,2837581856,0,62
2837581857,2833127496,0,70
2837581857,7222623421,0,51
2837581859,2837581886,0,59
2837581859,2837285105,0,53
2837581860,3776032367,0,84
2837581862,2837582017,0,51
2837581865,2837581859,0,61
2837581865,9627999328,0,56
2837581865,3430413617,0,68
2837581866,3776025977,0,67
2837581866,2837581879,0,58
2837581866,2845678446,0,95
2837581869,7888977766,0,78
2837581869,2837582014,0,96
2837581869,2837581880,0,50
2837581870,2837581894,0,64
2837581870,2837581865,0,55
2837581871,3776032379,0,59
2837581878,2837581887,0,50
2837581879,7915427860,0,81
2837581879,3776025976,0,63
2837581879,2837581866,0,71
2837581880,2837582014,0,76
2837581880,2837581869,0,69
2837581880,2837582037,0,100
2837581885,7888977768,0,81
2837581886,2837581859,0,73
2837581886,2837582020,0,79
2837581886,3430413617,0,94
2837581887,2837581878,0,100
2837581887,7888978586,0,52
2837581887,3776015556,0,71
2837581889,7222623382,0,55
2837581889,2837582007,0,98
2837581891,2837285123,0,59
2837581891,7941659615,0,53
2837581891,2837581677,0,67
2837581894,2837582031,0,99
2837581894,2837581870,0,75
2837581894,3430413617,0,54
2837581896,3776032369,0,84
2837581900,7888978682,0,80
2837581900,12210528675,0,61
2837581900,7888978681,0,62
2837582007,7916815906,0,66
2837582007,3774500662,0,74
2837582008,3776015547,0,50
2837582008,2837581846,0,57
2837582008,7888977768,0,99
2837582014,2837581869,0,95
2837582014,2837581880,0,65
2837582014,3776025983,0,74
2837582017,2837582029,0,99
2837582017,2837581862,0,78
2837582017,2837582060,0,65
2837582019,7941820288,0,97
2837582019,7941820285,0,52
2837582019,7954316545,0,62
2837582020,2837582074,0,79
2837582020,2837582026,0,97
2837582020,2837581886,0,99
2837582022,2837582026,0,56
2837582022,3430413617,0,83
2837582022,2837582031,0,92
2837582023,2837581816,0,63
2837582023,2837582066,0,80
2837582023,2841518716,0,74
2837582026,2837582020,0,93
2837582026,2837582022,0,69
2837582026,2837582076,0,70
2837582027,3776032373,0,60
2837582029,2837285102,0,90
2837582029,2837285143,0,96
2837582029,2837582017,0,52
2837582031,2837581894,0,97
2837582031,2837582039,0,85
2837582031,2837582022,0,83
2837582031,2837582077,0,57
2837582037,2837581880,0,66
2837582037,7223163283,0,80
2837582037,1880442479,0,90
2837582039,2837582031,0,69
2837582044,7941820285,0,62
2837582044,2841299528,0,73
2837582044,2837582073,0,53
2837582052,2837582053,0,92
2837582052,2837582069,0,63
2837582052,2837285123,0,57
2837582053,2837582052,0,65
2837582058,7941820288,0,90
2837582058,7954366863,0,77
2837582060,2837285137,0,70
2837582060,2837285143,0,50
2837582060,2837582017,0,60
2837582061,2837582064,0,100
2837582061,11047655470,0,67
2837582062,3776032378,0,87
2837582064,2837582067,0,57
2837582064,4247888872,0,75
2837582066,2837581832,0,100
2837582066,2837582084,0,65
2837582066,2837582023,0,50
2837582067,1880442620,0,52
2837582067,3776010689,0,87
2837582069,2837582052,0,100
2837582069,2837582241,0,94
2837582069,2837285123,0,80
2837582070,11047635702,0,94
2837582070,2837582223,0,88
2837582073,7941816984,0,59
2837582073,2837285158,0,73
2837582073,2837582044,0,99
2837582074,2837285145,0,55
2837582074,2837582076,0,65
2837582074,2837582020,0,60
2837582075,2837582070,0,81
2837582075,4247888878,0,55
2837582076,2837582074,0,93
2837582076,2837582077,0,89
2837582076,2837582026,0,71
2837582077,2837582076,0,98
2837582077,2575448057,0,90
2837582077,2837582031,0,53
2837582078,13153807940,0,53
2837582078,6583655698,0,72
2837582080,7127597643,0,91
2837582080,4247888870,0,59
2837582084,2837581820,0,94
2837582084,7222567575,0,84
2837582084,2837582066,0,100
2837582086,2841518738,0,56
2837582091,2833127582,0,58
2837582091,2837285184,0,81
2837582091,2837582222,0,64
2837582202,2837582221,0,70
2837582202,1880442672,0,85
2837582221,2837582229,0,100
2837582221,2837582202,0,91
2837582221,2837582245,0,98
2837582222,7911697784,0,72
2837582222,2837285211,0,78
2837582222,2841518746,0,96
2837582222,2837582091,0,62
2837582223,2837582070,0,51
2837582226,3776015550,0,94
2837582226,8518100577,0,74
2837582229,2837582257,0,72
2837582229,2837582234,0,96
2837582229,2837582221,0,58
2837582232,12200868900,0,66
2837582232,2841518738,0,52
2837582232,2833127626,0,81
2837582233,3430413638,0,95
2837582234,2837582261,0,78
2837582234,2837582243,0,85
2837582234,2837582229,0,68
2837582241,2837582069,0,84
2837582243,2837582270,0,94
2837582243,2837582234,0,81
2837582243,7916815902,0,62
2837582245,2837582221,0,86
2837582248,1880442596,0,61
2837582248,3776032391,0,84
2837582248,2841518732,0,72
2837582250,7941820302,0,70
2837582253,4247888870,0,96
2837582255,2837582294,0,79
2837582255,2575615517,0,67
2837582255,2575626611,0,88
2837582257,2837582229,0,85
2837582258,2575626607,0,60
2837582258,2575626611,0,54
2837582258,2837582297,0,83
2837582261,2837582234,0,59
2837582262,2837582268,0,78
2837582262,7954366876,0,68
2837582262,7941820302,0,66
2837582268,2837582283,0,84
2837582268,2837582262,0,73
2837582268,3777918353,0,79
2837582270,2837582243,0,50
2837582271,2837582276,0,99
2837582271,2575608317,0,90
2837582271,2837582273,0,82
2837582273,2575621993,0,74
2837582273,2837582279,0,96
2837582273,2837582271,0,61
2837582276,2837582271,0,51
2837582276,2837582279,0,89
2837582276,2837582508,0,73
2837582279,2837285252,0,99
2837582279,2837582273,0,89
2837582279,2837582276,0,65
2837582283,2837582296,0,70
2837582283,7954366877,0,96
2837582283,2837582268,0,54
2837582285,2837285265,0,92
2837582285,2837285202,0,84
2837582285,2837285246,0,74
2837582285,2841299586,0,62
2837582292,2575626607,0,83
2837582292,2837582297,0,93
2837582292,7941961008,0,81
2837582294,2837582517,0,99
2837582294,2837582255,0,85
2837582294,2837582297,0,59
2837582296,7954366878,0,89
2837582296,2837582283,0,68
2837582296,3777918355,0,70
2837582297,2837582258,0,76
2837582297,2837582292,0,91
2837582297,2837582294,0,70
2837582298,2837285246,0,57
2837582298,2837285218,0,56
2837582298,7916815892,0,83
2837582503,2837285265,0,92
2837582503,2837285206,0,54
2837582503,2841299586,0,52
2837582504,2841299590,0,58
2837582504,2841299572,0,61
2837582504,2837582539,0,52
2837582508,2837582518,0,62
2837582508,2837582519,0,56
2837582508,2837582276,0,81
2837582510,2837582525,0,62
2837582510,2837582513,0,56
2837582510,7954366879,0,52
2837582513,2837582510,0,86
2837582516,2575634835,0,91
2837582516,2575626605,0,74
2837582516,2575634845,0,92
2837582517,2837582294,0,81
2837582517,2575615517,0,83
2837582517,2837582565,0,89
2837582517,7941961001,0,94
2837582518,2837582523,0,87
2837582518,2837582508,0,66
2837582518,7941961003,0,53
2837582519,2837582530,0,73
2837582519,2837582523,0,64
2837582519,2837582508,0,88
2837582520,2837582528,0,95
2837582520,7222567543,0,54
2837582520,2837285271,0,50
2837582523,2837582519,0,63
2837582523,2837582518,0,91
2837582523,2837582538,0,81
2837582525,3777922965,0,55
2837582525,2837582544,0,79
2837582525,2837582510,0,90
2837582526,2837582550,0,53
2837582526,2837285246,0,73
2837582526,2837582579,0,85
2837582528,2837582520,0,97
2837582528,7916815892,0,76
2837582528,2837582550,0,73
2837582530,13606963224,0,100
2837582530,13606963225,0,95
2837582530,2837582519,0,53
2837582533,2837582543,0,89
2837582533,13606963224,0,67
2837582533,2837285252,0,83
2837582537,2837285271,0,52
2837582537,1880442782,0,96
2837582537,2837582566,0,54
2837582538,2837582562,0,69
2837582538,13606963225,0,54
2837582538,2837582523,0,63
2837582539,13607003526,0,83
2837582539,2837285283,0,56
2837582539,4150844669,0,56
2837582539,2837582504,0,96
2837582542,2837582552,0,64
2837582542,2575611999,0,84
2837582542,2575634835,0,74
2837582543,2837582533,0,62
2837582543,7941892818,0,62
2837582543,7942133088,0,83
2837582544,2837582556,0,92
2837582544,2837582525,0,65
2837582544,2837582553,0,86
2837582544,3777922967,0,90
2837582550,2837285297,0,61
2837582550,2837582526,0,85
2837582550,2837582528,0,97
2837582550,2837285295,0,85
2837582552,2575626606,0,76
2837582552,2575626605,0,97
2837582552,2837582542,0,56
2837582553,2575634838,0,99
2837582553,2837582544,0,90
2837582553,2837285457,0,86
2837582555,2837582556,0,72
2837582556,2837582569,0,93
2837582556,2837582544,0,79
2837582556,2837582555,0,94
2837582561,2837582573,0,92
2837582561,7942088320,0,77
2837582561,7942133088,0,56
2837582562,2837582538,0,60
2837582563,2837582569,0,100
2837582564,2575619517,0,61
2837582564,2575619520,0,85
2837582564,2837582568,0,75
2837582565,7941961013,0,82
2837582565,2837582517,0,71
2837582565,2575626605,0,92
2837582566,2837285295,0,60
2837582566,2837582537,0,84
2837582566,2837582596,0,88
2837582568,2575619516,0,78
2837582568,3773002143,0,72
2837582568,2837582564,0,70
2837582569,2837582556,0,85
2837582569,2837582563,0,70
2837582569,2837582738,0,73
2837582570,4150844669,0,76
2837582570,3001634734,0,98
2837582570,2837582592,0,90
2837582572,7941961013,0,77
2837582572,2837582582,0,96
2837582572,7941961014,0,70
2837582573,2837582561,0,88
2837582573,7942088322,0,65
2837582573,2575619522,0,86
2837582575,2837582585,0,84
2837582575,2575619509,0,63
2837582575,2837582580,0,74
2837582579,2837582593,0,99
2837582579,2837285287,0,85
2837582579,2837582526,0,97
2837582580,2837582599,0,66
2837582580,7942088311,0,73
2837582580,2837582575,0,78
2837582582,2837582595,0,78
2837582582,7941961015,0,75
2837582582,2837582572,0,50
2837582582,7941961022,0,96
2837582585,2837582575,0,52
2837582585,2837582715,0,68
2837582585,3773002144,0,88
2837582589,2837285421,0,51
2837582589,2837582718,0,83
2837582589,2837285420,0,58
2837582590,2837285425,0,69
2837582590,2837285413,0,50
2837582590,2837582593,0,69
2837582591,4149386092,0,64
2837582591,2837582714,0,63
2837582591,2837582752,0,70
2837582592,2837582570,0,51
2837582592,3001634735,0,99
2837582592,7912303853,0,94
2837582593,2837285446,0,67
2837582593,2837582579,0,85
2837582593,2837582590,0,82
2837582595,2837582582,0,85
2837582595,2837582598,0,86
2837582595,2837582732,0,86
2837582596,2837582724,0,59
2837582596,2837285421,0,56
2837582596,2837582566,0,52
2837582598,2837582600,0,79
2837582598,2837582595,0,72
2837582598,7941961021,0,59
2837582599,2837582580,0,58
2837582599,2837582715,0,66
2837582599,2837582705,0,73
2837582600,2837582717,0,87
2837582600,2837582598,0,65
2837582600,7941961021,0,64
2837582705,2837582599,0,66
2837582705,2833127683,0,69
2837582705,2837582723,0,55
2837582706,2833303018,0,86
2837582706,7912298340,0,75
2837582706,7912298340,1,86
2837582707,2837582727,0,63
2837582707,3001634735,0,96
2837582707,3001634734,0,54
2837582714,2837582591,0,96
2837582715,2837582599,0,70
2837582715,2837582723,0,100
2837582715,2837582585,0,80
2837582717,2837582600,0,61
2837582718,2837285449,0,81
2837582718,2837582589,0,94
2837582718,2837285447,0,94
2837582721,2837285449,0,86
2837582721,2837582724,0,56
2837582721,2837582740,0,88
2837582723,7942088306,0,91
2837582723,2837582705,0,69
2837582723,2837582715,0,52
2837582724,2837582596,0,96
2837582724,1880442934,0,86
2837582724,2837582721,0,74
2837582724,2841299659,0,55
2837582727,2841299672,0,99
2837582727,4150844687,0,53
2837582727,2837582707,0,99
2837582732,2837582736,0,71
2837582732,2837582595,0,72
2837582732,2837582734,0,77
2837582734,2837582735,0,76
2837582734,2837582742,0,57
2837582734,2837582732,0,99
2837582735,2837582734,0,64
2837582735,7941961022,0,97
2837582735,2837582742,0,91
2837582736,2837582732,0,88
2837582738,2837285480,0,50
2837582738,2837285457,0,90
2837582738,2837582569,0,99
2837582740,2837285477,0,90
2837582740,2837285449,0,74
2837582740,7915731641,0,53
2837582740,2837582721,0,69
2837582742,2837582735,0,83
2837582742,7942020285,0,52
2837582742,2837582734,0,70
2837582744,2837285480,0,84
2837582744,2837582747,0,86
2837582744,2837582762,0,59
2837582745,1880442977,0,70
2837582747,2837582744,0,82
2837582747,2575638639,0,94
2837582747,2837583001,0,64
2837582752,2837582591,0,59
2837582753,3773002149,0,53
2837582753,2841299689,0,93
2837582753,2837582766,0,96
2837582754,7942020285,0,75
2837582754,2837582755,0,78
2837582754,7941961027,0,98
2837582755,2575612012,0,88
2837582755,2837582754,0,86
2837582755,7941961026,0,82
2837582758,7942020285,0,55
2837582759,2837582762,0,64
2837582759,2837285539,0,77
2837582762,2837582744,0,68
2837582762,2837582759,0,100
2837582762,2837582798,0,75
2837582765,2833303066,0,59
2837582766,2837285534,0,58
2837582766,2837285509,0,71
2837582766,2837582753,0,55
2837582767,2837582790,0,80
2837582767,2841299698,0,86
2837582767,2837582780,0,97
2837582774,2833303090,0,53
2837582774,2833303076,0,85
2837582774,3430413670,0,75
2837582776,2837582778,0,66
2837582777,2837285521,0,55
2837582777,2837285540,0,75
2837582777,2837583004,0,82
2837582778,2575612013,0,77
2837582778,2575612012,0,99
2837582778,2837582776,0,94
2837582780,2837582800,0,58
2837582780,2837582787,0,98
2837582780,2837582767,0,58
2837582787,2837582780,0,80
2837582790,2837582797,0,85
2837582790,2837285552,0,62
2837582790,2837582767,0,81
2837582797,2837582800,0,75
2837582797,2837582790,0,91
2837582797,2837583036,0,86
2837582798,2837583001,0,62
2837582798,2837285539,0,85
2837582798,2837582762,0,89
2837582798,2837285602,0,97
2837582800,2837582797,0,83
2837582800,2837582780,0,65
2837582800,2841299737,0,65
2837582800,7942160048,0,54
2837583001,2837285552,0,67
2837583001,2837582798,0,99
2837583001,2841299747,0,77
2837583001,2837582747,0,70
2837583004,2837583018,0,93
2837583004,2837582777,0,86
2837583004,2837285559,0,55
2837583004,2837285545,0,57
2837583008,2841299736,0,92
2837583014,2837285577,0,76
2837583014,2575636013,0,77
2837583014,7942020320,0,73
2837583015,2837285540,0,72
2837583015,7942133097,0,62
2837583015,2837583034,0,70
2837583017,2837583044,0,72
2837583017,1880443004,0,88
2837583017,2837285582,0,91
2837583018,2837583004,0,51
2837583024,2837583035,0,99
2837583034,2837285559,0,69
2837583034,2837583015,0,60
2837583034,7942133097,0,72
2837583035,2837583024,0,89
2837583035,2575637692,0,78
2837583035,7942020314,0,89
2837583036,2837582797,0,59
2837583036,2837583074,0,78
2837583036,2837583049,0,52
2837583044,2837583085,0,64
2837583044,3777922970,0,62
2837583044,2837583017,0,93
2837583048,7942160046,0,73
2837583049,7942160048,0,59
2837583049,2837583036,0,98
2837583049,2837583061,0,96
2837583060,7942160051,0,55
2837583060,7942160047,0,57
2837583060,7942160054,0,97
2837583061,2837583081,0,53
2837583061,2837583049,0,65
2837583061,2837583064,0,89
2837583063,2837583068,0,59
2837583063,7942020312,0,68
2837583063,7942020314,0,50
2837583064,2837583086,0,71
2837583064,7942160046,0,94
2837583064,2837583061,0,57
2837583064,3430413681,0,69
2837583067,2833303168,0,78
2837583068,2837583094,0,80
2837583068,2837583063,0,51
2837583068,3777922971,0,71
2837583070,7942160051,0,63
2837583074,2841299757,0,97
2837583074,2837285602,0,84
2837583074,2837583036,0,63
2837583074,3430413685,0,63
2837583076,2837583322,0,84
2837583077,2833303177,0,83
2837583080,7942020312,0,98
2837583080,3430413682,0,66
2837583080,2837583323,0,85
2837583081,2837583061,0,80
2837583084,7912199190,0,89
2837583085,2837583044,0,96
2837583085,2841299761,0,59
2837583085,2841299748,0,94
2837583086,2837583064,0,94
2837583088,7942020323,0,92
2837583088,3430413684,0,51
2837583088,2837285583,0,74
2837583094,2837583095,0,87
2837583094,2837583068,0,92
2837583094,2837583349,0,83
2837583095,2837583301,0,52
2837583095,2837583094,0,66
2837583095,2837583368,0,60
2837583099,3430413681,0,53
2837583100,2837583363,0,68
2837583301,2837583095,0,62
2837583303,2833303161,0,100
2837583303,3430413688,0,94
2837583303,2833303166,0,89
2837583304,3777922972,0,67
2837583304,2575613686,0,53
2837583304,2837583322,0,79
2837583306,2837583359,0,91
2837583306,7942133126,0,50
2837583306,2837583344,0,54
2837583307,2837285590,0,74
2837583307,2837285623,0,92
2837583307,2837583320,0,67
2837583308,7942039553,0,92
2837583316,2837583546,0,92
2837583316,2837583546,1,73
2837583316,2833303105,0,56
2837583320,2837583338,0,51
2837583320,7954368028,0,68
2837583320,2837285594,0,91
2837583320,2837583307,0,74
2837583322,2837583076,0,64
2837583322,7942039561,0,74
2837583322,2837583341,0,82
2837583322,2837583304,0,95
2837583323,2837583080,0,56
2837583323,2837583358,0,70
2837583323,2837583333,0,81
2837583325,2837583388,0,88
2837583333,2837583345,0,84
2837583333,2837583323,0,55
2837583333,2837583365,0,61
2837583338,2837583320,0,62
2837583338,2575637109,0,82
2837583341,8841103216,0,79
2837583341,2837583342,0,85
2837583341,2837583392,0,95
2837583341,2837583322,0,51
2837583342,2837583341,0,52
2837583342,7942039555,0,65
2837583342,2837583398,0,83
2837583344,2837285634,0,69
2837583344,7942133106,0,71
2837583344,2837583306,0,81
2837583345,3430413682,0,75
2837583345,2837583333,0,97
2837583345,7954368025,0,60
2837583349,2837583351,0,51
2837583349,2837583094,0,72
2837583349,2837583391,0,93
2837583351,2837583349,0,72
2837583351,2837583397,0,72
2837583351,7942020311,0,90
2837583353,2837583502,0,69
2837583354,7942020306,0,65
2837583354,2837583381,0,82
2837583354,2837583373,0,67
2837583358,2837583365,0,53
2837583358,2837583323,0,90
2837583358,2837583368,0,66
2837583359,7942133125,0,74
2837583359,2837583306,0,51
2837583359,2837285635,0,85
2837583362,2837285650,0,67
2837583362,3430413685,0,64
2837583362,2837285602,0,59
2837583363,7912298330,0,71
2837583363,2837583388,0,75
2837583363,2837583100,0,92
2837583365,2837583358,0,58
2837583365,2837583367,0,55
2837583365,2837583333,0,96
2837583367,2575637694,0,74
2837583367,2837583365,0,83
2837583367,2837583387,0,93
2837583368,2837583358,0,89
2837583368,2837583387,0,90
2837583368,2837583095,0,93
2837583370,2837583395,0,64
2837583373,2837583509,0,76
2837583373,2837583381,0,65
2837583373,2837583354,0,86
2837583376,2841299769,0,59
2837583376,3430413685,0,77
2837583376,2841299757,0,69
2837583376,7942135440,0,88
2837583381,2837583373,0,71
2837583381,2837583501,0,78
2837583381,2837583354,0,84
2837583387,2837583391,0,58
2837583387,2837583367,0,63
2837583387,2837583368,0,91
2837583388,2837583325,0,58
2837583388,2837583363,0,87
2837583388,2837583502,0,84
2837583391,2837583387,0,93
2837583391,2837583397,0,62
2837583391,2837583349,0,58
2837583392,2837583341,0,69
2837583392,2837583398,0,94
2837583392,7942039561,0,95
2837583393,2837583504,0,83
2837583394,2837583504,0,58
2837583395,2837583511,0,77
2837583395,2837583559,0,99
2837583395,2837583370,0,59
2837583397,2837583391,0,91
2837583397,2837583501,0,86
2837583397,2837583351,0,60
2837583398,2837583342,0,70
2837583398,2837583510,0,54
2837583398,2837583392,0,85
2837583399,2837285635,0,84
2837583399,2837285635,1,96
2837583399,2837285634,0,57
2837583501,2837583381,0,61
2837583501,2837583397,0,70
2837583501,2837583508,0,59
2837583502,2837583353,0,96
2837583502,2837583388,0,51
2837583502,2837285653,0,98
2837583503,7950757470,0,70
2837583504,2837583393,0,76
2837583504,2837583526,0,76
2837583504,2837583394,0,69
2837583504,7942135438,0,78
2837583505,2837285656,0,97
2837583505,2837583565,0,90
2837583505,3773464585,0,97
2837583508,2837583509,0,67
2837583508,2837583554,0,59
2837583508,2837583501,0,99
2837583509,2837583373,0,62
2837583509,2837583508,0,56
2837583509,2837583510,0,58
2837583510,2837583509,0,61
2837583510,2837583574,0,51
2837583510,2837583398,0,98
2837583511,2837285689,0,89
2837583511,2837583395,0,89
2837583511,2837583529,0,67
2837583516,2837583526,0,88
2837583520,2837285686,0,86
2837583520,2837285635,0,89
2837583520,7942133138,0,64
2837583523,2837583524,0,88
2837583523,3773464586,0,64
2837583523,2837583557,0,64
2837583524,2837583523,0,93
2837583524,2837285734,0,51
2837583524,2837285664,0,72
2837583526,2837583504,0,55
2837583526,2837285664,0,94
2837583526,2837583551,0,99
2837583526,2837583516,0,80
2837583529,2837583589,0,58
2837583529,2837285653,0,82
2837583529,2837583511,0,88
2837583532,2837285676,0,80
2837583532,7912298333,0,95
2837583532,2837583571,0,91
2837583539,2837583551,0,73
2837583539,3777891655,0,61
2837583539,7942135438,0,74
2837583544,2837583558,0,81
2837583544,2837285671,0,80
2837583544,2837583547,0,58
2837583546,2837583316,0,60
2837583546,2837583316,1,62
2837583546,2833303223,0,64
2837583547,2837583544,0,52
2837583547,7950757468,0,76
2837583547,7950757469,0,98
2837583551,2837583539,0,50
2837583551,2837583563,0,67
2837583551,2837583526,0,76
2837583551,14102237384,0,64
2837583554,2837285699,0,97
2837583554,2837583578,0,92
2837583554,2837583508,0,62
2837583555,2837583577,0,98
2837583555,7942133135,0,63
2837583555,2837285692,0,54
2837583557,2837583523,0,61
2837583557,2837583717,0,78
2837583557,2837583565,0,89
2837583558,2837583544,0,81
2837583558,3430413695,0,94
2837583558,2837285680,0,70
2837583558,7950757467,0,79
2837583559,2837285689,0,65
2837583559,2837285676,0,77
2837583559,2837583395,0,75
2837583560,2837583595,0,99
2837583561,7954368039,0,52
2837583561,3430413685,0,88
2837583562,2837285683,0,97
2837583562,2837285685,0,74
2837583562,2837583763,0,96
2837583563,2837285664,0,70
2837583563,2837583551,0,75
2837583563,2837285720,0,89
2837583564,7954368039,0,97
2837583564,2837583711,0,86
2837583564,2837583781,0,88
2837583565,2837583731,0,84
2837583565,2837583505,0,83
2837583565,2837583557,0,91
2837583566,2837583571,0,95
2837583567,2837583735,0,100
2837583571,2837583584,0,52
2837583571,2837583566,0,83
2837583571,2837583532,0,56
2837583574,2837285695,0,78
2837583574,2837285699,0,79
2837583574,2837583510,0,52
2837583575,2837285677,0,65
2837583575,2837583597,0,83
2837583575,2837583714,0,84
2837583577,2837285692,0,75
2837583577,2837285710,0,97
2837583577,2837583555,0,52
2837583578,2837583554,0,85
2837583578,2837583581,0,74
2837583578,2837583776,0,83
2837583580,2837285719,0,98
2837583580,2837583599,0,90
2837583581,2837583583,0,53
2837583581,2837285739,0,62
2837583581,2837583578,0,68
2837583583,2837583581,0,78
2837583583,2837285721,0,75
2837583583,3430413695,0,69
2837583584,2837583706,0,99
2837583584,2837583571,0,68
2837583584,2837285676,0,79
2837583584,2837285747,0,60
2837583589,2837583529,0,77
2837583589,7912298332,0,68
2837583589,2837285727,0,89
2837583589,2837285689,0,53
2837583595,2837583560,0,94
2837583595,2837583729,0,83
2837583595,2837583725,0,59
2837583597,2837285754,0,79
2837583597,2837285686,0,91
2837583597,2837583575,0,78
2837583598,2837583599,0,55
2837583598,2837285696,0,96
2837583598,2837583745,0,82
2837583599,2837583598,0,57
2837583599,2837583719,0,61
2837583599,2837583580,0,99
2837583600,2837583737,0,87
2837583600,2837583702,0,94
2837583600,7942192555,0,84
2837583702,2837583600,0,58
2837583703,2837583760,0,75
2837583703,2837285683,0,76
2837583703,2837583755,0,70
2837583706,2837285764,0,78
2837583706,2837285689,0,51
2837583706,2837583584,0,61
2837583706,7912298332,0,79
2837583711,2837583746,0,87
2837583711,3774431770,0,95
2837583711,2837583564,0,62
2837583713,2841518977,0,79
2837583713,2837285710,0,55
2837583713,7927950625,0,66
2837583713,2837583748,0,70
2837583714,2837583575,0,94
2837583714,2837285754,0,91
2837583714,2837285730,0,95
2837583714,2837285812,0,100
2837583717,2837583731,0,60
2837583717,2837285734,0,95
2837583717,2837583557,0,96
2837583717,2837583781,0,57
2837583719,2837583599,0,55
2837583719,2837285731,0,57
2837583719,7928057110,0,95
2837583719,2837285778,0,78
2837583720,2837583742,0,90
2837583720,2837285737,0,73
2837583720,3430413700,0,55
2837583720,2841299775,0,83
2837583724,7927736472,0,95
2837583724,2837583725,0,74
2837583724,2837583790,0,96
2837583725,7927736471,0,100
2837583725,2837583724,0,82
2837583725,2837583595,0,89
2837583727,7950757464,0,60
2837583727,2837285745,0,74
2837583727,3430413697,0,85
2837583727,2841299782,0,74
2837583729,2837583595,0,52
2837583729,2837583733,0,99
2837583729,7927736471,0,60
2837583731,7927786600,0,71
2837583731,2837583717,0,86
2837583731,2837583565,0,92
2837583731,13468439669,0,59
2837583732,2837583745,0,60
2837583732,2837285737,0,59
2837583732,3430413700,0,61
2837583733,3774429800,0,99
2837583733,3430413707,0,95
2837583733,2837583735,0,53
2837583733,2837583729,0,76
2837583735,2837583567,0,69
2837583735,2837583737,0,69
2837583735,2837583733,0,96
2837583737,3430413708,0,99
2837583737,2837583600,0,78
2837583737,2837583749,0,68
2837583737,2837583735,0,90
2837583742,2837285772,0,61
2837583742,2837583720,0,57
2837583742,2837583764,0,58
2837583745,2837583732,0,62
2837583745,2837285778,0,50
2837583745,2837583598,0,89
2837583746,2837583759,0,98
2837583746,2837583761,0,66
2837583746,2837583711,0,50
2837583748,2837285771,0,79
2837583748,2841518991,0,81
2837583748,2837583713,0,81
2837583749,2837583737,0,84
2837583755,2841299778,0,50
2837583755,2837583760,0,88
2837583755,2837583703,0,81
2837583759,2837583746,0,65
2837583759,2837583771,0,63
2837583759,2837583780,0,87
2837583760,2837583755,0,92
2837583760,2837583763,0,80
2837583760,2841299787,0,79
2837583760,2837583703,0,76
2837583761,2837583777,0,78
2837583761,2837285772,0,55
2837583761,2837583746,0,88
2837583763,2837583760,0,88
2837583763,3430413702,0,50
2837583763,2841299789,0,65
2837583763,2837583562,0,85
2837583764,2837583742,0,67
2837583764,2837583773,0,89
2837583764,3430413700,0,90
2837583768,3430413702,0,85
2837583768,3430413703,0,63
2837583768,2841299790,0,53
2837583768,2837285695,0,61
2837583771,2837583759,0,59
2837583772,3773056263,0,53
2837583772,2837285803,0,91
2837583772,2837583906,0,72
2837583773,2837583787,0,52
2837583773,2837583764,0,59
2837583773,2837285772,0,52
2837583774,2837285781,0,92
2837583774,3430413700,0,86
2837583774,2841299785,0,88
2837583776,3430413703,0,69
2837583776,2837285794,0,71
2837583776,2841299793,0,55
2837583776,2837583578,0,53
2837583777,2837583761,0,56
2837583777,2837583787,0,76
2837583777,2837583779,0,61
2837583779,2837583799,0,60
2837583779,2837583780,0,93
2837583779,2837583777,0,68
2837583780,2837583779,0,89
2837583780,2837583783,0,92
2837583780,2837583759,0,94
2837583781,2837583717,0,94
2837583781,3774431777,0,88
2837583781,3774431774,0,86
2837583781,2837583564,0,100
2837583782,2837285814,0,85
2837583782,2837285788,0,61
2837583782,3430413705,0,79
2837583782,7928057111,0,97
2837583783,2837583792,0,87
2837583783,2837583789,0,73
2837583783,2837583780,0,52
2837583785,2837285814,0,55
2837583785,2837285781,0,99
2837583785,7928057111,0,69
2837583785,2837583926,0,70
2837583787,2841299785,0,73
2837583787,2837583777,0,74
2837583787,2837583773,0,54
2837583789,2837583783,0,98
2837583790,2837583795,0,77
2837583790,2837583724,0,85
2837583790,7928443968,0,54
2837583792,2837583783,0,68
2837583793,2837285812,0,80
2837583793,2837583935,0,58
2837583793,2837583910,0,57
2837583795,2837583790,0,94
2837583795,7927736470,0,67
2837583795,2837583909,0,71
2837583796,2837583919,0,83
2837583796,2837285745,0,76
2837583796,2841299779,0,83
2837583796,2841299781,0,63
2837583799,2837583779,0,94
2837583800,2837285830,0,63
2837583800,2837285814,0,89
2837583800,2837583907,0,53
2837583903,3430413708,0,56
2837583904,2837285841,0,86
2837583904,3430413705,0,96
2837583904,2837583920,0,90
2837583906,2837583772,0,83
2837583907,2837583933,0,55
2837583907,2841299788,0,80
2837583907,2837583800,0,96
2837583909,2837583912,0,94
2837583909,2837583795,0,88
2837583909,13338446919,0,100
2837583910,2837285851,0,95
2837583910,2837583946,0,68
2837583910,2837583793,0,77
2837583911,3774431774,0,88
2837583911,2837583927,0,70
2837583911,3774431777,0,66
2837583912,2837583909,0,83
2837583912,3430413707,0,86
2837583912,2837583938,0,89
2837583913,2837583927,0,72
2837583913,13338446929,0,58
2837583918,2837285895,0,89
2837583918,2837285842,0,86
2837583918,3430413711,0,81
2837583919,3430413716,0,83
2837583919,2837583796,0,96
2837583919,2837285854,0,90
2837583919,2841299791,0,81
2837583920,2837285885,0,81
2837583920,2837583933,0,61
2837583920,2837583904,0,89
2837583920,2837285830,0,64
2837583921,2837583930,0,95
2837583921,2837285851,0,68
2837583921,2837583959,0,62
2837583921,2841518988,0,50
2837583922,2837285803,0,57
2837583923,3430413711,0,51
2837583923,2837286015,0,79
2837583923,2841518992,0,90
2837583923,2837583954,0,100
2837583924,13338446919,0,57
2837583924,13338446920,0,97
2837583926,2837583785,0,63
2837583927,2837583913,0,89
2837583927,2837583911,0,76
2837583927,3774431781,0,76
2837583929,2841518991,0,52
2837583930,2837583936,0,71
2837583930,2837583921,0,72
2837583930,2837583959,0,85
2837583930,2841518995,0,90
2837583931,2837285845,0,63
2837583931,2882561414,0,50
2837583931,3430413718,0,90
2837583931,2882561413,0,62
2837583932,3430413718,0,94
2837583932,2837583943,0,68
2837583933,2837583907,0,66
2837583933,2841299796,0,100
2837583933,2837583920,0,54
2837583935,2837583793,0,69
2837583936,2837583939,0,69
2837583936,2837583930,0,82
2837583936,2841518998,0,85
2837583936,7927950612,0,70
2837583937,2841299792,0,99
2837583938,2837583912,0,50
2837583938,3774429807,0,57
2837583938,7927786603,0,93
2837583939,2837285895,0,71
2837583939,2837583936,0,71
2837583939,2837285842,0,75
2837583939,7927950611,0,96
2837583940,2837583966,0,86
2837583940,7928359017,0,89
2837583940,3430413716,0,51
2837583943,2837583951,0,61
2837583943,2837286047,0,62
2837583944,3430413716,0,71
2837583945,2837286002,0,71
2837583945,2837285878,0,93
2837583945,2837583966,0,80
2837583946,2837583910,0,80
2837583947,7927736467,0,52
2837583948,2837285851,0,91
2837583950,2841299798,0,58
2837583951,2837583943,0,80
2837583951,3430413718,0,59
2837583951,2837286013,0,90
2837583952,2837285895,0,79
2837583952,7927950634,0,84
2837583952,2837286015,0,71
2837583952,3430413711,0,79
2837583954,2837583973,0,100
2837583954,2837286015,0,76
2837583954,2837583923,0,97
2837583959,2837583930,0,53
2837583959,7927950612,0,83
2837583959,2837583921,0,69
2837583963,2837286003,0,86
2837583966,2837583940,0,96
2837583966,2837583945,0,93
2837583966,7928359018,0,70
2837583969,2837583974,0,85
2837583973,2837583954,0,84
2837583974,2837583983,0,51
2837583974,2837583969,0,63
2837583974,2837286013,0,86
2837583974,2837583978,0,93
2837583976,2837583985,0,71
2837583976,9781557114,0,100
2837583976,2837583992,0,72
2837583978,4554680661,0,54
2837583978,3774431797,0,59
2837583978,2837583974,0,67
2837583983,2837286057,0,51
2837583983,2837583974,0,71
2837583983,3774431798,0,74
2837583985,2837583976,0,90
2837583985,2837583991,0,84
2837583985,2837583996,0,60
2837583991,2837583985,0,86
2837583991,2837286025,0,88
2837583991,2837286058,0,74
2837583992,2837583996,0,61
2837583992,2837583976,0,88
2837583992,2837286077,0,57
2837583993,2837286083,0,100
2837583993,2837286079,0,98
2837583996,2837583992,0,69
2837583996,2837583985,0,95
2837583996,2837583998,0,70
2837583997,2837286057,0,95
2837583998,2837286077,0,52
2837583998,3430413733,0,67
2837583998,2837583996,0,76
2837584000,2837286079,0,55
2837584106,2837286132,0,81
2837584106,2837286107,0,65
2837584106,2841299850,0,73
2837584108,2837286132,0,78
2837584109,7928055158,0,69
2837584109,7928055157,0,63
2837584109,7928359019,0,83
2837584112,7928055158,0,69
2837584113,7950580654,0,61
2837584113,2837584115,0,57
2837584113,2837584116,0,73
2837584115,3774429820,0,100
2837584115,7927736481,0,52
2837584115,2837584113,0,99
2837584116,2837584121,0,62
2837584116,2837584120,0,55
2837584120,2837584123,0,78
2837584120,8855635012,0,82
2837584121,2837584116,0,51
2837584123,7928188894,0,80
2837584123,7927736710,0,82
2837584124,2837584129,0,59
2837584124,7927736713,0,62
2837584128,2837584130,0,71
2837584128,7928188898,0,80
2837584129,2837584124,0,96
2837584130,2837584133,0,83
2837584130,2837584131,0,69
2837584130,2837584128,0,99
2837584131,2837584135,0,70
2837584131,2837584132,0,59
2837584131,2837584130,0,99
2837584132,2837584136,0,56
2837584132,2837584134,0,83
2837584132,2837584131,0,93
2837584133,2837584130,0,58
2837584134,2837584132,0,63
2837584134,7928191946,0,96
2837584134,7928191962,0,52
2837584135,2837584131,0,79
2837584136,2837584132,0,74
2837584138,3774429842,0,95
2837584138,2837584139,0,83
2837584139,7928188900,0,57
2837584139,7928154773,0,50
2837584141,2837584148,0,69
2837584144,2837584146,0,52
2837584145,2837584147,0,93
2837584145,2837584146,0,88
2837584146,2837584144,0,55
2837584146,7928188907,0,71
2837584146,2837584145,0,79
2837584147,2837584145,0,52
2837584147,7928188907,0,56
2837584147,2837584157,0,83
2837584148,2837584141,0,99
2837584148,1880443249,0,92
2837584156,2837584157,0,97
2837584157,2837584147,0,69
2837584157,2837584156,0,51
2837584157,2837584160,0,86
2837584160,2837584157,0,98
2837584160,3774468367,0,69
2837584160,7928188908,0,90
2837584168,7928191925,0,63
2837584168,3774468368,0,70
2837591267,3496451365,0,62
2837591267,2837591270,0,62
2837591267,2837580318,0,68
2837591268,2833253746,0,67
2837591268,3496451362,0,84
2837591268,3496451365,0,70
2837591268,2837580336,0,99
2837591269,2837591272,0,78
2837591269,2837580337,0,92
2837591269,2837580340,0,57
2837591270,2837580360,0,67
2837591270,2833253741,0,59
2837591270,2839149491,0,60
2837591271,2837580345,0,67
2837591271,2837591274,0,57
2837591271,2837591273,0,50
2837591272,2837591269,0,89
2837591272,3430413455,0,85
2837591272,3430413456,0,82
2837591272,2833253762,0,56
2837591273,2839149525,0,63
2837591273,2837591271,0,84
2837591273,3430413457,0,72
2837591273,4170787628,0,85
2837591274,2837591271,0,70
2837591274,2837580352,0,67
2837591274,3430413457,0,59
2837591275,2837284093,0,95
2837591275,1880441740,0,68
2837591276,2833253804,0,86
2837591276,2833253762,0,65
2837591276,2837591277,0,60
2837591277,2833253808,0,54
2837591277,2833253764,0,69
2837591277,2837591276,0,89
2839148240,2845676740,0,71
2839148240,3777743736,0,84
2839148240,12203551067,0,78
2839148246,2845676740,0,53
2839148246,2843657208,0,58
2839148246,2843651896,0,51
2839148248,2839148264,0,80
2839148248,2845676762,0,93
2839148248,2845676706,0,53
2839148249,3777743751,0,56
2839148249,2843651896,0,74
2839148249,2843651898,0,53
2839148261,2839148279,0,55
2839148261,7934076533,0,77
2839148261,2845676726,0,75
2839148264,2839148248,0,61
2839148264,2845676773,0,95
2839148264,2845676735,0,88
2839148264,7940724245,0,87
2839148279,2845676773,0,90
2839148279,2839148294,0,94
2839148279,2839148261,0,94
2839148285,7940724253,0,78
2839148285,2845676599,0,89
2839148285,2845676782,0,72
2839148285,7940724269,0,69
2839148294,2839148279,0,71
2839148294,2845676816,0,62
2839148294,2845676836,0,95
2839148295,12203470578,0,98
2839148295,3777743861,0,92
2839148295,3777743756,0,84
2839148299,10682715869,0,55
2839148301,7925542884,0,98
2839148301,3954895123,0,98
2839148306,2839148335,0,79
2839148306,2839148328,0,86
2839148306,2845676826,0,58
2839148307,2845676816,0,55
2839148307,2845676823,0,94
2839148307,2845676854,0,79
2839148320,4090981032,0,56
2839148320,2845676826,0,79
2839148320,2839148360,0,69
2839148328,2845676827,0,93
2839148328,2839148335,0,91
2839148328,2839148306,0,95
2839148329,2845676857,0,99
2839148329,3777776482,0,79
2839148329,3954895122,0,80
2839148330,7925564685,0,64
2839148330,7940724241,0,64
2839148330,7940724244,0,59
2839148335,2839148306,0,89
2839148335,2839148328,0,66
2839148335,2845676852,0,73
2839148336,2839148350,0,75
2839148336,2839148338,0,61
2839148336,10696750074,0,94
2839148338,2839148336,0,92
2839148338,3776231843,0,71
2839148338,2839148400,0,100
2839148338,7933814001,0,70
2839148342,2839148386,0,79
2839148342,2841298980,0,81
2839148342,2841298979,0,51
2839148343,2845676839,0,54
2839148343,2843657215,0,80
2839148345,2841298980,0,57
2839148345,2839148392,0,72
2839148345,3776231843,0,80
2839148350,3078491193,0,79
2839148350,2839148336,0,60
2839148350,3777720932,0,68
2839148356,2839148362,0,99
2839148356,7933770425,0,72
2839148356,9708728532,0,88
2839148358,2845676910,0,86
2839148358,2845676869,0,58
2839148358,2845676857,0,82
2839148359,4090981032,0,56
2839148359,3777751194,0,75
2839148359,2839148411,0,95
2839148360,2845676866,0,100
2839148360,2839148371,0,56
2839148360,2839148320,0,70
2839148362,2839148356,0,85
2839148362,2839148364,0,91
2839148362,2839148368,0,54
2839148364,2839148362,0,100
2839148364,9708728528,0,69
2839148364,2841298983,0,84
2839148365,2839148372,0,79
2839148365,3777710794,0,75
2839148365,2839148415,0,87
2839148368,2839148362,0,76
2839148368,2841298983,0,65
2839148368,7933770425,0,89
2839148368,7933770421,0,65
2839148369,2845676869,0,85
2839148371,2839148360,0,60
2839148372,2839148420,0,80
2839148372,3776231844,0,74
2839148372,2839148365,0,54
2839148379,2839148389,0,71
2839148379,2845676852,0,63
2839148379,2845676880,0,94
2839148379,7872648241,0,87
2839148382,11047648856,0,77
2839148382,2839148434,0,100
2839148382,3777751194,0,77
2839148385,7933770421,0,86
2839148385,2839148397,0,100
2839148385,7934422118,0,71
2839148386,2839148392,0,84
2839148386,2839148342,0,94
2839148387,2839148412,0,65
2839148387,2839148391,0,61
2839148387,3776231844,0,92
2839148387,7933770429,0,92
2839148389,2839148379,0,54
2839148389,2839148399,0,97
2839148389,2845676866,0,95
2839148391,2839148387,0,86
2839148391,7872058183,0,81
2839148391,7933770428,0,57
2839148391,2839148396,0,87
2839148392,2839148386,0,88
2839148392,2839148400,0,79
2839148392,2839148345,0,70
2839148396,2839148402,0,85
2839148396,2841298981,0,56
2839148396,2839148425,0,78
2839148396,2839148391,0,61
2839148397,7933770423,0,69
2839148397,7874466997,0,75
2839148397,2839148385,0,54
2839148399,2839148389,0,88
2839148399,2845676932,0,56
2839148399,2845676942,0,93
2839148400,2839148392,0,88
2839148400,3777720932,0,99
2839148400,2839148338,0,74
2839148401,7872058180,0,70
2839148402,2839148440,0,81
2839148402,2839148403,0,91
2839148402,2839148396,0,92
2839148403,2839148410,0,53
2839148403,2839148402,0,55
2839148403,7934422142,0,63
2839148406,2839148416,0,58
2839148406,2839148411,0,87
2839148406,9708735826,0,98
2839148406,7934358903,0,90
2839148408,3777720932,0,50
2839148408,3777720933,0,98
2839148408,3078491193,0,59
2839148409,2839148424,0,92
2839148409,2839148455,0,59
2839148409,7872607427,0,78
2839148410,2839148417,0,84
2839148410,2839148403,0,68
2839148410,9708728528,0,74
2839148411,2839148427,0,89
2839148411,2839148406,0,86
2839148411,2839148359,0,78
2839148412,2839148387,0,62
2839148413,1928140321,0,63
2839148414,3776237357,0,93
2839148415,3777720933,0,70
2839148415,2839148420,0,69
2839148415,2839148365,0,86
2839148416,2839148406,0,100
2839148416,2845676932,0,93
2839148416,2839148427,0,69
2839148417,2839148410,0,77
2839148417,3777720934,0,95
2839148417,2839148445,0,72
2839148420,2839148372,0,55
2839148420,2839148415,0,87
2839148420,2171115892,0,50
2839148424,2839148449,0,89
2839148424,2839148409,0,82
2839148424,2839148493,0,75
2839148425,2839148438,0,58
2839148425,2839148396,0,68
2839148425,7872058183,0,53
2839148427,2839148411,0,73
2839148427,2839148466,0,85
2839148427,2839148416,0,53
2839148428,2839148444,0,50
2839148430,2845676942,0,95
2839148430,7872648236,0,85
2839148430,7872648240,0,72
2839148431,2839148470,0,57
2839148431,2841298990,0,68
2839148431,7872058182,0,51
2839148433,2839148438,0,65
2839148433,3078481707,0,77
2839148433,7872058183,0,94
2839148434,2839148382,0,87
2839148435,2845676972,0,75
2839148438,2839148425,0,90
2839148438,2839148433,0,70
2839148438,2839148440,0,95
2839148440,2839148402,0,74
2839148440,2839148438,0,75
2839148440,2839148445,0,74
2839148444,2839148479,0,77
2839148444,2841298990,0,84
2839148444,7872058181,0,63
2839148444,2839148428,0,92
2839148445,2839148452,0,61
2839148445,2839148440,0,80
2839148445,2839148417,0,58
2839148449,2839148424,0,62
2839148449,7872607444,0,85
2839148449,2839148490,0,74
2839148452,3777720935,0,73
2839148452,2839148445,0,76
2839148452,2171115892,0,59
2839148454,2839148475,0,68
2839148455,2839148409,0,92
2839148458,3776237363,0,58
2839148466,2839148427,0,58
2839148466,13244832949,0,50
2839148466,2845677113,0,54
2839148467,2839148468,0,91
2839148467,3776231854,0,51
2839148467,7872571293,0,59
2839148468,2839148481,0,96
2839148468,2839148467,0,81
2839148468,3776237363,0,92
2839148470,3777720935,0,77
2839148470,2839148431,0,58
2839148470,2839148479,0,55
2839148472,2839148481,0,58
2839148472,2839148508,0,91
2839148472,3776237357,0,76
2839148475,2839148454,0,79
2839148475,2839148485,0,100
2839148475,2839148493,0,94
2839148479,2839148488,0,88
2839148479,2839148444,0,77
2839148479,2839148470,0,89
2839148481,2839148468,0,61
2839148481,2839148472,0,79
2839148481,7872571293,0,82
2839148482,2841298994,0,77
2839148482,2839148525,0,85
2839148482,9708728525,0,78
2839148483,7872607444,0,74
2839148484,7871811368,0,72
2839148484,2839148496,0,64
2839148484,9708728524,0,61
2839148485,7829575113,0,77
2839148485,2839148475,0,88
2839148485,2839148505,0,50
2839148485,2839148517,0,86
2839148488,2839148479,0,81
2839148488,2839148497,0,96
2839148488,7872058175,0,65
2839148489,1928140258,0,95
2839148489,4056524655,0,82
2839148490,2839148508,0,67
2839148490,7872607448,0,76
2839148490,2839148449,0,84
2839148492,2839148534,0,86
2839148493,7872607451,0,73
2839148493,2839148475,0,52
2839148493,2839148424,0,52
2839148496,2839148484,0,86
2839148496,2841298994,0,80
2839148496,2839148514,0,95
2839148497,2839148488,0,73
2839148497,2839148506,0,57
2839148497,9708728526,0,87
2839148502,9708735865,0,80
2839148502,3776216977,0,94
2839148502,7872530343,0,55
2839148504,2839148513,0,59
2839148504,2839148519,0,96
2839148504,7872607451,0,96
2839148505,2839148533,0,83
2839148505,2839148513,0,98
2839148505,2839148485,0,99
2839148506,2839148497,0,67
2839148506,2841298995,0,79
2839148506,3496451212,0,83
2839148508,2839148490,0,55
2839148508,2839148472,0,83
2839148508,2833253525,0,89
2839148508,13289780357,0,55
2839148510,3776216978,0,65
2839148510,2833253520,0,80
2839148513,2839148505,0,90
2839148513,2839148504,0,97
2839148513,2839148540,0,92
2839148514,7871811375,0,92
2839148514,2841298997,0,54
2839148514,2839148496,0,93
2839148517,2839148546,0,90
2839148517,2839148539,0,84
2839148517,2839148485,0,87
2839148518,2839148531,0,69
2839148518,7872648241,0,89
2839148519,2839148504,0,53
2839148519,7872607459,0,71
2839148519,11080410075,0,84
2839148520,2839148528,0,99
2839148520,2843657231,0,50
2839148520,2833253521,0,80
2839148525,2841298995,0,79
2839148525,2839148482,0,82
2839148525,2839148547,0,80
2839148528,3776216978,0,86
2839148528,2839148520,0,96
2839148528,7872530337,0,71
2839148531,5407858962,0,76
2839148531,1928140280,0,72
2839148533,2839148505,0,68
2839148533,2839148539,0,68
2839148533,2839148540,0,60
2839148534,2839148492,0,52
2839148534,9708735828,0,94
2839148534,2839148553,0,88
2839148535,2839148549,0,97
2839148536,7871811354,0,69
2839148536,7871811361,0,96
2839148536,7938154755,0,100
2839148537,3777724207,0,86
2839148537,7872058167,0,66
2839148537,3776190202,0,53
2839148539,2839148546,0,90
2839148539,2839148533,0,80
2839148539,2839148517,0,87
2839148540,2839148549,0,60
2839148540,2839148533,0,86
2839148540,2839148513,0,53
2839148542,2845677176,0,92
2839148543,13244832949,0,68
2839148543,1928140280,0,97
2839148543,5407858959,0,89
2839148546,2839148553,0,51
2839148546,2839148539,0,68
2839148546,2839148517,0,81
2839148547,7871811376,0,55
2839148547,2841298997,0,58
2839148547,2839148525,0,82
2839148548,9708735861,0,54
2839148548,2839148555,0,100
2839148548,7872530344,0,67
2839148548,7872058169,0,66
2839148549,2839148567,0,58
2839148549,2839148535,0,89
2839148549,2839148540,0,67
2839148550,7978095579,0,67
2839148550,6154157009,0,66
2839148550,2837579461,0,50
2839148551,2839148557,0,97
2839148553,2839148534,0,57
2839148553,2839148560,0,88
2839148553,2839148546,0,61
2839148555,2839148548,0,87
2839148555,7874466999,0,97
2839148555,2843657231,0,59
2839148557,2839148551,0,92
2839148557,2839148562,0,78
2839148557,2841299003,0,73
2839148558,7939035492,0,61
2839148558,7938154755,0,66
2839148558,2839148579,0,100
2839148560,2839148565,0,94
2839148560,2839148553,0,65
2839148560,9708735828,0,81
2839148562,2833253532,0,61
2839148562,2839148557,0,83
2839148562,7872571301,0,52
2839148564,2839148567,0,71
2839148565,2839148560,0,55
2839148565,12204826622,0,59
2839148565,2839148584,0,88
2839148566,7872607459,0,59
2839148566,9708735837,0,81
2839148566,2839148574,0,98
2839148567,2839148564,0,76
2839148567,10242186030,0,99
2839148567,2839148549,0,74
2839148568,7931217003,0,65
2839148568,7938154753,0,92
2839148568,7937823255,0,78
2839148570,9708735828,0,96
2839148570,2839148584,0,90
2839148573,2839148596,0,60
2839148573,2839148582,0,63
2839148573,6154157007,0,86
2839148574,2839148589,0,96
2839148574,2841299003,0,72
2839148574,7872607462,0,53
2839148574,2839148566,0,91
2839148579,12000942333,0,66
2839148579,2841299001,0,98
2839148579,2839148558,0,57
2839148579,2839148587,0,53
2839148580,2839148595,0,60
2839148580,3777724210,0,79
2839148582,2839148605,0,75
2839148582,2839148573,0,80
2839148582,7872648243,0,69
2839148582,6154157006,0,80
2839148584,10242186029,0,97
2839148584,2839148565,0,98
2839148586,1928140241,0,84
2839148586,7872607463,0,64
2839148586,10242186030,0,74
2839148587,7937823259,0,93
2839148587,2839148579,0,95
2839148587,7938154753,0,74
2839148589,7872607463,0,80
2839148589,2839148574,0,66
2839148589,9708735835,0,59
2839148590,2839148604,0,83
2839148590,2843657241,0,77
2839148590,7874466999,0,50
2839148591,7939035488,0,68
2839148591,7937823255,0,78
2839148591,7938154756,0,74
2839148592,6154157004,0,93
2839148592,2839148610,0,70
2839148592,4167287563,0,83
2839148593,2843657244,0,93
2839148593,7872058167,0,52
2839148593,3777724209,0,56
2839148595,3777724211,0,84
2839148595,2839148607,0,90
2839148595,2839148580,0,72
2839148595,7872530333,0,77
2839148596,2841299014,0,89
2839148596,2839148573,0,91
2839148596,2839148605,0,67
2839148599,2839148602,0,71
2839148599,4393488893,0,67
2839148599,7939035488,0,67
2839148601,4167287563,0,56
2839148601,2839148624,0,66
2839148601,7872648243,0,91
2839148601,2839148610,0,87
2839148602,4393488898,0,75
2839148602,2841299008,0,79
2839148602,2839148599,0,99
2839148604,2839148590,0,93
2839148604,4055899903,0,97
2839148604,2839148619,0,65
2839148605,2839148654,0,96
2839148605,2839148582,0,93
2839148605,2839148615,0,87
2839148605,2839148596,0,99
2839148606,6154157002,0,62
2839148606,6154157003,0,83
2839148607,3777724216,0,71
2839148607,2839148595,0,93
2839148607,3954935364,0,94
2839148607,2839148617,0,61
2839148610,2839148640,0,70
2839148610,2839148592,0,85
2839148610,2839148601,0,50
2839148610,7872648247,0,93
2839148611,2839148617,0,50
2839148614,11801632088,0,54
2839148614,11801632087,0,50
2839148614,1928140186,0,76
2839148615,2845677245,0,56
2839148615,2839148624,0,83
2839148615,2839148605,0,56
2839148615,7872648243,0,93
2839148617,2839148611,0,78
2839148617,2839148626,0,72
2839148617,2839148607,0,64
2839148619,2839148642,0,96
2839148619,9708735858,0,68
2839148619,2839148604,0,66
2839148621,7937823246,0,62
2839148621,7937823251,0,52
2839148621,2841299007,0,51
2839148621,7937823248,0,89
2839148623,7874495860,0,55
2839148623,2839148636,0,53
2839148623,3777724219,0,88
2839148624,2839148601,0,92
2839148624,2839148640,0,63
2839148624,2839148615,0,88
2839148625,3777724211,0,90
2839148625,2839148645,0,57
2839148625,3777720944,0,95
2839148626,2839148617,0,57
2839148626,4055899903,0,55
2839148626,9708735866,0,88
2839148628,7872563983,0,58
2839148628,7872571286,0,74
2839148628,2839148666,0,92
2839148631,7872648247,0,98
2839148631,2839148606,0,91
2839148631,9853390374,0,86
2839148633,2839148637,0,61
2839148633,2839148636,0,57
2839148633,9708735850,0,94
2839148634,3777724217,0,61
2839148634,2839148635,0,66
2839148634,9708735855,0,68
2839148635,2839148634,0,79
2839148635,2839148648,0,92
2839148635,3776190202,0,54
2839148636,2839148633,0,90
2839148636,2839148675,0,79
2839148636,2839148623,0,67
2839148637,2839148633,0,99
2839148640,2845677249,0,77
2839148640,2839148610,0,94
2839148640,7872648248,0,92
2839148640,2839148624,0,99
2839148642,2839148619,0,99
2839148642,2833253546,0,70
2839148642,4055899903,0,66
2839148644,3776216991,0,60
2839148644,1880441459,0,99
2839148645,2839148658,0,54
2839148645,3777724216,0,67
2839148645,9708735866,0,99
2839148645,2839148625,0,53
2839148648,7871811344,0,74
2839148648,2839148635,0,74
2839148648,3776190909,0,71
2839148653,7872563983,0,53
2839148653,3777691597,0,66
2839148653,3777720945,0,66
2839148654,2837579494,0,61
2839148654,2845677244,0,78
2839148654,2837579483,0,54
2839148654,2839148605,0,81
2839148655,7937823234,0,62
2839148655,7939035493,0,89
2839148655,7939035495,0,75
2839148655,7939035497,0,61
2839148658,3776216991,0,91
2839148658,2839148645,0,81
2839148658,3776243684,0,56
2839148661,7872648248,0,59
2839148661,9853390373,0,84
2839148663,7872607467,0,99
2839148663,7871539595,0,77
2839148663,2841299030,0,63
2839148665,3776243685,0,89
2839148665,2833253561,0,91
2839148665,2833253546,0,56
2839148666,2839148677,0,78
2839148666,3777724221,0,95
2839148666,2839148628,0,66
2839148668,7939035501,0,56
2839148668,2839148672,0,52
2839148668,3776190911,0,54
2839148672,2839148668,0,54
2839148672,2841299025,0,86
2839148672,9708719615,0,96
2839148673,7872563973,0,66
2839148673,3777724221,0,99
2839148673,2839148718,0,78
2839148675,2839148677,0,51
2839148675,9708735851,0,81
2839148675,2839148636,0,59
2839148677,2839148675,0,91
2839148677,2839148666,0,90
2839148677,2839148707,0,50
2839148685,2839148710,0,52
2839148685,7937823270,0,92
2839148685,3776216994,0,74
2839148689,2839148699,0,67
2839148689,7872607466,0,59
2839148696,3776216995,0,94
2839148696,7937823356,0,71
2839148696,2839148725,0,75
2839148699,2839148689,0,86
2839148699,2839148716,0,50
2839148699,2845677279,0,82
2839148700,2839148705,0,95
2839148700,3776182339,0,99
2839148700,7939035517,0,81
2839148702,7937823356,0,80
2839148702,7937823357,0,77
2839148702,2839148738,0,75
2839148705,2839148700,0,96
2839148705,7937823263,0,99
2839148705,2839148715,0,100
2839148707,2839148718,0,54
2839148707,2839148677,0,84
2839148709,6354338567,0,64
2839148709,7871539624,0,50
2839148709,12204600899,0,74
2839148710,2839148685,0,94
2839148710,3776217010,0,99
2839148710,7937823272,0,80
2839148713,2845677279,0,57
2839148713,6154156997,0,86
2839148713,7871539692,0,84
2839148715,7938695433,0,72
2839148715,3776182344,0,71
2839148715,3776182351,0,93
2839148715,2839148705,0,69
2839148716,2839148699,0,75
2839148716,7872607474,0,53
2839148716,7871539693,0,90
2839148717,7937823357,0,91
2839148717,8830701178,0,55
2839148717,7937823262,0,73
2839148717,2841299043,0,84
2839148718,2839148673,0,71
2839148718,9647693957,0,55
2839148725,2841299042,0,79
2839148725,7937823278,0,98
2839148725,2839148696,0,99
2839148726,3776182352,0,68
2839148726,7938695434,0,91
2839148726,2841299046,0,62
2839148728,2841299059,0,61
2839148728,2841299041,0,85
2839148731,8830701178,0,52
2839148731,7938695444,0,74
2839148731,2841299055,0,92
2839148732,2843851110,0,62
2839148732,2839148749,0,69
2839148732,2839148785,0,94
2839148734,7937903423,0,74
2839148734,7938695469,0,56
2839148734,2839148836,0,90
2839148735,7871811336,0,94
2839148735,3430413406,0,72
2839148735,7871811335,0,81
2839148736,2839148812,0,55
2839148736,9598891634,0,90
2839148737,2839148728,0,78
2839148737,3777700364,0,97
2839148737,7871539623,0,62
2839148738,7937823278,0,58
2839148738,4393497634,0,52
2839148738,2839148702,0,62
2839148740,7938695459,0,51
2839148740,7937823294,0,96
2839148740,3496451207,0,87
2839148742,7871539685,0,65
2839148742,2839148761,0,81
2839148742,6154156987,0,74
2839148743,3430413407,0,54
2839148743,7939035539,0,100
2839148743,4655025589,0,84
2839148745,11593588434,0,91
2839148745,2839148802,0,69
2839148745,2839148749,0,81
2839148746,7871539600,0,84
2839148746,12210218792,0,78
2839148749,2839148745,0,51
2839148749,2839148732,0,52
2839148749,2839148794,0,71
2839148752,2841299064,0,53
2839148752,3430413407,0,71
2839148752,7939035540,0,100
2839148753,6154156988,0,96
2839148753,2839148761,0,52
2839148753,7871539686,0,75
2839148753,7871539687,0,57
2839148755,3430413406,0,63
2839148756,2839148746,0,91
2839148756,3140039544,0,92
2839148758,2839148737,0,83
2839148758,2841299082,0,79
2839148759,3776237367,0,93
2839148759,2839148736,0,84
2839148760,4393497637,0,59
2839148760,2839148775,0,97
2839148760,7938695444,0,87
2839148760,2839148771,0,64
2839148761,7871539684,0,54
2839148761,2839148742,0,52
2839148761,2839148753,0,97
2839148761,5405097133,0,59
2839148765,7937823295,0,81
2839148765,3430413407,0,91
2839148765,2839148789,0,51
2839148767,2839148796,0,80
2839148767,2837579615,0,89
2839148768,2833253595,0,52
2839148768,8394904249,0,65
2839148771,2839148760,0,94
2839148771,7937823276,0,91
2839148771,3430413410,0,58
2839148773,7871539665,0,50
2839148773,6354338529,0,61
2839148774,2837579618,0,90
2839148774,2845677475,0,53
2839148775,2839148760,0,69
2839148775,2841299087,0,100
2839148775,3430413410,0,56
2839148775,2841299055,0,79
2839148779,7937823302,0,89
2839148779,2841299085,0,60
2839148779,2839148798,0,87
2839148782,7920190475,0,54
2839148784,2837579620,0,56
2839148784,2837579615,0,57
2839148784,2839148796,0,81
2839148785,7871539689,0,88
2839148785,2839148794,0,89
2839148785,2839148732,0,64
2839148788,2839148813,0,54
2839148788,7871811325,0,62
2839148788,2418718379,0,77
2839148788,2833253586,0,71
2839148789,7937823296,0,97
2839148789,3430413409,0,93
2839148789,13607152100,0,75
2839148789,2839148765,0,70
2839148791,7937823276,0,57
2839148791,2839148795,0,93
2839148791,2839148807,0,86
2839148792,2839148793,0,84
2839148792,7937823282,0,58
2839148792,4215822853,0,70
2839148793,9708728523,0,100
2839148793,2839148792,0,63
2839148793,7937823283,0,98
2839148794,7871539688,0,52
2839148794,2839148802,0,87
2839148794,2839148785,0,61
2839148794,2839148749,0,71
2839148795,2839148791,0,54
2839148795,9708728523,0,57
2839148795,4215821074,0,67
2839148796,2839148784,0,59
2839148796,7871539694,0,98
2839148796,2839148828,0,76
2839148796,2839148767,0,60
2839148797,7872672385,0,94
2839148797,7872648284,0,73
2839148798,3430413412,0,85
2839148798,2839148779,0,60
2839148798,2841299084,0,78
2839148802,2839148794,0,65
2839148802,2839148745,0,87
2839148802,12203285482,0,52
2839148803,2841299099,0,58
2839148803,7938695435,0,56
2839148803,7938695437,0,100
2839148803,2841299087,0,90
2839148805,3430413410,0,89
2839148805,7938695435,0,74
2839148805,7938695436,0,99
2839148805,2841299087,0,60
2839148806,7871539694,0,51
2839148806,7871539656,0,81
2839148807,2839148818,0,55
2839148807,3430413410,0,50
2839148807,7938695436,0,50
2839148807,2839148791,0,61
2839148809,2843657411,0,55
2839148809,7871539689,0,95
2839148812,3776237367,0,91
2839148812,2839148838,0,87
2839148812,2839148736,0,68
2839148813,3430413406,0,76
2839148813,3486302024,0,94
2839148813,2839148788,0,100
2839148813,2418718380,0,99
2839148815,2839148839,0,80
2839148815,3496459077,0,94
2839148816,7920190475,0,58
2839148816,2843657423,0,63
2839148816,2837579622,0,59
2839148816,2843657413,0,90
2839148817,2841299106,0,67
2839148817,2841299101,0,83
2839148817,3430413415,0,78
2839148817,13607152100,0,76
2839148818,2839148807,0,65
2839148818,4393497646,0,61
2839148818,7937823285,0,89
2839148820,13607090968,0,94
2839148820,2841299109,0,52
2839148820,2839148850,0,88
2839148820,2841299086,0,61
2839148823,2839148831,0,95
2839148823,2841299098,0,81
2839148823,7939035542,0,89
2839148828,2839148796,0,55
2839148828,7872648281,0,90
2839148829,7938695435,0,100
2839148829,2839148837,0,69
2839148829,7938695436,0,72
2839148831,7939035543,0,76
2839148831,2839148823,0,50
2839148831,3430413414,0,85
2839148836,7871811324,0,65
2839148836,3486302024,0,62
2839148836,2839148734,0,57
2839148837,7937823365,0,83
2839148837,2839148829,0,56
2839148837,2841299113,0,89
2839148837,2841299123,0,73
2839148838,2839148812,0,98
2839148839,2839148847,0,84
2839148839,2839148815,0,82
2839148839,2839148881,0,64
2839148841,2837579622,0,79
2839148841,2843851234,0,99
2839148841,2837579636,0,90
2839148842,3430413412,0,92
2839148842,2841299130,0,63
2839148842,2841299122,0,67
2839148842,2841299144,0,53
2839148843,7939035545,0,62
2839148843,3430413414,0,57
2839148843,2839148851,0,100
2839148845,2839148871,0,59
2839148845,3496459087,0,93
2839148847,2839148839,0,80
2839148847,2839148881,0,81
2839148847,3496459086,0,61
2839148850,13607090971,0,60
2839148850,2839148820,0,92
2839148850,3776237368,0,52
2839148851,7939035546,0,53
2839148851,2839148843,0,91
2839148851,2839148858,0,73
2839148856,2843657423,0,68
2839148856,2843851226,0,63
2839148856,2843851234,0,77
2839148857,7939035554,0,66
2839148857,2839148864,0,71
2839148857,2839148869,0,89
2839148858,2841299139,0,98
2839148858,2841299133,0,79
2839148858,2839148851,0,52
2839148858,2839148877,0,56
2839148861,3776237370,0,97
2839148861,2841299146,0,53
2839148861,3430413415,0,84
2839148863,2839148883,0,61
2839148863,3774525567,0,60
2839148863,3774525565,0,100
2839148864,2839148857,0,51
2839148864,2837579641,0,81
2839148864,7938154766,0,82
2839148868,13605342549,0,57
2839148868,7938695461,0,54
2839148868,2833253623,0,65
2839148868,7937903429,0,96
2839148869,2839148898,0,78
2839148869,2839148898,1,87
2839148869,2839148857,0,87
2839148871,2839148845,0,70
2839148877,2841299148,0,76
2839148877,2841299151,0,62
2839148877,2839148858,0,97
2839148877,7938695449,0,93
2839148880,2839148904,0,70
2839148880,3488732730,0,64
2839148880,7939035536,0,99
2839148881,2839148901,0,57
2839148881,2839148847,0,70
2839148881,3496459085,0,64
2839148881,2839148839,0,56
2839148883,2839148895,0,65
2839148883,3774525565,0,97
2839148883,3774525565,1,76
2839148883,2839148863,0,62
2839148884,2839148958,0,74
2839148884,2843851234,0,64
2839148884,2839148894,0,54
2839148884,2843851401,0,80
2839148885,2837579641,0,87
2839148885,2839148912,0,81
2839148885,2839149018,0,53
2839148887,3496460205,0,77
2839148887,3777691613,0,59
2839148889,2841299154,0,63
2839148889,7938695450,0,89
2839148889,2841299145,0,79
2839148894,2839148884,0,61
2839148894,7879069137,0,74
2839148894,2837579640,0,73
2839148895,3774525569,0,58
2839148895,2839148883,0,79
2839148895,3774525567,0,96
2839148895,2839148940,0,62
2839148898,2839148909,0,90
2839148898,2839148869,0,72
2839148898,2839148869,1,67
2839148900,2839148928,0,62
2839148900,2839148904,0,71
2839148900,7937903429,0,58
2839148900,2833253623,0,52
2839148901,2839148881,0,94
2839148901,3496459092,0,86
2839148901,3496459091,0,53
2839148903,2839148938,0,67
2839148903,2841514556,0,58
2839148904,2839148880,0,57
2839148904,2839148900,0,79
2839148904,2839148923,0,79
2839148905,2839148953,0,76
2839148905,2839148918,0,60
2839148905,3496459092,0,98
2839148906,2294633455,0,71
2839148906,2839148916,0,64
2839148906,2839149007,0,68
2839148909,7938154766,0,88
2839148909,11365919017,0,60
2839148909,2839148898,0,100
2839148909,11047633977,0,100
2839148912,7938154767,0,90
2839148912,2839148936,0,89
2839148912,2839148885,0,60
2839148914,3774525569,0,86
2839148914,3774507803,0,85
2839148914,4167171694,0,64
2839148916,2839149013,0,55
2839148916,2841514556,0,76
2839148916,2839148906,0,83
2839148916,2839148924,0,81
2839148918,2839148942,0,63
2839148918,3430413419,0,87
2839148918,2839148905,0,80
2839148919,7871811320,0,79
2839148920,2839148930,0,67
2839148920,2839148943,0,50
2839148920,2841299158,0,96
2839148921,2841514559,0,77
2839148921,2294633455,0,97
2839148921,2839148948,0,65
2839148923,3488732713,0,65
2839148923,7939035536,0,70
2839148923,2839148904,0,77
2839148924,2839149022,0,87
2839148924,2839148916,0,64
2839148924,2839148938,0,87
2839148927,2839148987,0,59
2839148927,3774525570,0,86
2839148927,9708719609,0,50
2839148928,2833253627,0,76
2839148928,2839148900,0,52
2839148928,4393288475,0,52
2839148930,11365903647,0,80
2839148930,2839148920,0,96
2839148930,11047629456,0,99
2839148930,11365909500,0,82
2839148934,2839148987,0,52
2839148934,9593473482,0,77
2839148936,2839148912,0,83
2839148936,2839148946,0,75
2839148936,3430413425,0,80
2839148937,2839148944,0,94
2839148937,7938154765,0,56
2839148937,3430413427,0,78
2839148938,2839148969,0,81
2839148938,2839148924,0,65
2839148938,2839148903,0,55
2839148940,2839148895,0,85
2839148941,7937823325,0,98
2839148941,7937823314,0,50
2839148941,7937823315,0,94
2839148941,7937823318,0,96
2839148942,2839148962,0,76
2839148942,2839148918,0,63
2839148942,4166878583,0,58
2839148943,11047629456,0,72
2839148943,2839148920,0,68
2839148943,7938154764,0,65
2839148944,2837579665,0,91
2839148944,2839148937,0,55
2839148944,11365919018,0,51
2839148946,2839148936,0,80
2839148946,11047647264,0,92
2839148946,3430413426,0,69
2839148948,2839148921,0,60
2839148948,4166878580,0,95
2839148948,2833253634,0,79
2839148951,3430413420,0,86
2839148951,2839149009,0,97
2839148951,2839148964,0,87
2839148953,4166878583,0,51
2839148953,2839148905,0,79
2839148953,2839148973,0,79
2839148953,3496459092,0,99
2839148954,3430413419,0,58
2839148958,2837579669,0,95
2839148958,2839148884,0,75
2839148959,7938167195,0,61
2839148961,2839149011,0,100
2839148961,2839148934,0,73
2839148962,3430413419,0,90
2839148962,2839148990,0,79
2839148962,2839148942,0,95
2839148962,4166878584,0,90
2839148964,7937823327,0,50
2839148964,3430413420,0,90
2839148964,2839148951,0,54
2839148967,2839149004,0,74
2839148967,3496486163,0,94
2839148969,2839148938,0,71
2839148969,3430413424,0,83
2839148969,2839149033,0,52
2839148973,3430413422,0,68
2839148973,2839148953,0,77
2839148973,7871220168,0,98
2839148974,7871304690,0,67
2839148974,11047673504,0,94
2839148974,2843657492,0,89
2839148974,2843851406,0,84
2839148977,2837579675,0,86
2839148977,2837579665,0,100
2839148977,11047636108,0,63
2839148977,2839149016,0,100
2839148979,2839149024,0,93
2839148979,2839148995,0,55
2839148979,3774525570,0,89
2839148983,4166878584,0,71
2839148985,7937823327,0,97
2839148985,2839148988,0,53
2839148985,2839149010,0,82
2839148987,2839148934,0,93
2839148987,3774525571,0,73
2839148987,2839149011,0,53
2839148987,2839148927,0,57
2839148988,3430413420,0,74
2839148988,2839148985,0,73
2839148988,2837579689,0,79
2839148990,4166878583,0,89
2839148990,2839148962,0,52
2839148990,3430413422,0,73
2839148995,2839149003,0,73
2839148995,2839149061,0,61
2839148995,2839148979,0,91
2839148996,7939035559,0,85
2839149001,7872058152,0,95
2839149001,7871220168,0,54
2839149003,2839148995,0,85
2839149003,2839149012,0,95
2839149003,9708719608,0,99
2839149004,12211339583,0,63
2839149004,2841514564,0,58
2839149004,2839148967,0,71
2839149005,2839149016,0,65
2839149005,3430413428,0,84
2839149005,2837579665,0,57
2839149007,2841514566,0,91
2839149007,2839148906,0,80
2839149007,2839149013,0,97
2839149009,2839254272,0,98
2839149009,2837579672,0,87
2839149009,2839148951,0,94
2839149010,2837579684,0,63
2839149010,2839148985,0,98
2839149010,2839149051,0,97
2839149011,3774525572,0,98
2839149011,2839148987,0,64
2839149011,2839148961,0,70
2839149011,8834964791,0,72
2839149012,2839149003,0,67
2839149012,11072530635,0,82
2839149012,2839149039,0,93
2839149013,2839148916,0,77
2839149013,2839149022,0,67
2839149013,2839149007,0,53
2839149014,2843657606,0,54
2839149014,7871304702,0,73
2839149014,2843657492,0,72
2839149014,2843657609,0,78
2839149016,2839149005,0,81
2839149016,2839149067,0,82
2839149016,2839148977,0,83
2839149016,8834201097,0,57
2839149017,4166878585,0,80
2839149018,2839148885,0,95
2839149019,7939035559,0,84
2839149019,2839254276,0,93
2839149019,2839254267,0,84
2839149019,11365925688,0,68
2839149020,2841514567,0,78
2839149020,2833253632,0,89
2839149020,2839149070,0,73
2839149022,7871220137,0,93
2839149022,2839148924,0,94
2839149022,3430413424,0,54
2839149022,2839149013,0,62
2839149024,2839148979,0,79
2839149029,2839149039,0,55
2839149029,2282190275,0,55
2839149033,3498774885,0,75
2839149033,3430413424,0,61
2839149033,2839148969,0,68
2839149035,2839254276,0,54
2839149035,2839254279,0,56
2839149035,11365925687,0,60
2839149036,4650003425,0,67
2839149036,2841514569,0,57
2839149039,2839149029,0,94
2839149039,2839149201,0,59
2839149039,3774525579,0,81
2839149039,2839149012,0,59
2839149040,2839149074,0,63
2839149040,2839149036,0,83
2839149048,2839254279,0,90
2839149048,2841299163,0,51
2839149048,7939035561,0,68
2839149051,2839149055,0,76
2839149051,7938154772,0,93
2839149051,2839149010,0,84
2839149053,2839149089,0,58
2839149053,4167258055,0,80
2839149055,2839149106,0,72
2839149055,2837579699,0,76
2839149055,2839149051,0,78
2839149057,2839254288,0,97
2839149057,11365925683,0,91
2839149057,2839149100,0,51
2839149058,2837579679,0,68
2839149058,2839254284,0,62
2839149058,2839254294,0,54
2839149061,11072530635,0,51
2839149061,2839148995,0,64
2839149061,2839149093,0,83
2839149061,3774525571,0,91
2839149066,2839254289,0,71
2839149066,2839149075,0,76
2839149066,2839149195,0,87
2839149067,2839149016,0,71
2839149068,7937877990,0,91
2839149068,7937877985,0,91
2839149068,7937877988,0,100
2839149070,2841514580,0,70
2839149070,2839149020,0,81
2839149070,2839149124,0,87
2839149073,2839149074,0,92
2839149073,7937864673,0,94
2839149073,2839149117,0,83
2839149074,2839149040,0,85
2839149074,2839149073,0,78
2839149074,2839149077,0,79
2839149075,2839149066,0,69
2839149075,2839254278,0,86
2839149075,2839149085,0,58
2839149075,2839149223,0,100
2839149077,2839149127,0,69
2839149077,2839149074,0,60
2839149077,7938167182,0,100
2839149082,2839149155,0,66
2839149082,2833253639,0,64
2839149084,2839149093,0,80
2839149084,8834964791,0,73
2839149084,2839149103,0,68
2839149085,2839149099,0,99
2839149085,2839254286,0,53
2839149085,2839149075,0,59
2839149085,2839149246,0,72
2839149086,2837579833,0,68
2839149089,2841514593,0,79
2839149089,2841514580,0,60
2839149089,2839149053,0,89
2839149090,2839149100,0,60
2839149090,11365925682,0,95
2839149090,11365925683,0,84
2839149092,2839149101,0,68
2839149092,2839254291,0,61
2839149092,3430413434,0,61
2839149093,2839149084,0,95
2839149093,2839149061,0,94
2839149093,11072530635,0,92
2839149099,2837579801,0,100
2839149099,2839149085,0,59
2839149099,2837579842,0,60
2839149100,2839149090,0,65
2839149100,11047649407,0,57
2839149100,2839149057,0,52
2839149101,2839149110,0,70
2839149101,2839149092,0,86
2839149101,11368268915,0,58
2839149103,2839149084,0,78
2839149103,2839149115,0,66
2839149103,7872530330,0,73
2839149103,3774525572,0,61
2839149106,2839149116,0,63
2839149106,2839149055,0,85
2839149106,7938154774,0,95
2839149109,3774525577,0,52
2839149109,2841299164,0,92
2839149109,4166823755,0,70
2839149110,2839149101,0,72
2839149110,3430413436,0,59
2839149110,2839149118,0,73
2839149115,12213129739,0,78
2839149115,2839149103,0,84
2839149115,4188956830,0,60
2839149116,2839149106,0,84
2839149116,3430413431,0,69
2839149116,2837579699,0,57
2839149117,2839149134,0,51
2839149117,2839149127,0,75
2839149117,2839149121,0,81
2839149117,2839149073,0,99
2839149118,2839149122,0,59
2839149118,11365925687,0,79
2839149118,2839149110,0,70
2839149121,2839149138,0,59
2839149121,4167258061,0,50
2839149121,2839149117,0,97
2839149122,2839149141,0,84
2839149122,2839149118,0,82
2839149122,2839149227,0,71
2839149124,2839149129,0,91
2839149124,2839149070,0,95
2839149124,2839149163,0,68
2839149127,2839149077,0,80
2839149127,2839149117,0,68
2839149127,2839149136,0,98
2839149129,2839149164,0,86
2839149129,2839149124,0,92
2839149129,2839149137,0,59
2839149129,2841514580,0,86
2839149130,2839149201,0,96
2839149130,4188956830,0,78
2839149130,2839149144,0,71
2839149134,2839149117,0,94
2839149134,2839149160,0,57
2839149134,4167258061,0,96
2839149135,7871811309,0,80
2839149135,2839149145,0,52
2839149135,7871220155,0,58
2839149136,2839149127,0,93
2839149136,2839149160,0,85
2839149136,6354264771,0,57
2839149137,2839149173,0,69
2839149137,2839149129,0,51
2839149137,2839149143,0,75
2839149138,2841514598,0,89
2839149138,2839149121,0,64
2839149138,2841514591,0,78
2839149139,2839149174,0,72
2839149139,4174015478,0,55
2839149139,2839149165,0,70
2839149141,2839149147,0,53
2839149141,2839149122,0,88
2839149141,2839149191,0,91
2839149143,2839149177,0,62
2839149143,2839149137,0,87
2839149143,2839149182,0,83
2839149144,2839149130,0,64
2839149144,7872058150,0,100
2839149144,4165424724,0,99
2839149144,3500418919,0,67
2839149145,3498774885,0,62
2839149145,2839149157,0,51
2839149146,11365925682,0,55
2839149147,2839149161,0,84
2839149147,2839149141,0,78
2839149147,7939035561,0,93
2839149149,1880441510,0,92
2839149149,2837579818,0,55
2839149150,4167258061,0,82
2839149150,2841514591,0,75
2839149150,4167258062,0,62
2839149150,2841514596,0,81
2839149152,2839254299,0,70
2839149152,2837579834,0,88
2839149152,2839149165,0,88
2839149155,2839149159,0,82
2839149155,4166823709,0,53
2839149155,2839149082,0,92
2839149157,3498774884,0,73
2839149157,2839149162,0,75
2839149157,9872189439,0,59
2839149159,2839149155,0,95
2839149159,2839149224,0,77
2839149159,4166823629,0,73
2839149160,2839149134,0,74
2839149160,2839149167,0,73
2839149160,2839149136,0,50
2839149161,2837579833,0,68
2839149161,2839149147,0,72
2839149161,2839149205,0,72
2839149162,7871074774,0,69
2839149162,2833253645,0,78
2839149163,3498527298,0,85
2839149163,2833253644,0,55
2839149163,2839149124,0,63
2839149164,2839149214,0,96
2839149164,2839149129,0,78
2839149164,2839149173,0,97
2839149164,3498527298,0,76
2839149165,2839255702,0,78
2839149165,2839149152,0,68
2839149165,2839149174,0,60
2839149165,2839149139,0,96
2839149167,2841514596,0,77
2839149167,2839149160,0,96
2839149167,2839149186,0,76
2839149170,4166823705,0,58
2839149170,4166823755,0,87
2839149170,2839149179,0,88
2839149173,2839149215,0,55
2839149173,2839149137,0,59
2839149173,2839149177,0,63
2839149173,2839149164,0,69
2839149174,2839149165,0,80
2839149174,2839149139,0,83
2839149174,11047628089,0,71
2839149177,2839149216,0,54
2839149177,2839149143,0,87
2839149177,2839149181,0,98
2839149177,2839149173,0,74
2839149179,7872058150,0,55
2839149179,2839149170,0,50
2839149179,4165424753,0,76
2839149181,2839149218,0,90
2839149181,2839149187,0,67
2839149181,2839149177,0,76
2839149182,2839149185,0,61
2839149182,2839149187,0,85
2839149182,2839149143,0,79
2839149185,2841514598,0,95
2839149185,2839149182,0,86
2839149185,2839149188,0,98
2839149186,2839149206,0,58
2839149186,2839149225,0,62
2839149186,2839149167,0,61
2839149187,2839149181,0,74
2839149187,4167258067,0,68
2839149187,2839149182,0,85
2839149188,4167258062,0,81
2839149188,2839149185,0,52
2839149188,3496755908,0,69
2839149191,2839149205,0,87
2839149191,3430413437,0,69
2839149191,2839149141,0,81
2839149193,2839149237,0,85
2839149193,2839149195,0,97
2839149193,2837579833,0,79
2839149195,2839149209,0,64
2839149195,2839149193,0,51
2839149195,2839149066,0,100
2839149201,2839149130,0,50
2839149201,4165424724,0,59
2839149201,2839149039,0,66
2839149203,2833253644,0,69
2839149203,2839149214,0,90
2839149203,3498527298,0,90
2839149205,2839149191,0,80
2839149205,2841299181,0,57
2839149205,2841299173,0,91
2839149205,2839149161,0,92
2839149206,3496755905,0,68
2839149206,2839149186,0,76
2839149206,2839149232,0,61
2839149206,2839149220,0,81
2839149209,2839149195,0,94
2839149209,2839149289,0,91
2839149209,2839149221,0,65
2839149214,2839149203,0,51
2839149214,7937864663,0,57
2839149214,2839149164,0,98
2839149215,7937864663,0,67
2839149215,2839149216,0,81
2839149215,2839149173,0,54
2839149216,2839149215,0,88
2839149216,2839149177,0,97
2839149216,3496959647,0,73
2839149218,3496959647,0,87
2839149218,2839149181,0,80
2839149218,2839149222,0,86
2839149220,2839149242,0,77
2839149220,2841517705,0,66
2839149220,2839149206,0,90
2839149221,2839149223,0,93
2839149221,2839149297,0,80
2839149221,2839149209,0,94
2839149222,4167258067,0,57
2839149222,2839149218,0,73
2839149222,2839149251,0,82
2839149223,2839149231,0,96
2839149223,2839149221,0,86
2839149223,2839149075,0,51
2839149224,4166823898,0,66
2839149224,4165424780,0,60
2839149224,2839149159,0,87
2839149225,2839149186,0,53
2839149226,2839149235,0,59
2839149227,2839149122,0,70
2839149231,2839149246,0,79
2839149231,2839149223,0,94
2839149231,2839149304,0,58
2839149232,2839149206,0,72
2839149235,3496755908,0,60
2839149235,2839149226,0,53
2839149235,2839149242,0,67
2839149235,2839149268,0,73
2839149237,2839149193,0,76
2839149237,2841299174,0,90
2839149237,3430413438,0,72
2839149238,2837579858,0,53
2839149238,2839255702,0,68
2839149238,2837579851,0,68
2839149240,7937864674,0,83
2839149242,2839149220,0,90
2839149242,2839149235,0,54
2839149242,2839149268,0,82
2839149243,2841349269,0,62
2839149243,2839149306,0,99
2839149243,13604702812,0,90
2839149244,4165425406,0,61
2839149244,4165424780,0,98
2839149244,7871296942,0,56
2839149246,2837579864,0,88
2839149246,2839149231,0,98
2839149246,2839149085,0,60
2839149248,2837579865,0,84
2839149248,2837579858,0,70
2839149248,11047628089,0,70
2839149250,6649244973,0,93
2839149251,9708719598,0,69
2839149251,2839149222,0,67
2839149251,2839149262,0,93
2839149257,7937864668,0,94
2839149257,8843574865,0,94
2839149261,2837579855,0,73
2839149261,2839255704,0,56
2839149261,2837579843,0,84
2839149262,2839149251,0,87
2839149262,2833253679,0,72
2839149262,2839149286,0,59
2839149263,2839149279,0,50
2839149263,4165424724,0,58
2839149263,2839149327,0,83
2839149263,3774525581,0,68
2839149268,2839149276,0,73
2839149268,2839149235,0,99
2839149268,2839149242,0,81
2839149273,7871225906,0,76
2839149273,7871296938,0,71
2839149275,2839149286,0,60
2839149275,9708719598,0,56
2839149275,2839149313,0,63
2839149276,2839149287,0,59
2839149276,2839149268,0,82
2839149276,2841517710,0,64
2839149279,2839149331,0,62
2839149279,2839149296,0,100
2839149279,2839149263,0,85
2839149279,4165424454,0,89
2839149284,2839149302,0,94
2839149284,7937823352,0,83
2839149284,2841517709,0,84
2839149286,2839149275,0,95
2839149286,2839149262,0,85
2839149286,2839149310,0,94
2839149287,9708719598,0,98
2839149287,1880441538,0,57
2839149287,2839149276,0,76
2839149289,2839149209,0,79
2839149294,1880441533,0,54
2839149294,2841349269,0,57
2839149294,2841349272,0,58
2839149296,2839149340,0,51
2839149296,4165425179,0,80
2839149296,3774525593,0,72
2839149296,2839149279,0,69
2839149297,2839149221,0,94
2839149298,2839149316,0,73
2839149298,7937864680,0,58
2839149298,7937823352,0,78
2839149302,7937823353,0,88
2839149302,2839149284,0,83
2839149302,2841517721,0,98
2839149304,2839149231,0,71
2839149306,7937823349,0,61
2839149306,2841349272,0,95
2839149306,2839149243,0,69
2839149310,2839149286,0,51
2839149311,11047628094,0,97
2839149311,2837579881,0,57
2839149311,11047628091,0,64
2839149311,2839149323,0,58
2839149312,7870864121,0,94
2839149312,2839149320,0,59
2839149313,1880441538,0,94
2839149313,2839149275,0,64
2839149313,2833253670,0,69
2839149316,7937507146,0,58
2839149316,2839149298,0,63
2839149316,7937823353,0,58
2839149320,7871296945,0,55
2839149320,7871296944,0,77
2839149322,2841517721,0,94
2839149322,2839149338,0,98
2839149322,7937507146,0,100
2839149323,2837580031,0,57
2839149323,2839149311,0,54
2839149323,11096405069,0,51
2839149324,2839149356,0,99
2839149324,4168929241,0,80
2839149325,2833253678,0,98
2839149325,2833253668,0,77
2839149325,7871074744,0,52
2839149327,2839149331,0,62
2839149327,7871296950,0,56
2839149327,2839149263,0,52
2839149330,7870864120,0,100
2839149330,1880441580,0,92
2839149330,3430413448,0,82
2839149331,2839149279,0,87
2839149331,2839149340,0,53
2839149332,2839149338,0,80
2839149333,2833253693,0,57
2839149333,2839149324,0,66
2839149338,2839149332,0,52
2839149338,2839149346,0,54
2839149338,2839149322,0,69
2839149339,2839149403,0,92
2839149339,7871296948,0,50
2839149340,2839149296,0,98
2839149340,3774525601,0,56
2839149341,12218252418,0,100
2839149341,3774525596,0,57
2839149341,3774525605,0,88
2839149342,2841299192,0,63
2839149342,3430413448,0,87
2839149342,7870864121,0,62
2839149343,2837580074,0,61
2839149343,11096405069,0,92
2839149343,2837580060,0,72
2839149344,2833253716,0,51
2839149344,1880441586,0,55
2839149345,2839149374,0,59
2839149345,3774525602,0,97
2839149345,12696387423,0,67
2839149346,2839149338,0,87
2839149346,1880441581,0,72
2839149346,7937507147,0,72
2839149347,4169424517,0,60
2839149347,2839149333,0,82
2839149353,2833253692,0,99
2839149353,2833253678,0,96
2839149353,7937878045,0,89
2839149355,12218252418,0,65
2839149355,2839149384,0,82
2839149355,7871296950,0,86
2839149356,2833253693,0,54
2839149356,2837580308,0,56
2839149356,2839149324,0,87
2839149358,9202041444,0,98
2839149358,2839149377,0,50
2839149358,2839149370,0,83
2839149359,7937864665,0,63
2839149359,2839149362,0,95
2839149359,2839149370,0,62
2839149360,2841299192,0,68
2839149362,2839149381,0,60
2839149362,2839149359,0,98
2839149362,7937864662,0,84
2839149363,2837591267,0,50
2839149363,2839149347,0,96
2839149368,2839149377,0,56
2839149369,2841299195,0,63
2839149370,2839149358,0,82
2839149370,2839149359,0,95
2839149370,2833253697,0,80
2839149374,2839149345,0,73
2839149374,7872530327,0,94
2839149374,2839149409,0,87
2839149374,8841294511,0,61
2839149375,2839149379,0,78
2839149375,2839149382,0,93
2839149375,1880441580,0,56
2839149376,2839149392,0,61
2839149376,2839149383,0,72
2839149376,7871296963,0,74
2839149377,2839149358,0,77
2839149377,2833253694,0,63
2839149377,2839149368,0,82
2839149379,2839149375,0,64
2839149379,3430413448,0,76
2839149379,2839149394,0,57
2839149381,2839149362,0,98
2839149381,7938154777,0,70
2839149381,2839149421,0,57
2839149382,2839149375,0,79
2839149382,2839149395,0,57
2839149382,7872058141,0,83
2839149383,2839149404,0,58
2839149383,12218256203,0,81
2839149383,2839149376,0,98
2839149384,3774525605,0,73
2839149384,2839149396,0,95
2839149384,2839149355,0,68
2839149384,2839149406,0,85
2839149391,2839149408,0,96
2839149392,2839149376,0,52
2839149392,2839149404,0,55
2839149392,7872058141,0,70
2839149394,2839149379,0,81
2839149394,6354338580,0,57
2839149394,2839149425,0,74
2839149395,2839149382,0,68
2839149396,7871296948,0,79
2839149396,2839149403,0,88
2839149396,2839149384,0,97
2839149396,12218198369,0,69
2839149400,6354338580,0,93
2839149403,2839149339,0,78
2839149403,2839149410,0,64
2839149403,2839149396,0,85
2839149404,2839149383,0,76
2839149404,2839149392,0,68
2839149404,2839149429,0,77
2839149404,2839149436,0,62
2839149406,8840551618,0,54
2839149406,12218258646,0,80
2839149406,2839149384,0,93
2839149408,2839149420,0,73
2839149408,2833253694,0,61
2839149408,2839149391,0,50
2839149409,2839149443,0,93
2839149409,7872530328,0,81
2839149409,2839149374,0,93
2839149410,2839149436,0,56
2839149410,12218256203,0,75
2839149410,2839149403,0,78
2839149410,2839149463,0,83
2839149411,7938154777,0,92
2839149413,7872058141,0,93
2839149420,2839149408,0,55
2839149420,2839149433,0,57
2839149420,7938167102,0,59
2839149421,7938167100,0,75
2839149421,2833253697,0,75
2839149421,2839149381,0,94
2839149421,2839149430,0,87
2839149425,2839149438,0,56
2839149425,2839149433,0,97
2839149425,2839149394,0,60
2839149429,2839149404,0,54
2839149430,2839149421,0,73
2839149430,2839149445,0,62
2839149430,7938167102,0,71
2839149433,2839149425,0,62
2839149433,2839149450,0,88
2839149433,2839149420,0,75
2839149433,2839149442,0,57
2839149436,2839149410,0,64
2839149436,2839149448,0,77
2839149436,2839149404,0,96
2839149438,2839149425,0,81
2839149438,2839149452,0,67
2839149438,2839149441,0,98
2839149439,2839149441,0,95
2839149439,2839149457,0,99
2839149439,6354338580,0,87
2839149440,2839149457,0,87
2839149441,2839149439,0,67
2839149441,2839149456,0,98
2839149441,2839149438,0,100
2839149442,2839149452,0,91
2839149442,2839149450,0,75
2839149442,2839149433,0,72
2839149443,7773747519,0,80
2839149443,2839149409,0,92
2839149443,2841517739,0,88
2839149445,2839149430,0,75
2839149445,3430413451,0,81
2839149445,2839149447,0,82
2839149446,1880441714,0,67
2839149447,7938167100,0,59
2839149447,2839149445,0,99
2839149447,2839149459,0,79
2839149448,2839149436,0,56
2839149449,2841299205,0,57
2839149449,2833253704,0,66
2839149449,2839149553,0,81
2839149450,2839149442,0,81
2839149450,2839149451,0,64
2839149450,2839149433,0,90
2839149451,2839149450,0,58
2839149451,2839149505,0,51
2839149451,3430413451,0,56
2839149452,2839149438,0,97
2839149452,2839149442,0,53
2839149452,2839149466,0,54
2839149456,2839149441,0,81
2839149456,2839149466,0,93
2839149456,2839149471,0,51
2839149457,2839149439,0,61
2839149457,2839149440,0,74
2839149457,2839149471,0,88
2839149457,7870864115,0,93
2839149459,3430413450,0,70
2839149459,7912725286,0,59
2839149459,4258130064,0,69
2839149459,2839149447,0,89
2839149463,2839149476,0,89
2839149463,3774525608,0,56
2839149463,2839149410,0,98
2839149466,3430413454,0,54
2839149466,2839149452,0,92
2839149466,2839149456,0,98
2839149467,3430413453,0,83
2839149467,2837580331,0,99
2839149467,2839149491,0,81
2839149471,7870864115,0,100
2839149471,2839149457,0,79
2839149471,2839149456,0,62
2839149476,2839149479,0,68
2839149476,2839149463,0,92
2839149476,2839149485,0,81
2839149479,7872530320,0,81
2839149479,2839149486,0,82
2839149479,2839149476,0,66
2839149479,2839149493,0,84
2839149481,7872058144,0,71
2839149485,2839149493,0,84
2839149485,7872058144,0,84
2839149485,2839149476,0,51
2839149486,2839149504,0,98
2839149486,2839149479,0,52
2839149486,2839149509,0,77
2839149489,2839149516,0,57
2839149490,2833253735,0,74
2839149490,2839149576,0,78
2839149490,2841299209,0,70
2839149491,4170787653,0,74
2839149491,2837591270,0,78
2839149491,3430413453,0,79
2839149491,2839149467,0,52
2839149493,2839149509,0,52
2839149493,2839149485,0,61
2839149493,2839149479,0,85
2839149494,2839149503,0,92
2839149494,3430413454,0,99
2839149494,2839149544,0,69
2839149495,3485765662,0,95
2839149495,3485765656,0,60
2839149495,4393296801,0,81
2839149496,2839149516,0,77
2839149496,7870864115,0,58
2839149496,2839149512,0,69
2839149503,2839149505,0,95
2839149503,2839149494,0,74
2839149503,9201862064,0,81
2839149504,2839149486,0,98
2839149504,2839149521,0,57
2839149504,7927123900,0,86
2839149505,2839149503,0,93
2839149505,2839149511,0,81
2839149505,2839149451,0,92
2839149505,7915347239,0,85
2839149507,2839149543,0,93
2839149507,2839149511,0,84
2839149507,3430413451,0,86
2839149509,2839149521,0,80
2839149509,2839149493,0,80
2839149509,2839149486,0,85
2839149511,2839149507,0,60
2839149511,2839149541,0,82
2839149511,2839149505,0,53
2839149512,2839149530,0,75
2839149512,3430413454,0,66
2839149512,2839149496,0,81
2839149516,2839149489,0,87
2839149516,2839149530,0,74
2839149516,2839149496,0,89
2839149519,2839149534,0,93
2839149519,7927123900,0,72
2839149519,2841517763,0,99
2839149521,2839149509,0,68
2839149521,2839149535,0,70
2839149521,2839149534,0,53
2839149521,2839149504,0,51
2839149525,4170787653,0,87
2839149525,2837591273,0,52
2839149525,2837580355,0,58
2839149530,2839149516,0,73
2839149530,2839149512,0,72
2839149530,2839149544,0,97
2839149534,7918759058,0,87
2839149534,2839149519,0,51
2839149534,2839149559,0,98
2839149534,2839149521,0,90
2839149535,2839149521,0,71
2839149541,2839149543,0,74
2839149541,2839149511,0,56
2839149541,2839149579,0,77
2839149543,2839149549,0,72
2839149543,2839149507,0,72
2839149543,2839149541,0,76
2839149543,7912725291,0,72
2839149544,2839149561,0,53
2839149544,2839149494,0,92
2839149544,2839149530,0,65
2839149549,2839149543,0,65
2839149553,2833253763,0,65
2839149553,2833253752,0,91
2839149553,7911517116,0,69
2839149553,2839149449,0,87
2839149559,2839149570,0,55
2839149559,2839149565,0,94
2839149559,2839149534,0,54
2839149561,2839149544,0,69
2839149563,3485765655,0,57
2839149563,6566842801,0,71
2839149565,2839149559,0,60
2839149566,2841349274,0,51
2839149570,2839149559,0,84
2839149570,2839149577,0,70
2839149570,7915350689,0,52
2839149570,2841517763,0,79
2839149571,2839149576,0,92
2839149571,2833253763,0,77
2839149571,2841299209,0,86
2839149571,2833253801,0,82
2839149576,2833253785,0,76
2839149576,2839149571,0,67
2839149576,2839149603,0,51
2839149576,2839149490,0,94
2839149577,2839149587,0,80
2839149577,2839149570,0,87
2839149577,7915350692,0,51
2839149579,2839149541,0,70
2839149581,2839149590,0,74
2839149581,2841349274,0,86
2839149581,3430413461,0,74
2839149582,2841299231,0,70
2839149582,2839149589,0,86
2839149587,2839149595,0,56
2839149587,2839149577,0,81
2839149587,2839149597,0,56
2839149587,2841517768,0,94
2839149589,2839149582,0,93
2839149590,2839149581,0,63
2839149590,2833253810,0,71
2839149590,2841349273,0,81
2839149593,3486229679,0,82
2839149593,2833253785,0,98
2839149593,2839149611,0,92
2839149593,12200705349,0,71
2839149594,2833253778,0,60
2839149594,2833253809,0,89
2839149594,2839149606,0,69
2839149595,2839149587,0,73
2839149595,9708719587,0,77
2839149595,2839149604,0,62
2839149597,2839149587,0,81
2839149597,9708719586,0,90
2839149597,2839149602,0,100
2839149602,2839149597,0,54
2839149603,2841299243,0,84
2839149603,2833253812,0,63
2839149603,2839149576,0,68
2839149604,3430413463,0,66
2839149604,3502291880,0,53
2839149604,2839149595,0,69
2839149606,2833253815,0,86
2839149606,2833253802,0,75
2839149606,2839149594,0,64
2839149607,7915347284,0,89
2839149607,7915347282,0,97
2839149607,7915347281,0,55
2839149611,2833253812,0,95
2839149611,2837580518,0,87
2839149611,2839149593,0,56
2839149611,1880441831,0,87
2839149612,2833253815,0,71
2839149612,3430413468,0,67
2839149612,2833253774,0,54
2839149612,4776756135,0,86
2839149613,2845678171,0,83
2839149613,11807002878,0,80
2839149613,2845678197,0,77
2839149616,3430413468,0,63
2839149616,3430413471,0,72
2839149616,2833253781,0,100
2839149616,4776767124,0,54
2839149617,3430413461,0,91
2839149617,2841299275,0,69
2839149617,2841299253,0,82
2839149617,2841299263,0,69
2839149619,4776723232,0,77
2839149619,2839149621,0,92
2839149621,4776756131,0,84
2839149621,3430413466,0,70
2839149621,2839149619,0,62
2839149622,2841517950,0,76
2839149622,2841517784,0,75
2839149622,7911475585,0,66
2839149625,2839149645,0,89
2839149625,2833253792,0,82
2839149625,2833253830,0,79
2839149625,2833253836,0,92
2839149626,2841517950,0,98
2839149626,1880441825,0,85
2839149627,2839149649,0,61
2839149627,2837284902,0,51
2839149627,2837284901,0,90
2839149632,4776756132,0,95
2839149632,2839255711,0,83
2839149642,7911517119,0,61
2839149642,2839149644,0,86
2839149642,1880441848,0,81
2839149643,2841299277,0,63
2839149643,2839149644,0,92
2839149643,2841299264,0,97
2839149643,7911517133,0,79
2839149644,2839149643,0,67
2839149644,2839149642,0,90
2839149644,2839149663,0,84
2839149645,7911517119,0,89
2839149645,2839149646,0,99
2839149645,2839149625,0,77
2839149645,2839149664,0,86
2839149646,2833253836,0,96
2839149646,2839149666,0,90
2839149646,2839149645,0,53
2839149649,2837284906,0,83
2839149649,2837284910,0,62
2839149649,2839149627,0,73
2839149651,2839149665,0,79
2839149651,2839149659,0,59
2839149651,7911475585,0,65
2839149659,2839149651,0,59
2839149659,2841518212,0,97
2839149661,2839149665,0,93
2839149661,2839149659,0,98
2839149661,9720092724,0,69
2839149662,3430413476,0,77
2839149663,7911517122,0,76
2839149663,7911517133,0,70
2839149663,3772964231,0,54
2839149663,2839149644,0,90
2839149664,7911517122,0,63
2839149664,2839149666,0,76
2839149664,2839149645,0,67
2839149665,2839149661,0,68
2839149665,2839149651,0,91
2839149665,2839149670,0,60
2839149666,2839149646,0,66
2839149666,4776770722,0,93
2839149666,2839149664,0,88
2839149670,13077902286,0,65
2839149670,4776766928,0,75
2839149670,2839149665,0,65
2839149671,4776767125,0,57
2839149675,2839149677,0,59
2839149675,2839149695,0,62
2839149677,2839149679,0,51
2839149677,4776756139,0,65
2839149677,2841518298,0,69
2839149678,13077902286,0,79
2839149678,2841518284,0,81
2839149678,4776756142,0,85
2839149678,2841518231,0,77
2839149679,2841518277,0,77
2839149679,4776756140,0,91
2839149682,2839149683,0,52
2839149682,2839149706,0,62
2839149683,2839149685,0,60
2839149683,4776766927,0,67
2839149685,2839149686,0,58
2839149685,2841518291,0,51
2839149686,7923076397,0,66
2839149686,2984688093,0,100
2839149691,2839149712,0,67
2839149695,2839255738,0,92
2839149695,2841518298,0,85
2839149695,2841518426,0,61
2839149695,2839149675,0,91
2839149696,2839255739,0,52
2839149696,2843657802,0,96
2839149696,2837580968,0,81
2839149703,4776756147,0,100
2839149706,2839149682,0,51
2839149706,2839255754,0,53
2839149706,2839149708,0,55
2839149706,2839255740,0,70
2839149708,2839149726,0,88
2839149708,2839149711,0,69
2839149708,2839149706,0,54
2839149710,2839149713,0,76
2839149710,7918749101,0,73
2839149710,4776767127,0,92
2839149710,2839149718,0,92
2839149711,2841518291,0,55
2839149711,2839149714,0,75
2839149711,2839149708,0,96
2839149712,3502372153,0,58
2839149712,4776766929,0,65
2839149712,2839149691,0,57
2839149713,2839149710,0,86
2839149713,4776723240,0,97
2839149713,2839149740,0,82
2839149714,2839149717,0,57
2839149714,2839149711,0,83
2839149714,2839149735,0,92
2839149717,2839149725,0,87
2839149717,2841518407,0,99
2839149717,2839149714,0,83
2839149718,2839149710,0,66
2839149718,7916755466,0,81
2839149718,4776756149,0,55
2839149719,2839149748,0,65
2839149719,2841518413,0,88
2839149720,4776756148,0,57
2839149720,7918749099,0,99
2839149720,3502372158,0,70
2839149723,2839149725,0,71
2839149723,2841518419,0,87
2839149723,2841518405,0,97
2839149725,2839149723,0,74
2839149725,2841518425,0,97
2839149725,2839149717,0,97
2839149726,2839149708,0,65
2839149727,2839149733,0,77
2839149727,2839255746,0,63
2839149727,2841518419,0,59
2839149733,2839149727,0,56
2839149733,2839255753,0,61
2839149733,2841518425,0,63
2839149735,2839255752,0,67
2839149735,3430413491,0,78
2839149735,2839149714,0,76
2839149737,7916755450,0,66
2839149740,7916755450,0,87
2839149740,2839149753,0,53
2839149740,2839149713,0,81
2839149748,2837581310,0,84
2839149748,2841518436,0,73
2839149748,2839149719,0,94
2839149748,2839255766,0,57
2839149751,2839255764,0,70
2839149751,2841518439,0,84
2839149751,6444846565,0,77
2839149753,2839149740,0,80
2839149753,4776756150,0,93
2839149753,2837581333,0,65
2839149761,2841518460,0,67
2839149761,3997971832,0,100
2839149761,7916755449,0,59
2839149762,2841518460,0,73
2839149770,2833127451,0,80
2839149770,2833127434,0,95
2839149770,2839149780,0,73
2839149775,2839149780,0,69
2839149775,2833127424,0,51
2839149775,2833127493,0,91
2839149780,2833127501,0,88
2839149780,2839149775,0,52
2839149780,2841299392,0,97
2839149780,2839149770,0,92
2839149788,7911697778,0,53
2839149788,7911717988,0,94
2839149788,2839149796,0,100
2839149793,2839149796,0,92
2839149793,7941892796,0,65
2839149793,2839149798,0,66
2839149796,12200868900,0,85
2839149796,2839149793,0,74
2839149796,2839149788,0,69
2839149798,2839149793,0,90
2839254267,2839149019,0,94
2839254267,7937823325,0,73
2839254267,2839254269,0,93
2839254269,2839254276,0,57
2839254269,2839254270,0,84
2839254269,2839254267,0,65
2839254270,2839254279,0,78
2839254270,2839254269,0,74
2839254270,2839254271,0,50
2839254271,2839254285,0,75
2839254271,2839254270,0,66
2839254271,2839254274,0,69
2839254272,2839254284,0,55
2839254272,2837579679,0,98
2839254272,2839149009,0,65
2839254274,2839254283,0,69
2839254274,2839254271,0,63
2839254274,2839254278,0,60
2839254276,2839149019,0,78
2839254276,2839149035,0,90
2839254276,2839254269,0,70
2839254278,2839149075,0,99
2839254278,2839254274,0,91
2839254278,2839254286,0,76
2839254279,2839149035,0,100
2839254279,2839149048,0,52
2839254279,2839254270,0,67
2839254280,2839254283,0,55
2839254282,2839254286,0,99
2839254283,2839254280,0,81
2839254283,2839254274,0,80
2839254283,2839254289,0,97
2839254284,2839254272,0,76
2839254284,2839149058,0,71
2839254284,7938154771,0,95
2839254285,2841299163,0,77
2839254285,2841299165,0,56
2839254285,2839254271,0,60
2839254286,2839149085,0,94
2839254286,2839254282,0,66
2839254286,2839254278,0,82
2839254286,2837579801,0,54
2839254288,2837579808,0,72
2839254288,2839149057,0,76
2839254288,7937823336,0,88
2839254289,2839149066,0,96
2839254289,2839254283,0,85
2839254289,2841299165,0,97
2839254291,2839149092,0,70
2839254291,2837579808,0,79
2839254291,7937823336,0,94
2839254293,2839254295,0,51
2839254293,2839254297,0,98
2839254293,2837579804,0,53
2839254294,2839149058,0,91
2839254295,2839254293,0,91
2839254295,2837579822,0,61
2839254295,2839254299,0,90
2839254297,2837579816,0,78
2839254297,2839254299,0,100
2839254297,2839254293,0,91
2839254299,2839254297,0,58
2839254299,2839149152,0,50
2839254299,2839254295,0,75
2839255702,2839149238,0,62
2839255702,2839149165,0,90
2839255702,2837579834,0,69
2839255702,11047628089,0,70
2839255703,2839255704,0,86
2839255704,2839149261,0,55
2839255704,2839255703,0,57
2839255704,2837580061,0,60
2839255705,2839255706,0,65
2839255706,2839255705,0,83
2839255706,2837579855,0,95
2839255706,3430413447,0,99
2839255708,2839255714,0,91
2839255708,2839255709,0,98
2839255709,2839255710,0,58
2839255709,2839255715,0,88
2839255710,2839255716,0,93
2839255710,2839149632,0,76
2839255711,2839255720,0,100
2839255711,1880441855,0,70
2839255714,2839255718,0,78
2839255714,2839255715,0,80
2839255715,2839255716,0,97
2839255715,2839255714,0,58
2839255715,2839255709,0,66
2839255716,2839255710,0,61
2839255716,2839255715,0,93
2839255716,2839255720,0,87
2839255717,2837580577,0,70
2839255717,2839255722,0,68
2839255718,3773002119,0,62
2839255720,2839255711,0,55
2839255720,2837580581,0,76
2839255720,2839255716,0,73
2839255722,2839255717,0,61
2839255722,2839255724,0,75
2839255722,3001634733,0,74
2839255722,2837580624,0,86
2839255723,2837580664,0,64
2839255723,2837580651,0,51
2839255723,2841299294,0,51
2839255724,2839255722,0,85
2839255724,2837580675,0,91
2839255724,2837580665,0,89
2839255725,2837580667,0,90
2839255725,2837580903,0,64
2839255725,2837580690,0,55
2839255726,2837580656,0,79
2839255726,2839255735,0,62
2839255726,7911606263,0,66
2839255726,2837580932,0,94
2839255735,2839255726,0,60
2839255735,2837580922,0,53
2839255735,2837580650,0,75
2839255737,2839255741,0,89
2839255737,2837580932,0,77
2839255737,2837580979,0,88
2839255738,2839149695,0,66
2839255738,2839255744,0,59
2839255738,2841299311,0,55
2839255738,2839255739,0,73
2839255739,2839149696,0,60
2839255739,2839255742,0,86
2839255739,2839255738,0,57
2839255740,2839149706,0,50
2839255740,3430413489,0,95
2839255740,2841518299,0,83
2839255740,2841518277,0,77
2839255741,2839255737,0,99
2839255741,2837580981,0,79
2839255741,2837581116,0,93
2839255742,2839255739,0,81
2839255744,2839255738,0,57
2839255745,2839255757,0,64
2839255746,2839255753,0,95
2839255746,2839255751,0,63
2839255746,2839149727,0,62
2839255748,2839255752,0,100
2839255751,2839255758,0,67
2839255751,2839255746,0,68
2839255751,6444846565,0,97
2839255752,2839149735,0,81
2839255752,2839255748,0,74
2839255752,2839255760,0,58
2839255753,2839255758,0,77
2839255753,2839149733,0,63
2839255753,2839255746,0,88
2839255754,2839149706,0,63
2839255754,2839255757,0,68
2839255754,3430413489,0,96
2839255757,2839255760,0,93
2839255757,2839255754,0,62
2839255757,2839255745,0,76
2839255758,2839255753,0,61
2839255758,2839255751,0,76
2839255758,2841518439,0,100
2839255760,3430413491,0,59
2839255760,2839255757,0,51
2839255760,2839255752,0,68
2839255762,2837581317,0,66
2839255762,2839255765,0,65
2839255762,2837581322,0,89
2839255764,3772997045,0,78
2839255764,2839149751,0,65
2839255764,3430413491,0,73
2839255765,2839255762,0,87
2839255766,2839149748,0,93
2839255766,3430413598,0,91
2839255766,2839255768,0,79
2839255766,7911603781,0,55
2839255767,2837581645,0,50
2839255767,2841518454,0,80
2839255767,2837581199,0,58
2839255768,2837581310,0,70
2839255768,2837581614,0,94
2839255768,2839255766,0,75
2839615473,1880442487,0,93
2839615473,2839615476,0,63
2839615473,2841518483,0,95
2839615476,2839615473,0,74
2839615476,2839615488,0,95
2839615476,3775996260,0,77
2839615483,2839615484,0,97
2839615483,2841518495,0,88
2839615483,3776025967,0,66
2839615483,9204376841,0,54
2839615484,2841518713,0,56
2839615484,2839615483,0,85
2839615484,2841518499,0,53
2839615485,2839615500,0,53
2839615485,3775996260,0,71
2839615485,9204376841,0,65
2839615486,2839615496,0,80
2839615486,2839615491,0,72
2839615486,2841518703,0,88
2839615488,1880442600,0,92
2839615488,2839615476,0,88
2839615488,3775996260,0,95
2839615491,2839615486,0,97
2839615496,2839615486,0,52
2839615496,9204376839,0,50
2839615496,2839616501,0,66
2839615500,2839615485,0,82
2839616501,2839616503,0,89
2839616501,2839615496,0,74
2839616501,9204376839,0,69
2839616503,2839616501,0,75
2839616503,3776032371,0,92
2839616506,2839616509,0,73
2839616508,2839616509,0,58
2839616508,4247888876,0,85
2839616509,2839616514,0,52
2839616509,2839616508,0,87
2839616509,2839616506,0,61
2839616514,2839616509,0,66
2841298979,2839148342,0,60
2841298980,2839148342,0,82
2841298980,2839148345,0,81
2841298981,7933770428,0,71
2841298981,7934422142,0,79
2841298981,2839148396,0,58
2841298983,2839148364,0,55
2841298983,9708728529,0,70
2841298983,2839148368,0,95
2841298983,7933770423,0,83
2841298989,2841298995,0,77
2841298990,2839148444,0,59
2841298990,2839148431,0,66
2841298990,9708728527,0,57
2841298994,2839148496,0,70
2841298994,2839148482,0,52
2841298994,2841298997,0,58
2841298994,7871811367,0,81
2841298995,2839148506,0,67
2841298995,2839148525,0,97
2841298995,2841298989,0,73
2841298997,2839148514,0,77
2841298997,2839148547,0,68
2841298997,2841298994,0,66
2841299001,2839148579,0,89
2841299001,4393488382,0,98
2841299001,7871811361,0,66
2841299003,2839148574,0,83
2841299003,2833253532,0,70
2841299003,2839148557,0,77
2841299005,7871811365,0,60
2841299005,7871811361,0,70
2841299005,4393488382,0,97
2841299006,2837579469,0,81
2841299006,2841299017,0,98
2841299007,2839148621,0,59
2841299008,2839148602,0,85
2841299008,7937823251,0,92
2841299008,4462483448,0,90
2841299012,2841299015,0,78
2841299014,2845677244,0,53
2841299014,2839148596,0,62
2841299014,7887064925,0,59
2841299015,7937823234,0,53
2841299015,2841299012,0,64
2841299015,7937823237,0,61
2841299015,7937823239,0,52
2841299017,2841299006,0,80
2841299017,2837579487,0,66
2841299019,2837579479,0,60
2841299019,2841299022,0,95
2841299019,7887064936,0,79
2841299021,9708728522,0,77
2841299021,7939035499,0,57
2841299021,7939035503,0,81
2841299022,2841299019,0,52
2841299022,2837579476,0,78
2841299022,7978118785,0,72
2841299025,7937903393,0,95
2841299025,2839148672,0,85
2841299025,9708719616,0,81
2841299026,4393488905,0,79
2841299026,7937903393,0,81
2841299026,4393488931,0,57
2841299027,2837579486,0,96
2841299027,2837579492,0,59
2841299027,2837579621,0,57
2841299028,2837579500,0,72
2841299028,7871539609,0,55
2841299028,12204696005,0,63
2841299029,7937823270,0,68
2841299029,2841299037,0,61
2841299029,4393488905,0,60
2841299030,2839148663,0,97
2841299030,7871539596,0,82
2841299030,12204681407,0,67
2841299030,12204696004,0,86
2841299037,7937823271,0,92
2841299037,2841299029,0,87
2841299037,7937823355,0,63
2841299037,7937823274,0,87
2841299038,2837579500,0,50
2841299038,12204696005,0,83
2841299038,9869618735,0,99
2841299038,12204714163,0,86
2841299041,2841299050,0,61
2841299041,6354338565,0,76
2841299042,3776217011,0,54
2841299042,2839148725,0,65
2841299042,2841299083,0,99
2841299043,2841299045,0,81
2841299043,8830701179,0,93
2841299043,2839148717,0,56
2841299045,2841299043,0,71
2841299045,2841299046,0,51
2841299045,2841299062,0,68
2841299045,3776182352,0,93
2841299046,2841299045,0,93
2841299046,2841299047,0,57
2841299046,2841299065,0,75
2841299046,2839148726,0,73
2841299047,2841299046,0,87
2841299047,2841299051,0,56
2841299047,2841299071,0,70
2841299050,2841299059,0,59
2841299050,7872648254,0,51
2841299050,2841299041,0,55
2841299051,2841299047,0,79
2841299051,2841299053,0,95
2841299051,7937823362,0,92
2841299051,7938695434,0,80
2841299053,2841299051,0,79
2841299053,2841299054,0,90
2841299053,2841299070,0,67
2841299054,2841299053,0,88
2841299054,2841299057,0,92
2841299054,2841299073,0,50
2841299055,2841299062,0,71
2841299055,2839148731,0,52
2841299055,2839148775,0,91
2841299055,8830701179,0,89
2841299057,2841299054,0,78
2841299057,7938695460,0,70
2841299057,2841299067,0,96
2841299059,2839148728,0,96
2841299059,2841299069,0,86
2841299059,2841299050,0,58
2841299060,2841299064,0,63
2841299060,2841299074,0,53
2841299060,7938695460,0,91
2841299062,7938695442,0,68
2841299062,2841299055,0,70
2841299062,2841299045,0,53
2841299064,2841299060,0,97
2841299064,2839148752,0,54
2841299064,3430413409,0,85
2841299065,2841299071,0,88
2841299065,7938695442,0,74
2841299065,2841299046,0,55
2841299066,2839148758,0,75
2841299066,2841299089,0,66
2841299067,2841299057,0,61
2841299067,7937823361,0,65
2841299067,7937823299,0,99
2841299069,2841299059,0,75
2841299069,7872648253,0,55
2841299069,3777700364,0,51
2841299070,2841299053,0,63
2841299070,7937823362,0,60
2841299070,2841299073,0,74
2841299071,2841299072,0,99
2841299071,2841299065,0,75
2841299071,7938695438,0,68
2841299071,2841299047,0,91
2841299072,2841299077,0,98
2841299072,2841299071,0,91
2841299072,7938695437,0,59
2841299072,7937823362,0,57
2841299073,2841299054,0,69
2841299073,2841299070,0,81
2841299073,7937823361,0,77
2841299074,2841299095,0,97
2841299074,2841299060,0,69
2841299074,3430413409,0,93
2841299074,7937823299,0,88
2841299076,2841299080,0,58
2841299076,7937823295,0,72
2841299076,2841299093,0,92
2841299076,7937823300,0,56
2841299077,2841299081,0,73
2841299077,2841299072,0,82
2841299077,2841299099,0,62
2841299080,2841299084,0,81
2841299080,2841299076,0,78
2841299080,2841299100,0,74
2841299080,7937823301,0,80
2841299081,2841299086,0,67
2841299081,2841299077,0,86
2841299081,13607090968,0,88
2841299082,2841299118,0,77
2841299082,2841299089,0,55
2841299082,3777700364,0,98
2841299082,2839148758,0,77
2841299083,7939051733,0,73
2841299083,7937823282,0,89
2841299083,2841299042,0,61
2841299084,2839148798,0,77
2841299084,2841299080,0,90
2841299084,2841299103,0,77
2841299084,7937823302,0,55
2841299085,2839148779,0,52
2841299085,2841299091,0,82
2841299085,2841299107,0,71
2841299086,2841299090,0,79
2841299086,2841299081,0,93
2841299086,2839148820,0,64
2841299086,7937823361,0,91
2841299087,2839148775,0,93
2841299087,7938695438,0,95
2841299087,2839148805,0,59
2841299087,2839148803,0,81
2841299089,2841299131,0,83
2841299089,2841299066,0,90
2841299089,2841299096,0,91
2841299089,2841299082,0,83
2841299090,2841299095,0,55
2841299090,2841299086,0,68
2841299090,2841299109,0,79
2841299090,7937823299,0,77
2841299091,2841299085,0,55
2841299091,2841299112,0,80
2841299091,2841299098,0,69
2841299093,2841299100,0,59
2841299093,7937823296,0,58
2841299093,2841299076,0,93
2841299093,2841299105,0,69
2841299095,2841299101,0,65
2841299095,2841299090,0,83
2841299095,2841299114,0,77
2841299095,2841299074,0,68
2841299096,2841299136,0,86
2841299096,7872607476,0,53
2841299096,2841299089,0,85
2841299097,4215822813,0,54
2841299098,7939035541,0,52
2841299098,2839148823,0,82
2841299098,2841299091,0,56
2841299099,2839148803,0,82
2841299099,2841299123,0,77
2841299099,2841299077,0,76
2841299099,13607090968,0,56
2841299100,2841299103,0,79
2841299100,2841299093,0,92
2841299100,2841299080,0,96
2841299100,2841299117,0,86
2841299101,2839148817,0,66
2841299101,2841299095,0,72
2841299101,2841299119,0,66
2841299101,3430413409,0,87
2841299103,3430413412,0,55
2841299103,2841299100,0,99
2841299103,2841299084,0,82
2841299103,2841299122,0,51
2841299105,7937823297,0,57
2841299105,2841299093,0,97
2841299105,2841299111,0,92
2841299106,2841299111,0,79
2841299106,2839148817,0,61
2841299106,2841299128,0,100
2841299107,2841299112,0,61
2841299107,3430413412,0,75
2841299107,2841299085,0,52
2841299107,2841299130,0,55
2841299109,2839148820,0,76
2841299109,2841299114,0,95
2841299109,2841299134,0,69
2841299109,2841299090,0,70
2841299110,6354338530,0,87
2841299111,2841299117,0,96
2841299111,2841299106,0,79
2841299111,2841299105,0,98
2841299111,2841299132,0,92
2841299112,3430413414,0,78
2841299112,2841299107,0,89
2841299112,2841299091,0,66
2841299112,2841299133,0,71
2841299113,2839148837,0,61
2841299113,7937823287,0,63
2841299113,7938695436,0,61
2841299113,7937823285,0,55
2841299114,2841299109,0,97
2841299114,2841299137,0,88
2841299114,2841299095,0,66
2841299114,2841299119,0,93
2841299117,2841299122,0,56
2841299117,2841299111,0,77
2841299117,2841299100,0,84
2841299117,2841299135,0,51
2841299118,2841299082,0,50
2841299118,2841299131,0,75
2841299118,2843657441,0,57
2841299119,3430413415,0,50
2841299119,2841299141,0,60
2841299119,2841299101,0,91
2841299119,2841299114,0,80
2841299120,3777700364,0,79
2841299121,7872607475,0,94
2841299122,2839148842,0,75
2841299122,2841299117,0,92
2841299122,2841299103,0,97
2841299122,2841299138,0,88
2841299123,2839148837,0,96
2841299123,2841299099,0,81
2841299123,7937823288,0,69
2841299123,13607090972,0,89
2841299128,3430413415,0,89
2841299128,2841299132,0,73
2841299128,2841299146,0,94
2841299128,2841299106,0,93
2841299129,3496451208,0,94
2841299129,7939035554,0,93
2841299129,7939035548,0,75
2841299130,2841299133,0,69
2841299130,2839148842,0,55
2841299130,2841299107,0,58
2841299130,2841299145,0,58
2841299131,2841299089,0,50
2841299131,2841299118,0,62
2841299131,2841299136,0,57
2841299131,7872607481,0,51
2841299132,2841299128,0,94
2841299132,2841299135,0,62
2841299132,2841299149,0,51
2841299132,2841299111,0,63
2841299133,2839148858,0,80
2841299133,2841299130,0,91
2841299133,2841299112,0,59
2841299133,2841299148,0,91
2841299134,2841299109,0,65
2841299134,2841299137,0,77
2841299134,3774485857,0,90
2841299135,2841299132,0,100
2841299135,2841299138,0,84
2841299135,2841299150,0,62
2841299135,2841299117,0,55
2841299136,2841299096,0,69
2841299136,2841299131,0,99
2841299136,7872607479,0,79
2841299136,7872635018,0,59
2841299137,2841299141,0,80
2841299137,2841299134,0,77
2841299137,2841299114,0,51
2841299138,2841299135,0,57
2841299138,2841299144,0,60
2841299138,2841299152,0,59
2841299138,2841299122,0,97
2841299139,7937823309,0,94
2841299139,2839148858,0,78
2841299139,2841299151,0,81
2841299139,7939035546,0,80
2841299141,2841299119,0,51
2841299141,3776237370,0,78
2841299141,2841299137,0,87
2841299143,2843657454,0,65
2841299143,7872607479,0,62
2841299144,2841299138,0,68
2841299144,2839148842,0,86
2841299144,2841299154,0,75
2841299144,2841299145,0,53
2841299145,2841299148,0,71
2841299145,2841299130,0,50
2841299145,2839148889,0,56
2841299145,2841299144,0,90
2841299146,2841299149,0,95
2841299146,2841299128,0,77
2841299146,7938695458,0,76
2841299146,2839148861,0,81
2841299148,2841299145,0,97
2841299148,2839148877,0,87
2841299148,2841299133,0,88
2841299149,7938695455,0,96
2841299149,2841299146,0,85
2841299149,2841299132,0,68
2841299149,2841299156,0,52
2841299150,2841299152,0,81
2841299150,7938695455,0,75
2841299150,2841299135,0,81
2841299151,2839148877,0,82
2841299151,7937823310,0,87
2841299151,2841299139,0,96
2841299152,2841299154,0,89
2841299152,2841299150,0,93
2841299152,2841299138,0,81
2841299152,3776237374,0,64
2841299153,7939035550,0,95
2841299153,2841299158,0,53
2841299153,11365919018,0,83
2841299154,2839148889,0,51
2841299154,2841299152,0,77
2841299154,2841299144,0,86
2841299154,2841299157,0,70
2841299156,2841299149,0,85
2841299156,7938695458,0,54
2841299156,7938695456,0,67
2841299157,2841299154,0,91
2841299157,7938695450,0,76
2841299157,3776237374,0,80
2841299158,2839148920,0,57
2841299158,2841299153,0,81
2841299158,11365909500,0,89
2841299159,2843657480,0,91
2841299159,4167284388,0,72
2841299159,4167296216,0,78
2841299159,2841299161,0,94
2841299161,4167284389,0,77
2841299161,2841299159,0,51
2841299161,2837579694,0,60
2841299161,2843657641,0,68
2841299163,2839149048,0,96
2841299163,2839254285,0,62
2841299163,7939035561,0,80
2841299164,2839149109,0,72
2841299164,4166823627,0,78
2841299165,2839254285,0,64
2841299165,2841299167,0,82
2841299165,2839254289,0,64
2841299167,2841299165,0,87
2841299169,4166823674,0,93
2841299169,3774525577,0,71
2841299169,7871220165,0,88
2841299173,2841299174,0,95
2841299173,2839149205,0,92
2841299173,2841299183,0,79
2841299174,2839149237,0,58
2841299174,2841299173,0,68
2841299174,2841299184,0,96
2841299181,2839149205,0,95
2841299183,2841299173,0,74
2841299184,2841299174,0,76
2841299188,2843657688,0,93
2841299188,2845677859,0,91
2841299188,11047652764,0,97
2841299192,2839149360,0,73
2841299192,2839149342,0,100
2841299192,2841299195,0,80
2841299193,2845677858,0,60
2841299193,2843657690,0,89
2841299193,2837580310,0,63
2841299194,3774507828,0,68
2841299194,2837580002,0,94
2841299194,2841517733,0,97
2841299195,3430413448,0,55
2841299195,2841299192,0,92
2841299195,2839149369,0,80
2841299196,2845677859,0,58
2841299196,2837580085,0,61
2841299196,2845677896,0,62
2841299198,2837580303,0,60
2841299198,7872634993,0,88
2841299198,2841517735,0,81
2841299202,1880441596,0,56
2841299202,2841299203,0,100
2841299202,2841299209,0,76
2841299203,2841299202,0,81
2841299203,2841299204,0,69
2841299203,2833253735,0,65
2841299204,2841299203,0,63
2841299204,2841299208,0,85
2841299204,1880441617,0,53
2841299205,2833253763,0,51
2841299205,2839149449,0,72
2841299205,2841299209,0,66
2841299208,2833253749,0,72
2841299208,2841299204,0,93
2841299208,7911517130,0,60
2841299209,2841299202,0,61
2841299209,2839149571,0,82
2841299209,2839149490,0,52
2841299209,2841299205,0,54
2841299211,2833253727,0,71
2841299211,7912679484,0,77
2841299211,3430413450,0,57
2841299213,4258130069,0,89
2841299213,4258130066,0,64
2841299213,2841299217,0,57
2841299213,4258130078,0,85
2841299217,7912679484,0,64
2841299217,2841299213,0,81
2841299217,2841299221,0,66
2841299219,2841517760,0,71
2841299219,2841299227,0,100
2841299219,3496479149,0,72
2841299221,7911475595,0,99
2841299221,2841299234,0,52
2841299221,2841299217,0,99
2841299222,2833253785,0,85
2841299222,7911517130,0,67
2841299222,2833253766,0,59
2841299223,2841517757,0,94
2841299223,2833253772,0,82
2841299223,2833253757,0,88
2841299225,1880441751,0,92
2841299225,7911475595,0,56
2841299226,7912725289,0,95
2841299227,2841517767,0,53
2841299227,3496483752,0,78
2841299227,2841299219,0,79
2841299230,2833253728,0,98
2841299231,2841299225,0,57
2841299231,2841299235,0,56
2841299234,2841299221,0,100
2841299235,2841299231,0,89
2841299236,2841299259,0,89
2841299236,1880441785,0,100
2841299238,3430413461,0,56
2841299240,2841299242,0,85
2841299240,2841299258,0,52
2841299241,2833253809,0,82
2841299241,3486198682,0,56
2841299241,2841299257,0,60
2841299242,2841299244,0,90
2841299242,2841299258,0,57
2841299243,2833253801,0,63
2841299243,2839149603,0,73
2841299243,2837580511,0,60
2841299244,2837580377,0,96
2841299244,2841299265,0,68
2841299249,2841299272,0,95
2841299249,7923076412,0,78
2841299249,2841299253,0,98
2841299253,2841299273,0,82
2841299253,2841299249,0,81
2841299253,2839149617,0,96
2841299254,1880441831,0,56
2841299254,2841299257,0,59
2841299254,3486198682,0,91
2841299254,2841299274,0,73
2841299257,2841299254,0,71
2841299257,2837580399,0,58
2841299257,2841299241,0,57
2841299257,7911517125,0,62
2841299258,2841299240,0,78
2841299258,2841299242,0,76
2841299258,2841299266,0,99
2841299259,2841299236,0,99
2841299259,2841299261,0,50
2841299259,7941659598,0,65
2841299261,2841299271,0,80
2841299261,7941659597,0,71
2841299261,2841299259,0,68
2841299263,2841299277,0,82
2841299263,2839149617,0,60
2841299263,2841299264,0,55
2841299264,2839149643,0,67
2841299264,2841299263,0,73
2841299264,1880441848,0,95
2841299265,2833127053,0,98
2841299265,2841299244,0,76
2841299265,3430413472,0,73
2841299265,3777944433,0,90
2841299266,2833127053,0,92
2841299266,2841299258,0,65
2841299266,7416451130,0,59
2841299267,2290328280,0,98
2841299267,2837580526,0,98
2841299267,2841299280,0,83
2841299271,2837580522,0,76
2841299271,2841299261,0,100
2841299271,2841299279,0,64
2841299271,2837580512,0,58
2841299272,7923076422,0,77
2841299272,2841299273,0,76
2841299272,2841299249,0,76
2841299273,2841299272,0,79
2841299273,2841299275,0,83
2841299273,2841299253,0,100
2841299274,2841299288,0,93
2841299274,2833253843,0,73
2841299274,7911517125,0,51
2841299274,2841299254,0,78
2841299275,2839149617,0,59
2841299275,2841299273,0,99
2841299275,2841299277,0,50
2841299277,2841299275,0,95
2841299277,2839149643,0,83
2841299277,2841299263,0,54
2841299279,2841299271,0,55
2841299279,2841299289,0,71
2841299279,7941659596,0,70
2841299279,2575448039,0,75
2841299280,2290328268,0,99
2841299280,2841299267,0,60
2841299280,2841299285,0,77
2841299280,2290328285,0,53
2841299282,2290328285,0,75
2841299282,2841299285,0,98
2841299283,2837580579,0,52
2841299283,2841299288,0,92
2841299283,7911517125,0,91
2841299285,2841299282,0,59
2841299285,2841299280,0,86
2841299285,2841299293,0,53
2841299285,8840951838,0,90
2841299287,2290328268,0,95
2841299287,2290328286,0,92
2841299287,8837318297,0,83
2841299288,2837580608,0,68
2841299288,2841299274,0,76
2841299288,2841299283,0,75
2841299289,2841299279,0,93
2841299289,2841299295,0,94
2841299289,2575448052,0,85
2841299289,7941711843,0,69
2841299292,3430413475,0,96
2841299292,2837284914,0,97
2841299292,7953233868,0,70
2841299292,2837284911,0,72
2841299293,8840951837,0,50
2841299293,2290328281,0,67
2841299293,2841299285,0,83
2841299294,2841299296,0,89
2841299294,2837580591,0,59
2841299294,2839255723,0,94
2841299295,2841299289,0,75
2841299295,2833127081,0,78
2841299295,7941711846,0,91
2841299296,2837580651,0,63
2841299296,2841299294,0,84
2841299296,2837580624,0,89
2841299297,2837580646,0,100
2841299297,4776756138,0,89
2841299298,1880441912,0,91
2841299298,2841299311,0,78
2841299303,6649212601,0,94
2841299303,2841299324,0,72
2841299303,2171064395,0,100
2841299306,2575448016,0,91
2841299306,2841299308,0,75
2841299306,2575448061,0,99
2841299307,7941711828,0,62
2841299308,2841299306,0,69
2841299308,2841299321,0,55
2841299308,2575448036,0,52
2841299311,2841299298,0,84
2841299311,2839255738,0,71
2841299311,1880441912,0,74
2841299311,2837580968,0,96
2841299312,2575448036,0,96
2841299312,7941711828,0,97
2841299312,2837580658,0,58
2841299312,7941688154,0,83
2841299318,2841299325,0,84
2841299318,7941688146,0,68
2841299318,2841299327,0,63
2841299319,7941711828,0,55
2841299319,2837580960,0,82
2841299319,7941711826,0,85
2841299320,7941688153,0,69
2841299320,2841299321,0,83
2841299320,2575448016,0,71
2841299321,2837580971,0,98
2841299321,2841299320,0,90
2841299321,2841299308,0,60
2841299321,2841299327,0,51
2841299322,2575448030,0,51
2841299322,2575448022,0,100
2841299322,3777946640,0,84
2841299324,2841299303,0,87
2841299324,3430413478,0,66
2841299324,3430413480,0,65
2841299325,2841299318,0,99
2841299325,2833127308,0,69
2841299325,2575448036,0,96
2841299327,7941688141,0,77
2841299327,2841299321,0,82
2841299327,2841299318,0,57
2841299329,7888562530,0,96
2841299329,7978095576,0,53
2841299329,2841518285,0,73
2841299330,7978095576,0,66
2841299330,2841518411,0,90
2841299330,2841299333,0,82
2841299331,2841518411,0,72
2841299331,7918749177,0,57
2841299331,2841518406,0,53
2841299333,2841299330,0,98
2841299333,2841518427,0,91
2841299333,7918749138,0,57
2841299334,3430413488,0,78
2841299334,4156801017,0,69
2841299334,3430413594,0,86
2841299336,2841518429,0,97
2841299336,1880442403,0,50
2841299336,7918749177,0,79
2841299340,2841299344,0,71
2841299340,1880442460,0,65
2841299343,2575608321,0,97
2841299343,2841299346,0,87
2841299343,2837284929,0,86
2841299344,7918749138,0,95
2841299344,2841518440,0,90
2841299344,2841299340,0,92
2841299346,2575603094,0,84
2841299346,2575606151,0,88
2841299346,2841299343,0,64
2841299349,2833127371,0,72
2841299349,3430413593,0,69
2841299349,2837581308,0,68
2841299349,4160437046,0,92
2841299353,2841518446,0,100
2841299353,2841299355,0,95
2841299353,2841518434,0,86
2841299354,2837581308,0,93
2841299354,2837581329,0,58
2841299354,2833127371,0,95
2841299355,1880442471,0,74
2841299355,2841518443,0,83
2841299355,2841299353,0,97
2841299356,2833127378,0,65
2841299356,2841299365,0,56
2841299357,1880442479,0,70
2841299357,2841518445,0,83
2841299357,7918749160,0,87
2841299358,2841299360,0,62
2841299358,2841518446,0,99
2841299358,2841518451,0,73
2841299360,2841299358,0,79
2841299360,2841299372,0,56
2841299360,2841518461,0,59
2841299361,2841518447,0,95
2841299361,7918749160,0,77
2841299361,7915427852,0,76
2841299365,2837581382,0,55
2841299365,2833127400,0,55
2841299365,2841299356,0,53
2841299367,2841299370,0,77
2841299367,2575448054,0,58
2841299367,2837284940,0,80
2841299369,2171064423,0,63
2841299369,2837581365,0,78
2841299370,2841299367,0,54
2841299370,2837284963,0,73
2841299370,2575448058,0,93
2841299370,7941659628,0,83
2841299372,1880442487,0,75
2841299372,7915427855,0,87
2841299372,2841299360,0,85
2841299373,2833127439,0,83
2841299373,2833127422,0,99
2841299373,2841299383,0,75
2841299375,7941659628,0,66
2841299375,2837284972,0,87
2841299375,2837284965,0,81
2841299377,3430413610,0,90
2841299377,2833127442,0,77
2841299377,2841518498,0,78
2841299378,7222623294,0,94
2841299378,2841299381,0,81
2841299378,2841299391,0,96
2841299380,2841518491,0,76
2841299380,3430413610,0,60
2841299380,12221086327,0,59
2841299381,2833127534,0,82
2841299381,2841299382,0,58
2841299381,2841299378,0,81
2841299381,2833127422,0,95
2841299382,2833127422,0,79
2841299382,4152714113,0,58
2841299382,2841299383,0,95
2841299382,2841299381,0,82
2841299383,2841299373,0,83
2841299383,2833127521,0,57
2841299383,2841299382,0,94
2841299384,7912679476,0,63
2841299384,2833127478,0,79
2841299384,3430413614,0,80
2841299385,2841299386,0,52
2841299385,3773002141,0,97
2841299385,2841299503,0,60
2841299386,2841299385,0,85
2841299387,2841299391,0,73
2841299387,2833127488,0,57
2841299387,7222623304,0,88
2841299388,2833127519,0,76
2841299388,2833127496,0,57
2841299388,7222623419,0,57
2841299389,7918749224,0,73
2841299389,7911664326,0,86
2841299389,7222623424,0,68
2841299391,2833127534,0,52
2841299391,2841299387,0,83
2841299391,2833127540,0,59
2841299391,2841299378,0,57
2841299392,2833127508,0,73
2841299392,2841518719,0,69
2841299392,2839149780,0,73
2841299393,2833127556,0,69
2841299393,2833127507,0,68
2841299393,2833127540,0,81
2841299395,2833127521,0,51
2841299395,2833127532,0,100
2841299395,12201217167,0,59
2841299395,2833127439,0,59
2841299397,7911858436,0,100
2841299397,7911858433,0,87
2841299397,2841299507,0,76
2841299399,2841299524,0,53
2841299399,2841299501,0,69
2841299399,2837284996,0,68
2841299501,2837285131,0,63
2841299501,2841299502,0,61
2841299501,2841299399,0,97
2841299502,2841299501,0,81
2841299502,2575621716,0,50
2841299502,2575603070,0,57
2841299503,11096254957,0,85
2841299503,7941892810,0,72
2841299503,2841299385,0,54
2841299504,2841299513,0,52
2841299504,7954368310,0,76
2841299504,2837284996,0,80
2841299507,7911858435,0,86
2841299507,2841299397,0,69
2841299507,7911858409,0,86
2841299508,2833127558,0,78
2841299508,2833127535,0,71
2841299508,4160440936,0,100
2841299511,2841299514,0,74
2841299511,3430413625,0,80
2841299511,7222623345,0,96
2841299513,2575608306,0,88
2841299513,2841299504,0,58
2841299513,2841299515,0,98
2841299514,3430413622,0,58
2841299514,2841299511,0,82
2841299514,2841299522,0,90
2841299515,2841299513,0,79
2841299515,7954368310,0,98
2841299515,7954368311,0,78
2841299516,12200997205,0,92
2841299516,2841299539,0,78
2841299516,13606973256,0,59
2841299517,2841299525,0,96
2841299517,2833127548,0,70
2841299517,7222623423,0,55
2841299520,2841299527,0,89
2841299520,13606973256,0,92
2841299520,2841299546,0,89
2841299521,2841299511,0,76
2841299521,2841299534,0,74
2841299522,2841299550,0,64
2841299522,3430413622,0,75
2841299522,2841299514,0,71
2841299524,2837285131,0,84
2841299524,2575608306,0,52
2841299524,2841299399,0,92
2841299525,2841299517,0,78
2841299525,6146875011,0,97
2841299525,2841299531,0,67
2841299527,2575603068,0,91
2841299527,2841299520,0,55
2841299527,2841299549,0,60
2841299528,2837285123,0,95
2841299528,2837582044,0,51
2841299528,7941820285,0,86
2841299531,2841299536,0,90
2841299531,2841299525,0,100
2841299531,6146875010,0,99
2841299533,2841299547,0,95
2841299533,7911858433,0,69
2841299533,7911858435,0,85
2841299534,3430413625,0,91
2841299534,2833127603,0,57
2841299534,2833127594,0,91
2841299534,2841299521,0,85
2841299536,2841299531,0,55
2841299536,7222567569,0,62
2841299536,2841299542,0,89
2841299537,2841299539,0,84
2841299537,12200997204,0,86
2841299537,7941892802,0,98
2841299539,2841299537,0,53
2841299539,2841299516,0,86
2841299539,13606952668,0,83
2841299542,2833127613,0,62
2841299542,2841299555,0,98
2841299542,2841299536,0,80
2841299543,2841299546,0,82
2841299543,13606952668,0,51
2841299543,13606973256,0,57
2841299545,3773464317,0,92
2841299545,2837285159,0,84
2841299545,3773464344,0,61
2841299546,2841299549,0,51
2841299546,2841299543,0,67
2841299546,2841299520,0,100
2841299547,2841299533,0,63
2841299547,11096408159,0,65
2841299547,2841299552,0,95
2841299549,2841299546,0,87
2841299549,2841299527,0,78
2841299549,2575620248,0,55
2841299550,2841299522,0,84
2841299550,2833127609,0,88
2841299550,2833127634,0,70
2841299552,2841299547,0,75
2841299555,2841299542,0,87
2841299557,3430413634,0,52
2841299557,2575611207,0,81
2841299557,3430413641,0,51
2841299560,2841299592,0,71
2841299561,3430413641,0,77
2841299564,7941892802,0,61
2841299564,2575620237,0,76
2841299564,13606952669,0,51
2841299570,2841518747,0,83
2841299570,2841299590,0,70
2841299570,8844565854,0,74
2841299572,10267081535,0,66
2841299572,2837582504,0,55
2841299572,2841518747,0,57
2841299573,7911791291,0,56
2841299573,2833127630,0,84
2841299573,2841518740,0,60
2841299573,2841299616,0,68
2841299574,2833127625,0,59
2841299574,7222623221,0,61
2841299574,2841299619,0,66
2841299576,7916578170,0,99
2841299576,2837285188,0,55
2841299576,3773464351,0,59
2841299580,2833127623,0,69
2841299580,2841299591,0,76
2841299580,2833127636,0,93
2841299582,2837285239,0,60
2841299582,2837285220,0,53
2841299582,7916815889,0,89
2841299584,2841518748,0,70
2841299584,2841299591,0,61
2841299584,2841299629,0,51
2841299586,2837582503,0,95
2841299586,2837285195,0,53
2841299586,2837582285,0,69
2841299590,8844565854,0,74
2841299590,2837582504,0,56
2841299590,2841299570,0,70
2841299591,2833127650,0,59
2841299591,2841299580,0,76
2841299591,2841518762,0,70
2841299591,2841299584,0,66
2841299592,2833127644,0,74
2841299592,2833127651,0,57
2841299592,2841299560,0,53
2841299602,7916815897,0,62
2841299602,2837285251,0,65
2841299602,2841299636,0,98
2841299604,2837285290,0,88
2841299604,2837285220,0,87
2841299604,7916815889,0,65
2841299606,2841518762,0,81
2841299606,2833127650,0,82
2841299607,2841299610,0,98
2841299607,2837285239,0,82
2841299607,2841299612,0,74
2841299610,2837285299,0,57
2841299610,2841299607,0,67
2841299610,7916815889,0,53
2841299612,2837285410,0,70
2841299612,2837285251,0,79
2841299612,2841299607,0,85
2841299613,7916815886,0,76
2841299613,8386719322,0,54
2841299613,7916815897,0,80
2841299616,2833127664,0,51
2841299616,2841299618,0,76
2841299616,2841299573,0,90
2841299618,2841518775,0,64
2841299618,2841299616,0,51
2841299618,7911791291,0,67
2841299619,2833127662,0,85
2841299619,2833127669,0,87
2841299619,7376781890,0,93
2841299619,2841299574,0,56
2841299620,3430413650,0,65
2841299620,2841299660,0,98
2841299620,2837285242,0,85
2841299620,3430413648,0,91
2841299621,2841299627,0,100
2841299621,7916815886,0,58
2841299621,2841299673,0,69
2841299622,2837285290,0,86
2841299622,2837285299,0,76
2841299622,7916815889,0,78
2841299622,2837285478,0,55
2841299623,2575627117,0,90
2841299623,2575634839,0,82
2841299623,2575612019,0,63
2841299627,2841299621,0,100
2841299627,2837285416,0,59
2841299627,7916815899,0,73
2841299628,2837285299,0,84
2841299628,2837285410,0,60
2841299628,2841299686,0,100
2841299629,4160457527,0,65
2841299629,2833127670,0,84
2841299629,2841299584,0,77
2841299630,2841299648,0,85
2841299632,2833127669,0,78
2841299632,2833127675,0,52
2841299632,2833127644,0,50
2841299632,2841299691,0,79
2841299633,6147067481,0,89
2841299634,2841299659,0,68
2841299636,2837285410,0,91
2841299636,2841299637,0,60
2841299636,2841299602,0,50
2841299637,2841299636,0,53
2841299637,2841299647,0,80
2841299637,7916755422,0,67
2841299647,2841299637,0,88
2841299647,7916815898,0,66
2841299647,2837285506,0,93
2841299648,7916755432,0,74
2841299648,2841299630,0,72
2841299648,3775993242,0,90
2841299650,2575634839,0,63
2841299650,2575634833,0,87
2841299650,2841299677,0,82
2841299659,2837582724,0,68
2841299659,2841299634,0,52
2841299659,7916755432,0,60
2841299660,2841299620,0,97
2841299662,2833127674,0,84
2841299662,3998009081,0,86
2841299662,2833127680,0,54
2841299663,7911789376,0,69
2841299672,3001634737,0,55
2841299672,2837582727,0,75
2841299672,2841299694,0,94
2841299673,7916811384,0,57
2841299673,7916815899,0,58
2841299673,2841299621,0,96
2841299675,2833127683,0,85
2841299677,2575636332,0,67
2841299677,2575636334,0,77
2841299677,2841299650,0,63
2841299682,3777891635,0,89
2841299682,2837285471,0,82
2841299682,3777891638,0,70
2841299685,2837285466,0,93
2841299685,2841299696,0,71
2841299685,2833303096,0,90
2841299686,2841299628,0,66
2841299687,3777891638,0,98
2841299689,2837582753,0,95
2841299689,2837285509,0,78
2841299689,7942133094,0,67
2841299691,2833127703,0,65
2841299691,2841299731,0,92
2841299691,6147067476,0,70
2841299691,2841299632,0,71
2841299694,4150844688,0,63
2841299694,3001634737,0,79
2841299694,2841299672,0,88
2841299696,2841299685,0,71
2841299696,2833303075,0,51
2841299696,2833303103,0,94
2841299698,2837582767,0,58
2841299698,2575638639,0,91
2841299698,2841299701,0,50
2841299701,2841299698,0,88
2841299701,3777891652,0,80
2841299701,7942215910,0,50
2841299707,3777891652,0,50
2841299707,2841299712,0,93
2841299707,2841299723,0,61
2841299712,2841299720,0,76
2841299712,2841299725,0,85
2841299712,2841299707,0,94
2841299714,3777891648,0,95
2841299717,2837285519,0,81
2841299717,10302690960,0,98
2841299717,2841299740,0,75
2841299718,7942215910,0,84
2841299720,2841299712,0,55
2841299723,2841299707,0,100
2841299723,2841299725,0,91
2841299723,7942215910,0,91
2841299725,2841299712,0,54
2841299725,2841299723,0,84
2841299725,3430413663,0,51
2841299729,3430413663,0,92
2841299731,2841299691,0,78
2841299731,2833127710,0,93
2841299731,6147067477,0,57
2841299732,3774500665,0,72
2841299732,2833303075,0,74
2841299732,2833303150,0,88
2841299733,3430413663,0,72
2841299736,7942020320,0,74
2841299736,2837583008,0,61
2841299736,2575612013,0,99
2841299737,2837582800,0,94
2841299738,2841518950,0,50
2841299738,2833127716,0,57
2841299738,2833127704,0,79
2841299740,2837285558,0,73
2841299740,2841299717,0,62
2841299740,4154777085,0,78
2841299742,2837285562,0,50
2841299742,7916755420,0,64
2841299742,2837285499,0,97
2841299744,2841299761,0,51
2841299746,7912199191,0,98
2841299747,2837583001,0,67
2841299748,1880443004,0,93
2841299748,7942135422,0,95
2841299748,2837583085,0,72
2841299749,2841518954,0,62
2841299749,2841299751,0,55
2841299749,2833303102,0,89
2841299750,3430413677,0,90
2841299750,2833303138,0,69
2841299750,12221447639,0,95
2841299751,2833303148,0,64
2841299751,2841299749,0,64
2841299751,2833303080,0,81
2841299754,2837285620,0,73
2841299754,3774500665,0,52
2841299754,3774500667,0,67
2841299755,2841299758,0,81
2841299755,2837285572,0,95
2841299755,2841299762,0,95
2841299757,2837583074,0,88
2841299757,2837285618,0,63
2841299757,2837583376,0,50
2841299758,13930685867,0,62
2841299758,2841299755,0,90
2841299758,2837285572,0,75
2841299760,7942135422,0,57
2841299760,1880443004,0,67
2841299760,2837285683,0,86
2841299761,2575613686,0,82
2841299761,2837583085,0,81
2841299761,2841299744,0,60
2841299762,2837285581,0,85
2841299762,2841299755,0,62
2841299762,2841299763,0,92
2841299763,2841299764,0,97
2841299763,2837285584,0,86
2841299763,2841299762,0,93
2841299764,2841299763,0,93
2841299764,2837285620,0,88
2841299764,2833303139,0,86
2841299769,2837583376,0,61
2841299774,2837285654,0,54
2841299774,2841299777,0,87
2841299775,2837583720,0,58
2841299775,2837285674,0,97
2841299777,2837285696,0,54
2841299777,2837285733,0,58
2841299777,2841299774,0,66
2841299778,2837285775,0,86
2841299778,2837583755,0,64
2841299778,2841299786,0,83
2841299779,2837285854,0,96
2841299779,2837285794,0,100
2841299779,2837583796,0,67
2841299781,2841299791,0,62
2841299781,2841299782,0,93
2841299781,2837583796,0,51
2841299782,2837583727,0,94
2841299782,2841299781,0,93
2841299782,7928359015,0,84
2841299785,2837583787,0,89
2841299785,7928443942,0,66
2841299785,2837583774,0,93
2841299786,2841299787,0,85
2841299786,2841299778,0,79
2841299786,7928057107,0,50
2841299786,9781557114,0,77
2841299787,2841299786,0,91
2841299787,2841299789,0,93
2841299787,2837583760,0,91
2841299787,2841299805,0,53
2841299788,2841299792,0,70
2841299788,2837583907,0,77
2841299788,2841299796,0,76
2841299789,2841299787,0,67
2841299789,3430413710,0,57
2841299789,2837583763,0,93
2841299789,2841299809,0,83
2841299790,3430413710,0,79
2841299790,2837285864,0,81
2841299790,2837583768,0,73
2841299791,2841299781,0,83
2841299791,2837583919,0,98
2841299791,7928359016,0,52
2841299792,2837583937,0,96
2841299792,2841299788,0,64
2841299792,2841299798,0,53
2841299793,2837285864,0,67
2841299793,2837285871,0,76
2841299793,2837583776,0,84
2841299794,2841299817,0,78
2841299794,2837285860,0,70
2841299794,2841299795,0,50
2841299795,2841299820,0,75
2841299795,2841299794,0,62
2841299795,3430413714,0,71
2841299796,2841299798,0,55
2841299796,2837583933,0,86
2841299796,2841299788,0,51
2841299797,2841299807,0,97
2841299797,3430413714,0,64
2841299797,2841299799,0,94
2841299798,2841299796,0,77
2841299798,2841299792,0,54
2841299798,2837583950,0,65
2841299799,2841299812,0,62
2841299799,2841299797,0,60
2841299799,3430413721,0,71
2841299800,2841299819,0,69
2841299800,3430413721,0,54
2841299800,2841299801,0,90
2841299801,2841299800,0,90
2841299801,3430413725,0,56
2841299801,2841299821,0,51
2841299802,3774431796,0,80
2841299802,2841299808,0,77
2841299802,2837285885,0,51
2841299803,2841299807,0,87
2841299803,3430413714,0,90
2841299803,3430413728,0,71
2841299804,3430413725,0,66
2841299804,2841299811,0,65
2841299804,2841299827,0,56
2841299805,2841299809,0,80
2841299805,2841299787,0,65
2841299805,9781557114,0,71
2841299807,2841299797,0,53
2841299807,2841299803,0,71
2841299807,2841299812,0,83
2841299808,2841299810,0,100
2841299808,2841299802,0,65
2841299808,2882561414,0,54
2841299809,2841299805,0,99
2841299809,2837286025,0,88
2841299809,2841299789,0,89
2841299810,2841299808,0,78
2841299811,2841299804,0,98
2841299811,2837286028,0,56
2841299811,2841299830,0,90
2841299812,2841299799,0,78
2841299812,2841299807,0,87
2841299812,2841299816,0,57
2841299815,4554680661,0,55
2841299816,3430413721,0,53
2841299816,3430413729,0,52
2841299816,2841299812,0,74
2841299816,2841299819,0,70
2841299817,2841299820,0,94
2841299817,2837286026,0,54
2841299817,2841299843,0,100
2841299817,2841299794,0,58
2841299818,2837286028,0,53
2841299818,2837286042,0,78
2841299818,2841299837,0,53
2841299819,2841299800,0,69
2841299819,2841299816,0,89
2841299819,2841299821,0,90
2841299820,3430413728,0,77
2841299820,2841299817,0,54
2841299820,2841299795,0,56
2841299820,2841299844,0,93
2841299821,2841299819,0,53
2841299821,2837286049,0,85
2841299821,2841299801,0,53
2841299822,2841299854,0,68
2841299822,2841299824,0,74
2841299822,2837286040,0,75
2841299823,2841299825,0,56
2841299823,2837286041,0,89
2841299823,2841299840,0,98
2841299824,2837286059,0,76
2841299824,2841299822,0,64
2841299824,2841299856,0,88
2841299825,2837286060,0,100
2841299825,2841299823,0,92
2841299825,2841299842,0,89
2841299827,2837286049,0,50
2841299827,2841299830,0,79
2841299827,2841299804,0,74
2841299827,2841299839,0,79
2841299828,3430413729,0,100
2841299828,2837286052,0,77
2841299828,2841299852,0,89
2841299830,2841299827,0,89
2841299830,3209583091,0,56
2841299830,2841299841,0,71
2841299830,2841299811,0,91
2841299831,2841299833,0,93
2841299831,2837286059,0,100
2841299831,2841299859,0,51
2841299832,2841299834,0,79
2841299832,2837286060,0,83
2841299832,2841299845,0,71
2841299833,3773056311,0,87
2841299833,2841299831,0,62
2841299833,2841299861,0,56
2841299834,2837286074,0,56
2841299834,2841299832,0,50
2841299834,2841299848,0,88
2841299837,3209583091,0,95
2841299837,3209583092,0,54
2841299837,2841299846,0,87
2841299837,2841299818,0,100
2841299839,2841299827,0,62
2841299839,2841299863,0,86
2841299839,2841299841,0,58
2841299839,3430413731,0,90
2841299840,3209583093,0,82
2841299840,2841299842,0,66
2841299840,2841299823,0,72
2841299840,2841299851,0,76
2841299841,2841299830,0,80
2841299841,2841299864,0,96
2841299841,3209583094,0,89
2841299841,2841299839,0,78
2841299842,2841299840,0,61
2841299842,2837286094,0,65
2841299842,2841299825,0,58
2841299843,2841299844,0,52
2841299843,2837286087,0,53
2841299843,2841299817,0,58
2841299844,3430413737,0,69
2841299844,2841299843,0,87
2841299844,2841299820,0,77
2841299845,2837286094,0,82
2841299845,2841299848,0,91
2841299845,2841299832,0,98
2841299845,2841299858,0,72
2841299846,2841299837,0,69
2841299846,2837286105,0,87
2841299846,3209583094,0,84
2841299846,2841299869,0,99
2841299847,2837286097,0,59
2841299847,3430413741,0,59
2841299847,2837286151,0,80
2841299848,2841299845,0,69
2841299848,2837286112,0,88
2841299848,2841299834,0,71
2841299848,2841299860,0,68
2841299850,2837286111,0,73
2841299850,2837584106,0,50
2841299851,3209583095,0,83
2841299851,2841299840,0,87
2841299851,2841299868,0,92
2841299851,2841299855,0,93
2841299852,3430413744,0,59
2841299852,2837286116,0,53
2841299852,2841299828,0,65
2841299854,2841299856,0,82
2841299854,2837286120,0,85
2841299854,2841299822,0,53
2841299855,2841299871,0,77
2841299855,2841299857,0,72
2841299855,2841299851,0,62
2841299856,3430413745,0,62
2841299856,2841299854,0,90
2841299856,2841299824,0,62
2841299857,2837286094,0,100
2841299857,2837286201,0,54
2841299857,2841299858,0,71
2841299857,2841299855,0,62
2841299858,2841299845,0,92
2841299858,2841299860,0,80
2841299858,2841299857,0,94
2841299858,2841299874,0,94
2841299859,2841299861,0,79
2841299859,3430413745,0,88
2841299859,2841299831,0,94
2841299860,2837286212,0,71
2841299860,2837286150,0,87
2841299860,2841299858,0,86
2841299860,2841299848,0,71
2841299861,2837286157,0,89
2841299861,2841299859,0,69
2841299861,2841299833,0,76
2841299863,2841299839,0,71
2841299863,2841299864,0,60
2841299863,3430413749,0,56
2841299864,2841299841,0,79
2841299864,3209583096,0,100
2841299864,2841299863,0,52
2841299866,3430413749,0,81
2841299866,2837286203,0,64
2841299866,3430413755,0,50
2841299866,3430413748,0,90
2841299868,2841299871,0,64
2841299868,2837286183,0,94
2841299868,2841299880,0,64
2841299868,2841299851,0,79
2841299869,2841299872,0,89
2841299869,3209583096,0,63
2841299869,2841299846,0,65
2841299870,7928289821,0,80
2841299871,2837286201,0,97
2841299871,2841299868,0,99
2841299871,2841299881,0,71
2841299871,2841299855,0,97
2841299872,2837286105,0,74
2841299872,2837286210,0,63
2841299872,2841299869,0,75
2841299873,2837286206,0,61
2841299874,2837286212,0,50
2841299874,2837286201,0,73
2841299874,2841299883,0,50
2841299874,2841299858,0,54
2841299876,2837286210,0,72
2841299876,2837286256,0,51
2841299876,3430413755,0,85
2841299880,2841299868,0,57
2841299880,2837286256,0,59
2841299880,2841299881,0,68
2841299880,7919946436,0,78
2841299881,2841299871,0,62
2841299881,2841299880,0,90
2841299881,7919946435,0,87
2841299883,2841299874,0,98
2841299883,2837286275,0,73
2841299883,2837286290,0,52
2841299885,7928289811,0,51
2841299885,2841299888,0,62
2841299885,7928321527,0,62
2841299885,7928289809,0,68
2841299888,2841299885,0,61
2841299888,2841299892,0,64
2841299888,2837286380,0,66
2841299889,7928289806,0,96
2841299892,2841299888,0,61
2841299892,2837286421,0,71
2841299892,7928289830,0,85
2841299893,2841299894,0,65
2841299893,2837286437,0,61
2841299894,2837286448,0,62
2841299894,2837286412,0,51
2841299894,2841299893,0,61
2841299894,2841299895,0,66
2841299895,2841299894,0,56
2841299896,2837286455,0,51
2841299896,7928445796,0,93
2841299896,7928445796,1,58
2841299898,2841299900,0,74
2841299898,2841299899,0,91
2841299898,2837286476,0,100
2841299899,2841299898,0,57
2841299900,2837286479,0,71
2841299900,2841299902,0,63
2841299900,2841299898,0,69
2841299900,2837286448,0,79
2841299902,2841299900,0,65
2841299902,7928359050,0,73
2841299903,2841299904,0,73
2841299904,2837286496,0,92
2841299904,2841299903,0,60
2841299904,2841299906,0,83
2841299904,2837286476,0,89
2841299906,3430413807,0,77
2841299906,2837286479,0,95
2841299906,2841299904,0,54
2841299906,2841299908,0,57
2841299908,2841299906,0,59
2841299908,2837286503,0,58
2841299909,2837286496,0,100
2841299909,2837286507,0,62
2841299909,7928321542,0,62
2841299910,2837286511,0,84
2841299910,2837286507,0,74
2841299910,3430413811,0,94
2841299911,3430413810,0,73
2841299911,2841299916,0,70
2841299912,2837286507,0,88
2841299912,2841299917,0,77
2841299912,3430413811,0,90
2841299912,2841299913,0,65
2841299913,2841299912,0,52
2841299913,2837286532,0,98
2841299913,7928321542,0,89
2841299915,2841299916,0,87
2841299915,3430413814,0,62
2841299915,3430413810,0,84
2841299916,2841299915,0,68
2841299916,2837286533,0,100
2841299917,2841299912,0,59
2841299917,3430413812,0,70
2841299917,2837286532,0,65
2841299920,3430413816,0,53
2841299920,2841299921,0,90
2841299920,3430413814,0,100
2841299920,3430413821,0,67
2841299921,2841299920,0,58
2841299921,2837286546,0,82
2841299922,3430413820,0,87
2841299922,2837286544,0,81
2841299922,2841299926,0,63
2841299922,7928321543,0,96
2841299924,3430413821,0,55
2841299925,2841299926,0,100
2841299925,3430413820,0,80
2841299925,2841299929,0,100
2841299926,2841299925,0,92
2841299926,2841299922,0,89
2841299926,7928321551,0,54
2841299929,2841299931,0,60
2841299929,2841299925,0,82
2841299929,2841299935,0,74
2841299931,7928321551,0,98
2841299931,2841299929,0,91
2841299931,3430413830,0,98
2841299933,7928321552,0,82
2841299933,2837286544,0,73
2841299933,7928321555,0,81
2841299935,3430413830,0,83
2841299935,2841299929,0,79
2841299935,2841299938,0,61
2841299938,2841299939,0,70
2841299938,2841299935,0,95
2841299938,2841299942,0,73
2841299939,2841299938,0,83
2841299942,2841299938,0,94
2841299942,3430413830,0,80
2841299942,7928321555,0,95
2841349261,11096688197,0,81
2841349261,7871220138,0,80
2841349263,2600872770,0,67
2841349263,2841349266,0,87
2841349264,2841349263,0,75
2841349264,2841349267,0,90
2841349266,2841349263,0,100
2841349267,2841349264,0,87
2841349269,2839149243,0,91
2841349269,2841349272,0,52
2841349269,2839149294,0,63
2841349272,2839149306,0,64
2841349272,2841349269,0,62
2841349272,2839149294,0,78
2841349273,2833253752,0,65
2841349273,2839149590,0,75
2841349273,2833253740,0,63
2841349274,2839149581,0,69
2841349274,2833253733,0,77
2841349274,2839149566,0,74
2841349281,3430413691,0,86
2841349281,2833303238,0,60
2841349281,6594425725,0,73
2841349281,2841349286,0,66
2841349283,3997875636,0,85
2841349283,3997875636,1,55
2841349283,3997886530,0,58
2841349284,3997886530,0,98
2841349284,13601824924,0,55
2841349284,3997886528,0,68
2841349285,2833303219,0,78
2841349285,2833303262,0,83
2841349285,3776117078,0,72
2841349286,7912102289,0,64
2841349286,2833303244,0,87
2841349286,2841349281,0,52
2841349289,7920095737,0,79
2841349289,7920095739,0,82
2841349289,2841349290,0,89
2841349290,2841349294,0,71
2841349290,2841349289,0,77
2841349290,7920095738,0,78
2841349292,3776117071,0,79
2841349294,2841349296,0,77
2841349294,2841349290,0,76
2841349294,2841350904,0,73
2841349296,2841349294,0,81
2841349296,2841350906,0,70
2841349296,7920095740,0,67
2841349297,2841519015,0,74
2841349297,7920095738,0,51
2841349297,2841350902,0,61
2841349298,2841350912,0,78
2841349298,7920095740,0,64
2841349298,2841349299,0,66
2841349298,7920095738,0,91
2841349299,2841350913,0,54
2841349299,2841349300,0,72
2841349299,2841349298,0,55
2841349300,2841350907,0,68
2841349300,2841519022,0,82
2841349300,2841349299,0,82
2841350901,2841519026,0,84
2841350901,7920095736,0,91
2841350901,2837285883,0,55
2841350902,2841519042,0,100
2841350902,2841349297,0,67
2841350902,2841519027,0,64
2841350904,2841349294,0,56
2841350904,2841350906,0,57
2841350904,7920095736,0,54
2841350906,2841350904,0,73
2841350906,3430413734,0,52
2841350906,2841349296,0,84
2841350907,2841519038,0,62
2841350907,2841349300,0,71
2841350907,3430413739,0,62
2841350908,2841350909,0,93
2841350908,2841519040,0,71
2841350908,2841350925,0,66
2841350909,2841350910,0,69
2841350909,2841350908,0,97
2841350909,7920095729,0,99
2841350910,3430413736,0,93
2841350910,2841350909,0,67
2841350910,7920095730,0,62
2841350911,2841519031,0,95
2841350911,3430413742,0,88
2841350911,2841519045,0,58
2841350911,2841519043,0,98
2841350912,7920095741,0,95
2841350912,2841350916,0,97
2841350912,2841350913,0,84
2841350912,2841349298,0,66
2841350913,2841349299,0,50
2841350913,7920095743,0,99
2841350913,2841350912,0,69
2841350913,3430413739,0,68
2841350914,2841350915,0,72
2841350914,3430413747,0,100
2841350914,2841519047,0,75
2841350914,7919717073,0,75
2841350915,2841350914,0,87
2841350915,3729645120,0,98
2841350915,2841519054,0,91
2841350916,7920095743,0,50
2841350916,7920095742,0,80
2841350916,2841350912,0,91
2841350917,2841519045,0,82
2841350917,2841350921,0,98
2841350917,3430413742,0,59
2841350918,2841350919,0,75
2841350918,2837286139,0,64
2841350918,3430413739,0,64
2841350919,2841350920,0,96
2841350919,2841350918,0,97
2841350919,2841519062,0,63
2841350920,3430413750,0,80
2841350920,2841350919,0,64
2841350920,2841519064,0,83
2841350921,2837286188,0,87
2841350921,2841519061,0,100
2841350921,2841350917,0,85
2841350921,2841519072,0,98
2841350922,2837286221,0,79
2841350922,2841519073,0,96
2841350922,3430413762,0,79
2841350923,2837286226,0,71
2841350923,2837286221,0,100
2841350923,3430413765,0,55
2841350924,2837286198,0,70
2841350924,7920095731,0,62
2841350924,3430413758,0,77
2841350925,2841350908,0,99
2841350925,7920095729,0,94
2841350925,7920095728,0,76
2841350926,2837286238,0,63
2841350926,2837286226,0,78
2841350926,2841350956,0,78
2841350928,2841350930,0,85
2841350928,2837286240,0,51
2841350928,2841519070,0,73
2841350929,7920095731,0,58
2841350929,2837286305,0,86
2841350929,2841350931,0,58
2841350930,2837286265,0,69
2841350930,2841350928,0,97
2841350930,2841519074,0,50
2841350931,3430413775,0,81
2841350931,2841350934,0,92
2841350931,2841350929,0,72
2841350932,2837286226,0,71
2841350932,2837286338,0,64
2841350932,3430413765,0,76
2841350933,2841519087,0,77
2841350933,2841519076,0,93
2841350933,2841519093,0,98
2841350934,3430413758,0,75
2841350934,3430413777,0,98
2841350934,2841350931,0,99
2841350934,2841350937,0,94
2841350935,2837286300,0,84
2841350935,2837286240,0,69
2841350935,2841350941,0,70
2841350936,7920095729,0,87
2841350937,2841350945,0,51
2841350937,2841350939,0,86
2841350937,2841350934,0,100
2841350939,2841350937,0,52
2841350939,3430413762,0,58
2841350939,2841350948,0,59
2841350940,2841519091,0,71
2841350940,3430413767,0,86
2841350940,2841519100,0,90
2841350940,2841519084,0,88
2841350941,2837286265,0,88
2841350941,3243954164,0,86
2841350941,2841350935,0,75
2841350943,3430413788,0,74
2841350943,2837286308,0,63
2841350943,3243954164,0,75
2841350945,3430413777,0,54
2841350945,2841350948,0,84
2841350945,2841350937,0,74
2841350946,3459794825,0,62
2841350946,2841350949,0,80
2841350946,3776117140,0,56
2841350946,2841350962,0,71
2841350947,2841519204,0,86
2841350947,2841519093,0,78
2841350947,2841519211,0,90
2841350948,2841350945,0,69
2841350948,2841350952,0,55
2841350948,2841350939,0,60
2841350949,2841350946,0,56
2841350949,2841350950,0,93
2841350949,2841350963,0,85
2841350950,2841350949,0,61
2841350950,3776117148,0,52
2841350950,2841350965,0,94
2841350952,2841350948,0,88
2841350952,2837286338,0,81
2841350952,3430413765,0,51
2841350953,3776117148,0,61
2841350953,2841350954,0,62
2841350953,2841350968,0,54
2841350954,2841350953,0,74
2841350954,2841350955,0,68
2841350954,2841350977,0,63
2841350954,2841350976,0,64
2841350955,2841350954,0,68
2841350955,3430413781,0,92
2841350955,2841519100,0,83
2841350955,2841519215,0,54
2841350956,2837286338,0,79
2841350956,2837286353,0,53
2841350956,2841350926,0,73
2841350957,3430413777,0,83
2841350957,2837286379,0,50
2841350957,2841350959,0,60
2841350958,7920095730,0,70
2841350958,2837286370,0,76
2841350958,3001619208,0,75
2841350959,2837286338,0,60
2841350959,2837286401,0,57
2841350959,2841350966,0,58
2841350959,2841350957,0,84
2841350960,3430413775,0,76
2841350960,2837286379,0,80
2841350960,2837286373,0,97
2841350962,2841350963,0,54
2841350962,3243954165,0,74
2841350962,2841350946,0,63
2841350963,2841350965,0,58
2841350963,2841350962,0,63
2841350963,2841350949,0,69
2841350964,2841519217,0,77
2841350964,2841519211,0,95
2841350964,2841350973,0,92
2841350965,3776112463,0,80
2841350965,2841350963,0,60
2841350965,2841350950,0,88
2841350966,3430413785,0,86
2841350966,2837286422,0,69
2841350966,2841350959,0,87
2841350968,2841350974,0,62
2841350968,2841350953,0,82
2841350968,3776112463,0,95
2841350969,3243954166,0,93
2841350969,2837286430,0,79
2841350969,2841350974,0,67
2841350970,2837286431,0,62
2841350970,2837286373,0,50
2841350970,3430413793,0,59
2841350971,3430413792,0,78
2841350971,2841519215,0,54
2841350971,2841350978,0,75
2841350972,3430413799,0,88
2841350972,2837286391,0,65
2841350972,3430413794,0,83
2841350972,3430413793,0,71
2841350973,3430413797,0,86
2841350973,2841350964,0,81
2841350973,2841350981,0,79
2841350974,2841350983,0,79
2841350974,2841350968,0,86
2841350974,2841350969,0,52
2841350975,3430413788,0,97
2841350975,2837286430,0,55
2841350975,2837286422,0,68
2841350976,2841350977,0,91
2841350976,2841350954,0,79
2841350976,2841350984,0,72
2841350977,2841350976,0,94
2841350977,2841350954,0,95
2841350977,2841350986,0,100
2841350978,3430413797,0,69
2841350978,2841350971,0,75
2841350978,2837286469,0,89
2841350979,3430413799,0,61
2841350979,3430413798,0,76
2841350979,3430413801,0,65
2841350980,2841350987,0,61
2841350980,2841350983,0,89
2841350980,2837286430,0,96
2841350981,2841350973,0,77
2841350981,2841350985,0,79
2841350981,7919737195,0,74
2841350982,2837286473,0,92
2841350982,3776112467,0,61
2841350982,2837286419,0,94
2841350983,2841350974,0,86
2841350983,2841350984,0,56
2841350983,2841350980,0,75
2841350984,2841350976,0,94
2841350984,2841350986,0,52
2841350984,2841350983,0,65
2841350985,3430413797,0,60
2841350985,2841350981,0,67
2841350985,2837286469,0,90
2841350986,2841350977,0,84
2841350986,2837286469,0,68
2841350986,2841350984,0,92
2841350987,2841350994,0,54
2841350987,2841350980,0,94
2841350987,2841350988,0,96
2841350988,2841350987,0,96
2841350988,2841519241,0,63
2841350988,2841350989,0,81
2841350989,2841350988,0,76
2841350989,2841519244,0,98
2841350989,2837286469,0,85
2841350990,2841350995,0,57
2841350990,3430413803,0,73
2841350990,2841350993,0,54
2841350991,2837286506,0,98
2841350991,2837286431,0,56
2841350991,2841519243,0,82
2841350993,2841350999,0,99
2841350993,2841350990,0,99
2841350993,3776112472,0,70
2841350994,2841351002,0,76
2841350994,2841350987,0,78
2841350994,3430413806,0,60
2841350995,2837286521,0,66
2841350995,2841350990,0,63
2841350995,2841350999,0,82
2841350996,2841519259,0,52
2841350996,2841350997,0,79
2841350996,3430413806,0,51
2841350997,2841519261,0,54
2841350997,2841350998,0,90
2841350997,2841350996,0,94
2841350998,2841350997,0,93
2841350998,2841519244,0,97
2841350998,2837286548,0,79
2841350999,2841351000,0,74
2841350999,2841350995,0,71
2841350999,2841350993,0,97
2841351000,3001623628,0,75
2841351000,2837286488,0,62
2841351000,2841350999,0,75
2841351002,2837286535,0,52
2841351002,2841350994,0,50
2841351002,2841351003,0,66
2841351003,2841351002,0,57
2841351003,2841351004,0,95
2841351003,2841519259,0,58
2841351004,6694729479,0,70
2841351004,2841519282,0,92
2841351004,3001619212,0,97
2841351004,2841351003,0,79
2841351005,2841519282,0,81
2841351005,2837286548,0,79
2841351005,2841519261,0,54
2841514556,2839148916,0,55
2841514556,3496486160,0,85
2841514559,7871811320,0,92
2841514559,2839148921,0,65
2841514559,4166878580,0,95
2841514563,2841514571,0,78
2841514563,2841514564,0,58
2841514563,3498774884,0,80
2841514564,2839149004,0,67
2841514564,2841514574,0,60
2841514564,2841514563,0,60
2841514565,2841514577,0,51
2841514565,2839149053,0,88
2841514566,2839149007,0,56
2841514566,2833253634,0,61
2841514566,7871220162,0,68
2841514567,2839149020,0,57
2841514567,12211339583,0,84
2841514567,2841514583,0,97
2841514569,2841514572,0,75
2841514569,2841514565,0,60
2841514571,2841514563,0,54
2841514571,2841514574,0,92
2841514571,12211323512,0,98
2841514572,2841514569,0,50
2841514574,2841514564,0,93
2841514574,2841514571,0,67
2841514574,12211339583,0,59
2841514577,2841514565,0,78
2841514580,2839149070,0,72
2841514580,2839149129,0,61
2841514580,7937864672,0,63
2841514580,2839149089,0,95
2841514583,2841514567,0,52
2841514591,2839149138,0,93
2841514591,2839149150,0,84
2841514591,2841514598,0,63
2841514593,2839149089,0,78
2841514596,2839149167,0,94
2841514596,2841517702,0,53
2841514596,2839149150,0,90
2841514598,2839149185,0,83
2841514598,2839149138,0,91
2841514598,2841514591,0,92
2841517702,2841514596,0,95
2841517705,2839149220,0,92
2841517705,2841517710,0,56
2841517705,7937864674,0,74
2841517709,7937823351,0,94
2841517709,2839149284,0,69
2841517709,13604702812,0,78
2841517710,2841517705,0,53
2841517710,2839149276,0,88
2841517710,1880441533,0,50
2841517719,7969158206,0,53
2841517719,3774507822,0,99
2841517720,2841517721,0,74
2841517720,7937823349,0,99
2841517720,13604702812,0,62
2841517721,2839149322,0,65
2841517721,2841517720,0,73
2841517721,2833253677,0,65
2841517721,2839149302,0,62
2841517729,2833253695,0,55
2841517733,2841517734,0,51
2841517733,2837580330,0,76
2841517733,2841299194,0,51
2841517734,2837580303,0,50
2841517734,2841517735,0,71
2841517734,2841517733,0,62
2841517735,2841299198,0,93
2841517735,7872634994,0,92
2841517735,2841517734,0,54
2841517737,7872530313,0,64
2841517739,2841517751,0,56
2841517739,7872530317,0,92
2841517739,2839149443,0,60
2841517740,3496479146,0,96
2841517740,2841517742,0,60
2841517740,3496479144,0,52
2841517741,1880441617,0,76
2841517741,2833253725,0,82
2841517741,2841517757,0,56
2841517742,2841517740,0,70
2841517742,7872634995,0,70
2841517742,3496483750,0,85
2841517744,2841517745,0,90
2841517745,12218303472,0,62
2841517745,7872530311,0,89
2841517745,2841517744,0,63
2841517747,7927123900,0,84
2841517747,7915347249,0,75
2841517747,2841517764,0,77
2841517748,2841517754,0,57
2841517748,2841517751,0,64
2841517748,7773747520,0,63
2841517751,2841517739,0,56
2841517751,7872530316,0,72
2841517751,2841517748,0,70
2841517754,2841517748,0,61
2841517754,7915347263,0,50
2841517754,7915347257,0,75
2841517757,2841299223,0,91
2841517757,2833253749,0,70
2841517757,2841517741,0,50
2841517760,2841299219,0,74
2841517760,3496479145,0,63
2841517760,2841517767,0,79
2841517760,9708719588,0,64
2841517763,2841517768,0,54
2841517763,2839149570,0,92
2841517763,2839149519,0,67
2841517764,1880441770,0,91
2841517764,7915347252,0,89
2841517764,2841517747,0,73
2841517766,3496479144,0,52
2841517766,7872634998,0,54
2841517766,3496483748,0,63
2841517766,2841517774,0,76
2841517767,2841299227,0,69
2841517767,2841517774,0,99
2841517767,2841517772,0,88
2841517767,2841517760,0,81
2841517768,1880441770,0,56
2841517768,2841517763,0,95
2841517768,2839149587,0,84
2841517769,8823755422,0,100
2841517771,7915347268,0,86
2841517771,8823755422,0,60
2841517771,1880441804,0,66
2841517771,7915347260,0,56
2841517772,2837580369,0,88
2841517772,3496479153,0,70
2841517772,2841517767,0,90
2841517773,1880441790,0,94
2841517773,1880441770,0,74
2841517773,3430413463,0,93
2841517774,2841517767,0,99
2841517774,7872634999,0,94
2841517774,2841517792,0,58
2841517774,2841517766,0,71
2841517777,7915347268,0,61
2841517777,2841517902,0,90
2841517777,7915347261,0,98
2841517778,2841517780,0,94
2841517778,7915347278,0,70
2841517778,2841517931,0,92
2841517779,2841517790,0,80
2841517779,3664723879,0,54
2841517779,3496483752,0,71
2841517779,2841517942,0,51
2841517780,1880441801,0,88
2841517780,2841517778,0,87
2841517780,2841517930,0,78
2841517781,7915347257,0,74
2841517781,2841517782,0,82
2841517781,1880441801,0,90
2841517781,2841517934,0,97
2841517782,2841517911,0,64
2841517782,2841517781,0,82
2841517782,2841517785,0,87
2841517784,2839149582,0,95
2841517784,2839149622,0,50
2841517785,3772997039,0,64
2841517785,2841517786,0,51
2841517785,2841517782,0,89
2841517786,3502338410,0,98
2841517786,1880441804,0,57
2841517786,2841517785,0,69
2841517789,2841517791,0,65
2841517790,2837580384,0,97
2841517790,2841517779,0,77
2841517790,3772980665,0,98
2841517791,2841517789,0,65
2841517791,3772997039,0,89
2841517791,3430413467,0,55
2841517792,2841517797,0,53
2841517792,2841517774,0,58
2841517792,3496479153,0,73
2841517795,2841517906,0,81
2841517795,2841517798,0,68
2841517795,1880441804,0,62
2841517797,2841517792,0,59
2841517797,7872635000,0,74
2841517797,2837580505,0,63
2841517798,2841517902,0,91
2841517798,2841517944,0,52
2841517798,2841517795,0,65
2841517799,3502338410,0,96
2841517799,2841517925,0,88
2841517799,1880441804,0,78
2841517799,2841517906,0,97
2841517902,2841517904,0,71
2841517902,2841517798,0,58
2841517902,2841517777,0,67
2841517902,2841517949,0,70
2841517904,2841517902,0,91
2841517904,2841517951,0,100
2841517904,2841517907,0,98
2841517906,2841517795,0,52
2841517906,2841517799,0,83
2841517906,2841517928,0,100
2841517907,2841517953,0,76
2841517907,2841517909,0,91
2841517907,2841517904,0,68
2841517909,2841517957,0,98
2841517909,2841517913,0,51
2841517909,2841517907,0,64
2841517910,3430413467,0,96
2841517911,3430413467,0,71
2841517911,2841517782,0,71
2841517911,2841517929,0,65
2841517912,2841517960,0,63
2841517912,2841517914,0,84
2841517912,2841517913,0,53
2841517913,2841517959,0,92
2841517913,2841517912,0,65
2841517913,2841517909,0,93
2841517914,2841517962,0,94
2841517914,2841517917,0,96
2841517914,2841517912,0,64
2841517917,2841517921,0,88
2841517917,2841517914,0,74
2841517917,2841517976,0,83
2841517919,3502313269,0,70
2841517919,2841517925,0,61
2841517919,7915350686,0,78
2841517919,3502338410,0,90
2841517921,2841517917,0,50
2841517921,2841517981,0,54
2841517921,2841517946,0,81
2841517925,2841517799,0,54
2841517925,2841517927,0,62
2841517925,2841517919,0,53
2841517925,2841517971,0,90
2841517927,2841517925,0,59
2841517927,3502313804,0,63
2841517927,2841517928,0,58
2841517928,2841517940,0,55
2841517928,2841517906,0,61
2841517928,2841517927,0,87
2841517929,2841517934,0,85
2841517929,2841517961,0,100
2841517929,2841517911,0,63
2841517930,2841517780,0,65
2841517931,2841517778,0,82
2841517933,2841517934,0,55
2841517934,2841517929,0,77
2841517934,2841517933,0,96
2841517934,2841517781,0,79
2841517940,2841517928,0,69
2841517940,2841517944,0,60
2841517940,2841517964,0,96
2841517942,3772980665,0,62
2841517942,2837580533,0,65
2841517942,2841517779,0,77
2841517944,2841517949,0,61
2841517944,2841517940,0,88
2841517944,2841517975,0,65
2841517944,2841517798,0,69
2841517946,2841517973,0,68
2841517946,2841517977,0,86
2841517946,2841517921,0,78
2841517947,3502313269,0,90
2841517949,2841517978,0,62
2841517949,2841517951,0,67
2841517949,2841517944,0,100
2841517949,2841517902,0,80
2841517950,2839149622,0,55
2841517950,2839149626,0,73
2841517950,2841517996,0,75
2841517951,2841517980,0,74
2841517951,2841517953,0,60
2841517951,2841517949,0,80
2841517951,2841517904,0,78
2841517953,2841517907,0,77
2841517953,2841517957,0,82
2841517953,2841517951,0,89
2841517953,2841517988,0,97
2841517956,2841517969,0,77
2841517956,3430413467,0,98
2841517956,7915350686,0,59
2841517957,2841517909,0,100
2841517957,2841517959,0,80
2841517957,2841517953,0,51
2841517957,2841517994,0,98
2841517959,2841517913,0,74
2841517959,2841517960,0,77
2841517959,2841517957,0,55
2841517959,9708719582,0,98
2841517960,2841517912,0,69
2841517960,2841517962,0,88
2841517960,2841517959,0,84
2841517960,2841517992,0,59
2841517961,2841517929,0,85
2841517962,2841517914,0,96
2841517962,2841517960,0,61
2841517962,2841517986,0,66
2841517964,2841517940,0,74
2841517969,2841517956,0,79
2841517971,2841517925,0,69
2841517973,2841517946,0,79
2841517974,7915350686,0,68
2841517975,2841517944,0,74
2841517976,2841517917,0,85
2841517977,2841517990,0,88
2841517977,2841517982,0,80
2841517977,2841517946,0,54
2841517978,2841517949,0,71
2841517980,2841517951,0,58
2841517981,2841517921,0,95
2841517982,2841517999,0,80
2841517982,3502705217,0,62
2841517982,2841517977,0,59
2841517985,2841518000,0,62
2841517986,2841517962,0,50
2841517988,2841517953,0,50
2841517989,2837580533,0,82
2841517989,3772980665,0,96
2841517989,7918749125,0,96
2841517990,2841517999,0,73
2841517990,2841517977,0,81
2841517990,2841518000,0,75
2841517992,2841517960,0,76
2841517994,2841517957,0,75
2841517996,2841518212,0,97
2841517996,7911475585,0,73
2841517996,2841517950,0,74
2841517997,2841518211,0,81
2841517997,2837580565,0,69
2841517997,3496483755,0,91
2841517998,3502709213,0,87
2841517998,3502705217,0,54
2841517998,2841518213,0,76
2841517999,2841517990,0,52
2841517999,2841517982,0,57
2841517999,2841518220,0,74
2841518000,2841518206,0,86
2841518000,2841517985,0,60
2841518000,2841518220,0,62
2841518000,2841517990,0,98
2841518203,7891576356,0,77
2841518203,2837580508,0,66
2841518203,3777691624,0,99
2841518206,2841518000,0,98
2841518211,2837580563,0,96
2841518211,2841517997,0,72
2841518211,3496483753,0,82
2841518212,2841517996,0,95
2841518212,2839149626,0,81
2841518213,2841518224,0,90
2841518213,2841518218,0,94
2841518213,2841517998,0,73
2841518218,2841518213,0,94
2841518220,7915387187,0,53
2841518220,2841518000,0,91
2841518220,2841517999,0,74
2841518224,2841518229,0,77
2841518224,2841518213,0,97
2841518224,7918749251,0,65
2841518229,2841518237,0,65
2841518229,2841518224,0,80
2841518229,3502725158,0,52
2841518229,3502868298,0,73
2841518231,2839149678,0,90
2841518232,2841518241,0,95
2841518232,2841518250,0,93
2841518232,1880441889,0,51
2841518237,2841518229,0,94
2841518237,3502725155,0,92
2841518237,2841518250,0,91
2841518237,3502868298,0,59
2841518238,2841518271,0,66
2841518238,7918749133,0,88
2841518238,2841518261,0,79
2841518241,2841518262,0,93
2841518241,2841518232,0,59
2841518241,2841518264,0,66
2841518246,13077902286,0,65
2841518250,3502879346,0,88
2841518250,2841518237,0,87
2841518250,2841518232,0,92
2841518254,7891576356,0,60
2841518254,10213932435,0,50
2841518259,2841518284,0,57
2841518261,2841518271,0,99
2841518261,2841518238,0,55
2841518261,10213932435,0,91
2841518262,2845678266,0,95
2841518262,2841518241,0,74
2841518262,2841518268,0,75
2841518264,3502758212,0,95
2841518264,3502879346,0,87
2841518264,2841518241,0,55
2841518267,2837580618,0,83
2841518267,2841518274,0,62
2841518267,7915387189,0,77
2841518268,3502758212,0,60
2841518268,2841518262,0,77
2841518268,2841518424,0,66
2841518271,2841518261,0,94
2841518271,2841518274,0,69
2841518271,2841518238,0,82
2841518274,2841518267,0,84
2841518274,2837580928,0,92
2841518274,2841518271,0,74
2841518277,2839149682,0,87
2841518277,2839255740,0,69
2841518280,2841518281,0,96
2841518280,8833928789,0,76
2841518280,7915387189,0,98
2841518281,2841518300,0,96
2841518281,2841518280,0,55
2841518281,2841518285,0,56
2841518284,2839149678,0,90
2841518284,8840950841,0,86
2841518284,4776756143,0,99
2841518284,2841518259,0,72
2841518285,2841518281,0,59
2841518285,9708719581,0,67
2841518285,2845678258,0,97
2841518285,2841299329,0,63
2841518291,2839149685,0,97
2841518291,2839149711,0,75
2841518291,2841518294,0,94
2841518292,4776756144,0,69
2841518293,1880442403,0,50
2841518293,9708719581,0,60
2841518293,2845678266,0,81
2841518294,2841518291,0,50
2841518298,2841518299,0,56
2841518298,2839149695,0,54
2841518298,2839149677,0,99
2841518299,2841518298,0,94
2841518299,2839255740,0,76
2841518299,2841518422,0,83
2841518300,2841518281,0,76
2841518300,2841299329,0,91
2841518402,2841518405,0,68
2841518402,7923076395,0,96
2841518402,2984688093,0,77
2841518405,2841518407,0,60
2841518405,2839149723,0,61
2841518405,2841518402,0,73
2841518406,2841299331,0,61
2841518407,2984688093,0,95
2841518407,2839149717,0,58
2841518407,2841518405,0,62
2841518411,2841299330,0,81
2841518411,2841299331,0,61
2841518411,9708719581,0,82
2841518412,2837581317,0,57
2841518413,2837581140,0,78
2841518413,2841518436,0,86
2841518419,2841518425,0,63
2841518419,2839149727,0,61
2841518419,2839149723,0,62
2841518421,2837581142,0,53
2841518421,2845678412,0,97
2841518421,3502823737,0,61
2841518422,2841518299,0,98
2841518423,2841518424,0,62
2841518423,2841518434,0,66
2841518423,1880442403,0,76
2841518424,2841518423,0,78
2841518424,3502823737,0,90
2841518424,2841518268,0,89
2841518425,2839149733,0,56
2841518425,2839149725,0,90
2841518425,2841518419,0,60
2841518426,9708719578,0,55
2841518426,2839149695,0,68
2841518426,3430413489,0,55
2841518427,2841299333,0,74
2841518427,7918749177,0,57
2841518427,3502470543,0,67
2841518429,2841518434,0,54
2841518429,1880442445,0,71
2841518429,2841299336,0,51
2841518434,2841518429,0,87
2841518434,2841518443,0,65
2841518434,2841518423,0,80
2841518434,2841299353,0,81
2841518435,1880442436,0,93
2841518436,2837581302,0,98
2841518436,2839149748,0,56
2841518436,2841518413,0,50
2841518436,3430413598,0,53
2841518438,2841518439,0,67
2841518439,2839149751,0,98
2841518439,2841518438,0,50
2841518439,2839255758,0,92
2841518440,2841299344,0,87
2841518440,2841518445,0,100
2841518440,1880442460,0,52
2841518443,1880442436,0,56
2841518443,2841518434,0,63
2841518443,2841299355,0,83
2841518444,2841518447,0,100
2841518444,1880442445,0,50
2841518444,3502312824,0,74
2841518445,2841299357,0,88
2841518445,2841518440,0,83
2841518445,3502470543,0,98
2841518446,2841299358,0,67
2841518446,2841299353,0,81
2841518446,3502312824,0,80
2841518447,2841518444,0,98
2841518447,2841299361,0,71
2841518447,2841518451,0,88
2841518448,2837581323,0,77
2841518449,2841518457,0,71
2841518451,2841518462,0,73
2841518451,2841299358,0,93
2841518451,2841518447,0,71
2841518451,3502312824,0,70
2841518454,2837581302,0,65
2841518454,2839255767,0,73
2841518454,3430413598,0,92
2841518454,2841518478,0,75
2841518456,2837581387,0,74
2841518456,9708719579,0,89
2841518456,3776032363,0,53
2841518457,1880442471,0,72
2841518457,2841518459,0,71
2841518457,2841518449,0,56
2841518458,3430413605,0,50
2841518459,2841518457,0,79
2841518459,7918749174,0,94
2841518459,2841518483,0,75
2841518460,2839149761,0,96
2841518460,2841518469,0,58
2841518460,9708719579,0,51
2841518460,2839149762,0,88
2841518461,1880442471,0,57
2841518461,1880442487,0,83
2841518461,2841299360,0,67
2841518462,7915427852,0,94
2841518462,7915427858,0,98
2841518462,2841518451,0,65
2841518463,2841518464,0,73
2841518463,2837581822,0,78
2841518464,2837581832,0,89
2841518464,2841518463,0,93
2841518464,2837581366,0,92
2841518465,3430413605,0,80
2841518465,2841518480,0,82
2841518465,2837581604,0,76
2841518467,2841518469,0,92
2841518468,2837581387,0,62
2841518469,2841518460,0,50
2841518469,2841518467,0,90
2841518469,3776032362,0,70
2841518477,7915427882,0,51
2841518477,7918749232,0,90
2841518477,3430413612,0,73
2841518478,2841518454,0,52
2841518478,2837581645,0,97
2841518478,7911603781,0,70
2841518480,2837581604,0,93
2841518480,2841518465,0,78
2841518480,2841518496,0,64
2841518483,2841518495,0,88
2841518483,2839615473,0,81
2841518483,2841518459,0,75
2841518484,7915427883,0,97
2841518484,2837581387,0,89
2841518484,2841518487,0,100
2841518487,2841518484,0,55
2841518491,11118998074,0,72
2841518491,2841299380,0,77
2841518491,12221086326,0,80
2841518492,2841518498,0,92
2841518492,6146879024,0,94
2841518494,3430413612,0,56
2841518495,2845678448,0,96
2841518495,2839615483,0,74
2841518495,2841518483,0,68
2841518496,2841518480,0,88
2841518496,2837581697,0,62
2841518496,3500723166,0,95
2841518498,7222623379,0,59
2841518498,2841299377,0,83
2841518498,2841518492,0,86
2841518499,2841518703,0,100
2841518499,2845678448,0,95
2841518499,2839615484,0,82
2841518500,2833127547,0,52
2841518500,2841518704,0,58
2841518500,3430413610,0,81
2841518703,2839615486,0,100
2841518703,2841518499,0,55
2841518703,2841518713,0,69
2841518704,7222623380,0,93
2841518704,12221086327,0,85
2841518704,2841518500,0,79
2841518705,12221086326,0,60
2841518707,7918749237,0,78
2841518707,7918749232,0,57
2841518707,1880442596,0,80
2841518707,2841518712,0,92
2841518708,2841518714,0,84
2841518712,2841518707,0,65
2841518713,2839615484,0,65
2841518713,2841518703,0,63
2841518713,9204376839,0,60
2841518714,2833127565,0,98
2841518714,2833127544,0,92
2841518714,2841518708,0,94
2841518714,2841518742,0,55
2841518716,3955034762,0,56
2841518716,2837581821,0,77
2841518716,2837582023,0,95
2841518718,2833127565,0,51
2841518718,2841518719,0,60
2841518718,2841518742,0,70
2841518719,2841299392,0,74
2841518719,2841518718,0,99
2841518719,2841518747,0,67
2841518723,3776032381,0,64
2841518724,3776032382,0,96
2841518725,3776032383,0,66
2841518727,2841518738,0,92
2841518727,12200909601,0,80
2841518727,12200868900,0,92
2841518728,3776032385,0,57
2841518731,3776032386,0,92
2841518732,3430413639,0,58
2841518732,2837582248,0,84
2841518732,3776032387,0,90
2841518733,2841518745,0,96
2841518733,7127776510,0,81
2841518736,2833127630,0,55
2841518736,2841518740,0,100
2841518736,11096402041,0,94
2841518738,2837582232,0,71
2841518738,2837582086,0,64
2841518738,2841518727,0,86
2841518740,2841518736,0,99
2841518740,2841299573,0,88
2841518740,2833127588,0,54
2841518742,2841518714,0,91
2841518742,2841518718,0,71
2841518742,7911697784,0,74
2841518745,2841518733,0,95
2841518746,2837582222,0,97
2841518747,2841299570,0,97
2841518747,2841518719,0,96
2841518747,2841299572,0,74
2841518748,2841299584,0,91
2841518748,2833127639,0,91
2841518748,2841518752,0,100
2841518750,2841518751,0,85
2841518751,8852361405,0,77
2841518751,2833127630,0,64
2841518751,2841518750,0,64
2841518751,4160457522,0,66
2841518752,2841518748,0,57
2841518752,2841518775,0,68
2841518752,2841518777,0,55
2841518756,2833127660,0,57
2841518756,2841518759,0,55
2841518756,2833127624,0,71
2841518759,2833127664,0,97
2841518759,2841518756,0,87
2841518759,8852361405,0,62
2841518762,2841299591,0,97
2841518762,2841299606,0,57
2841518762,4160457523,0,86
2841518766,2841518904,0,73
2841518766,2841518768,0,58
2841518766,2841518767,0,70
2841518767,3775996289,0,74
2841518767,7918667375,0,86
2841518767,2841518766,0,97
2841518768,7916811380,0,50
2841518768,12224084917,0,69
2841518768,2841518766,0,53
2841518768,2833301290,0,87
2841518774,7916811383,0,84
2841518774,3775996294,0,62
2841518774,2841518776,0,74
2841518775,2841299618,0,77
2841518775,2841518777,0,70
2841518775,2841518752,0,99
2841518776,12219234836,0,73
2841518776,2841518774,0,93
2841518776,7888851956,0,100
2841518777,2841518775,0,58
2841518777,4160457527,0,83
2841518777,2841518752,0,92
2841518790,2841518793,0,88
2841518790,7888680453,0,87
2841518790,12224094673,0,64
2841518793,2841518790,0,56
2841518793,3140039600,0,75
2841518793,3776052805,0,50
2841518800,2841518902,0,84
2841518902,2841518800,0,79
2841518902,2841518910,0,70
2841518902,2833127689,0,59
2841518904,3775996289,0,68
2841518904,2841518908,0,64
2841518904,2841518766,0,81
2841518906,3775996291,0,93
2841518908,2841518911,0,79
2841518908,3775996291,0,59
2841518908,2841518919,0,88
2841518908,2841518904,0,68
2841518909,6147067482,0,59
2841518910,1880442941,0,97
2841518910,2841518902,0,92
2841518911,2841518908,0,94
2841518911,2841518921,0,52
2841518911,7916811376,0,88
2841518918,3775996291,0,70
2841518919,2841518921,0,69
2841518919,2841518908,0,82
2841518919,7915743502,0,94
2841518921,2841518919,0,57
2841518921,2841518929,0,67
2841518921,2841518911,0,95
2841518924,3775996294,0,86
2841518924,3775996290,0,80
2841518924,12666221948,0,90
2841518925,2841518929,0,63
2841518926,3774435058,0,81
2841518926,2833303072,0,68
2841518926,4150576589,0,95
2841518929,7915743504,0,74
2841518929,2841518921,0,53
2841518929,2841518925,0,71
2841518938,2833127716,0,59
2841518938,3998009082,0,95
2841518938,2833127701,0,63
2841518941,2841518947,0,96
2841518941,7915743502,0,64
2841518941,4035952061,0,94
2841518945,2841518950,0,97
2841518947,2841518941,0,53
2841518947,7915743500,0,99
2841518947,7915743498,0,61
2841518948,7888680417,0,81
2841518950,2841518955,0,96
2841518950,2841299738,0,75
2841518950,2841518945,0,69
2841518951,7915731601,0,92
2841518951,7915731599,0,60
2841518951,7915731602,0,51
2841518954,2833303144,0,85
2841518954,2841299749,0,75
2841518954,2833303095,0,71
2841518955,2841518950,0,77
2841518955,2841518958,0,93
2841518955,2833127712,0,80
2841518957,2841518958,0,72
2841518957,2833127710,0,98
2841518957,6147067477,0,75
2841518958,2841518963,0,75
2841518958,2841518957,0,54
2841518958,2841518955,0,83
2841518960,7915731599,0,96
2841518960,2841518961,0,68
2841518960,7915731598,0,68
2841518961,2841518960,0,94
2841518961,7915731592,0,62
2841518961,2841518972,0,94
2841518963,2841518958,0,85
2841518963,2837285620,0,75
2841518963,7376781889,0,56
2841518964,7915731592,0,58
2841518964,2841518965,0,70
2841518964,3430413690,0,98
2841518965,2841518964,0,100
2841518965,2841518966,0,87
2841518965,3430413692,0,53
2841518966,2841518965,0,95
2841518966,2841518967,0,69
2841518966,3430413694,0,79
2841518967,2841518966,0,91
2841518967,2841518975,0,60
2841518967,7927123904,0,86
2841518970,7915731602,0,58
2841518970,3776125459,0,78
2841518970,7916755405,0,94
2841518971,2841518974,0,80
2841518971,12219234827,0,68
2841518971,7915743486,0,59
2841518971,12253166935,0,63
2841518972,2841518961,0,63
2841518972,7915731593,0,97
2841518972,7915731597,0,62
2841518974,2841518971,0,97
2841518974,3776224059,0,91
2841518974,7915743506,0,50
2841518975,3430413694,0,73
2841518975,2841518993,0,96
2841518975,2841518967,0,86
2841518977,2837583713,0,56
2841518977,2837285729,0,93
2841518977,2837285771,0,100
2841518981,2841518990,0,59
2841518981,2837285746,0,74
2841518981,2837285771,0,77
2841518982,2841518983,0,93
2841518982,2841518985,0,60
2841518982,7904039972,0,53
2841518983,2841518982,0,56
2841518983,3430413690,0,72
2841518983,7915731595,0,80
2841518985,2841519035,0,61
2841518985,3430413692,0,53
2841518985,2841518982,0,57
2841518985,2841518986,0,82
2841518986,2841518985,0,91
2841518986,3430413694,0,71
2841518986,2841518993,0,87
2841518986,7904039981,0,77
2841518987,2841518990,0,59
2841518987,2841518994,0,90
2841518987,2837285784,0,96
2841518988,2837285765,0,75
2841518988,2841518994,0,65
2841518988,2837583921,0,52
2841518990,2841518987,0,57
2841518990,2841518981,0,65
2841518990,2837285793,0,75
2841518991,2841518992,0,81
2841518991,2837583929,0,69
2841518991,2837583748,0,94
2841518992,2841518991,0,88
2841518992,2837285793,0,61
2841518992,2837583923,0,91
2841518992,2837285771,0,97
2841518993,2841518975,0,74
2841518993,2841518986,0,99
2841518993,7904039984,0,94
2841518993,7904039980,0,100
2841518994,2841518988,0,92
2841518994,2837285842,0,92
2841518994,2841518987,0,55
2841518995,2837583930,0,99
2841518998,2837583936,0,79
2841519000,2841519001,0,91
2841519000,3774476879,0,74
2841519000,3774476882,0,67
2841519000,3997875641,0,90
2841519001,2841519000,0,91
2841519001,2841519002,0,78
2841519001,2841519006,0,73
2841519002,2841519008,0,50
2841519002,2841519001,0,57
2841519002,2841519003,0,57
2841519003,2841519023,0,55
2841519003,2841519002,0,57
2841519003,2837285883,0,81
2841519004,3776224069,0,91
2841519004,3776224065,0,92
2841519004,3776125488,0,82
2841519006,2841519008,0,64
2841519006,2841519010,0,51
2841519006,2841519001,0,87
2841519008,2841519002,0,86
2841519008,2841519014,0,86
2841519008,2841519006,0,80
2841519009,3774476890,0,67
2841519010,2841519006,0,94
2841519010,2841519011,0,97
2841519010,3001619205,0,56
2841519011,2841519013,0,100
2841519011,2841519010,0,87
2841519011,2841519018,0,61
2841519013,2841519011,0,74
2841519013,3001619202,0,80
2841519013,2841519014,0,91
2841519014,2841519008,0,94
2841519014,2841519021,0,77
2841519014,2841519013,0,69
2841519015,2841349297,0,86
2841519015,7920095739,0,58
2841519015,2841519016,0,56
2841519016,2841519043,0,70
2841519016,2841519015,0,54
2841519016,2837286031,0,95
2841519018,2841519011,0,100
2841519018,2841519030,0,84
2841519018,3001619202,0,61
2841519019,2837286031,0,75
2841519019,2841519031,0,94
2841519019,2841519025,0,51
2841519021,3001619202,0,75
2841519021,2841519023,0,85
2841519021,2841519014,0,84
2841519022,2841519038,0,100
2841519022,2841519024,0,83
2841519022,2841349300,0,81
2841519023,2841519003,0,54
2841519023,2841519026,0,83
2841519023,2841519021,0,87
2841519024,2841519039,0,84
2841519024,2841519027,0,95
2841519024,2841519022,0,100
2841519025,3729645120,0,91
2841519025,2841519019,0,57
2841519025,2837286031,0,98
2841519026,2841350901,0,98
2841519026,2841519034,0,63
2841519026,2841519023,0,92
2841519027,2841519041,0,57
2841519027,2841350902,0,61
2841519027,2841519024,0,88
2841519028,2841519034,0,94
2841519028,2841519040,0,61
2841519028,3001619202,0,50
2841519030,2841519018,0,85
2841519031,2841519019,0,78
2841519031,2841350911,0,70
2841519031,3430413732,0,57
2841519034,2841519026,0,52
2841519034,3430413736,0,58
2841519034,3430413734,0,86
2841519034,2841519028,0,63
2841519035,2841518985,0,91
2841519035,2841519037,0,60
2841519035,7904039981,0,55
2841519037,7904039972,0,85
2841519037,7904039970,0,66
2841519037,2841519035,0,98
2841519038,2841519039,0,52
2841519038,2841350907,0,55
2841519038,2841519022,0,57
2841519039,2841519041,0,82
2841519039,2841519038,0,69
2841519039,2841519024,0,73
2841519040,2841350908,0,84
2841519040,3001619205,0,60
2841519040,2841519028,0,77
2841519041,2841519042,0,92
2841519041,2841519039,0,50
2841519041,2841519027,0,65
2841519042,2841519043,0,69
2841519042,2841519041,0,52
2841519042,2841350902,0,83
2841519043,2841350911,0,100
2841519043,2841519042,0,68
2841519043,2841519016,0,92
2841519045,2841350911,0,84
2841519045,3430413732,0,78
2841519045,2841350917,0,58
2841519046,2841519048,0,86
2841519046,3430413736,0,81
2841519046,2841519052,0,94
2841519047,3430413746,0,70
2841519047,7919717050,0,83
2841519047,2841350914,0,72
2841519048,2841519050,0,88
2841519048,2841519046,0,84
2841519048,2841519053,0,82
2841519049,7920095735,0,63
2841519049,3774476896,0,94
2841519049,3774476882,0,56
2841519049,2841519095,0,92
2841519050,2837286127,0,52
2841519050,2841519048,0,65
2841519050,3430413734,0,52
2841519051,3430413746,0,62
2841519051,7919717050,0,59
2841519051,7919717075,0,69
2841519051,7920156496,0,63
2841519052,2841519053,0,58
2841519052,2841519046,0,88
2841519052,2841519059,0,85
2841519053,2841519052,0,63
2841519053,2841519048,0,87
2841519053,2841519063,0,72
2841519054,3430413747,0,67
2841519054,2841350915,0,58
2841519054,2837286188,0,96
2841519055,2841519058,0,89
2841519055,2837286142,0,77
2841519055,2841519077,0,54
2841519057,7919466775,0,85
2841519057,7920095735,0,66
2841519057,7678777488,0,66
2841519057,3774476890,0,74
2841519058,2837286165,0,91
2841519058,2841519055,0,60
2841519058,2837286194,0,75
2841519059,2841519063,0,79
2841519059,2841519052,0,55
2841519059,2841519068,0,66
2841519060,3430413746,0,93
2841519060,7919717075,0,77
2841519060,7919717074,0,94
2841519061,2841350921,0,59
2841519061,3430413750,0,84
2841519061,2841519067,0,63
2841519062,2841350919,0,54
2841519062,2841519070,0,90
2841519062,2841519064,0,96
2841519063,2841519053,0,67
2841519063,2841519073,0,90
2841519063,2841519059,0,94
2841519064,2841350920,0,91
2841519064,2841519074,0,62
2841519064,2841519062,0,95
2841519065,2841519066,0,73
2841519065,2837286184,0,86
2841519065,2841519083,0,92
2841519066,2841519069,0,91
2841519066,2841519065,0,82
2841519066,2841519081,0,88
2841519067,2841519072,0,60
2841519067,2841519061,0,76
2841519067,2841519075,0,59
2841519068,2837286207,0,70
2841519068,2837286198,0,100
2841519068,2841519059,0,77
2841519069,2837286202,0,74
2841519069,2841519066,0,51
2841519069,2841519078,0,88
2841519070,2841519062,0,65
2841519070,2841350928,0,54
2841519070,2841519074,0,67
2841519072,2841519067,0,57
2841519072,2841350921,0,84
2841519072,2841519082,0,57
2841519073,2841350922,0,93
2841519073,2837286207,0,85
2841519073,2841519063,0,76
2841519074,2841519064,0,54
2841519074,2841350930,0,71
2841519074,2841519070,0,90
2841519075,2841519082,0,55
2841519075,2841519067,0,73
2841519075,2841519088,0,71
2841519076,2841519079,0,99
2841519076,3776117118,0,67
2841519076,2841350933,0,59
2841519077,2841519055,0,64
2841519077,2837286241,0,67
2841519077,2837286224,0,50
2841519078,2841519081,0,56
2841519078,2837286227,0,74
2841519078,2841519069,0,64
2841519079,2841519087,0,74
2841519079,2841519076,0,56
2841519079,3776117116,0,100
2841519079,3430413759,0,57
2841519081,2837286244,0,61
2841519081,2841519078,0,83
2841519081,2841519066,0,96
2841519082,2841519091,0,69
2841519082,2841519075,0,87
2841519082,2841519072,0,81
2841519083,2837286255,0,56
2841519083,2837286244,0,83
2841519083,2841519065,0,72
2841519084,3430413759,0,94
2841519084,7919717033,0,86
2841519084,2841350940,0,68
2841519085,2837286267,0,85
2841519085,2837286176,0,67
2841519085,2841519207,0,88
2841519085,2837286255,0,56
2841519086,2841519088,0,53
2841519086,2837286265,0,60
2841519086,3459794825,0,70
2841519087,2841350933,0,98
2841519087,3430413767,0,74
2841519087,2841519079,0,61
2841519088,2841519090,0,72
2841519088,2841519086,0,97
2841519088,2841519075,0,93
2841519090,2841519091,0,100
2841519090,2841519088,0,84
2841519090,3776117140,0,85
2841519091,2841350940,0,88
2841519091,2841519090,0,75
2841519091,2841519082,0,80
2841519093,2841519097,0,87
2841519093,2841350933,0,58
2841519093,2841350947,0,66
2841519094,2841519210,0,50
2841519095,7919466723,0,93
2841519095,2841519049,0,82
2841519095,7919466760,0,95
2841519097,3430413767,0,59
2841519097,3430413781,0,92
2841519097,2841519093,0,58
2841519097,2841519100,0,59
2841519098,2837286332,0,74
2841519098,2837286298,0,86
2841519098,2841519205,0,97
2841519100,2841519097,0,67
2841519100,2841350940,0,53
2841519100,2841350955,0,96
2841519100,3776117140,0,90
2841519201,2841519212,0,73
2841519204,2841350947,0,95
2841519204,3430413781,0,99
2841519204,3430413787,0,65
2841519205,2837286355,0,93
2841519205,2837286320,0,88
2841519205,2841519098,0,76
2841519207,2841519085,0,95
2841519207,2837286410,0,79
2841519207,2841519208,0,61
2841519207,2837286337,0,78
2841519208,2841519209,0,72
2841519208,2841519207,0,79
2841519208,2837286267,0,82
2841519209,2841519210,0,68
2841519209,2841519208,0,67
2841519209,2837286415,0,77
2841519210,2837286365,0,83
2841519210,2841519209,0,95
2841519210,2841519094,0,64
2841519210,2841519221,0,69
2841519211,3430413787,0,90
2841519211,2841350964,0,55
2841519211,2841350947,0,69
2841519212,2837286376,0,76
2841519212,2837286365,0,99
2841519212,2841519201,0,70
2841519215,3430413789,0,55
2841519215,2841350955,0,90
2841519215,2841350971,0,55
2841519216,3430413794,0,54
2841519216,2837286397,0,96
2841519216,2837286391,0,65
2841519217,2841350964,0,55
2841519217,3430413792,0,60
2841519217,3430413787,0,86
2841519218,7919466735,0,53
2841519218,7918985632,0,55
2841519218,13009243239,0,97
2841519219,7920095724,0,68
2841519219,2841519224,0,85
2841519219,7919466735,0,81
2841519220,2837286436,0,50
2841519220,2837286400,0,77
2841519220,2841519225,0,93
2841519221,3430413795,0,82
2841519221,2837286418,0,96
2841519221,2841519210,0,58
2841519222,2837286400,0,80
2841519222,2837286404,0,81
2841519222,2841519225,0,82
2841519223,3430413798,0,93
2841519223,2837286431,0,93
2841519223,2841519243,0,84
2841519224,2841519245,0,94
2841519224,7919321072,0,57
2841519224,2841519219,0,75
2841519224,7919466758,0,50
2841519225,2841519220,0,89
2841519225,2841519222,0,62
2841519225,2837286459,0,97
2841519226,3430413795,0,50
2841519226,2841519228,0,95
2841519226,2841519229,0,77
2841519227,2837286456,0,94
2841519227,3430413802,0,84
2841519227,2837286442,0,97
2841519228,2841519226,0,72
2841519228,2837286477,0,65
2841519228,2841519237,0,97
2841519229,2837286468,0,92
2841519229,2837286442,0,83
2841519229,2841519226,0,93
2841519230,2837286410,0,88
2841519230,2841519248,0,52
2841519230,2837286459,0,88
2841519230,2841519231,0,78
2841519231,2837286415,0,60
2841519231,2841519249,0,93
2841519231,2837286474,0,98
2841519231,2841519230,0,83
2841519232,7919321072,0,64
2841519232,2841519268,0,61
2841519232,2841519235,0,54
2841519233,3430413803,0,73
2841519233,2837286472,0,58
2841519233,3430413800,0,82
2841519233,2841519256,0,72
2841519235,2841519239,0,53
2841519235,2841519268,0,77
2841519235,2841519232,0,81
2841519237,2837286480,0,74
2841519237,2837286468,0,60
2841519237,2841519228,0,73
2841519238,2841519255,0,57
2841519238,2841519240,0,71
2841519238,2837286477,0,93
2841519239,7919321052,0,65
2841519239,3774476905,0,84
2841519239,2841519235,0,99
2841519240,2841519258,0,57
2841519240,2837286491,0,68
2841519240,2841519238,0,69
2841519241,3430413806,0,80
2841519241,2841350988,0,68
2841519241,2841519244,0,66
2841519243,3430413805,0,63
2841519243,2841350991,0,50
2841519243,2841519223,0,97
2841519244,2841350998,0,90
2841519244,2841350989,0,86
2841519244,2841519241,0,75
2841519245,2841519224,0,63
2841519247,2837286498,0,69
2841519247,2837286502,0,91
2841519247,7904172423,0,82
2841519247,7904172421,0,52
2841519248,2841519230,0,79
2841519248,2837286500,0,89
2841519248,7904039933,0,81
2841519249,7904039933,0,53
2841519249,2841519251,0,72
2841519249,2841519231,0,50
2841519251,2837286474,0,89
2841519251,2841519249,0,79
2841519251,2837286513,0,71
2841519252,7919260314,0,69
2841519252,7919791497,0,72
2841519252,3774476905,0,56
2841519254,7919321052,0,50
2841519255,2841519238,0,72
2841519255,2837286513,0,96
2841519255,2841519258,0,61
2841519256,2837286518,0,75
2841519256,2837286521,0,72
2841519256,2841519233,0,50
2841519258,2841519240,0,56
2841519258,2841519255,0,77
2841519258,2837286524,0,81
2841519259,2841351003,0,62
2841519259,2841350996,0,55
2841519259,3430413806,0,83
2841519261,2841351005,0,82
2841519261,2841350997,0,59
2841519261,2841519282,0,76
2841519262,2837286521,0,57
2841519262,3001623628,0,81
2841519262,2841519270,0,50
2841519264,2841519266,0,59
2841519265,3001623628,0,99
2841519265,2837286535,0,92
2841519265,2841519273,0,66
2841519266,2837286521,0,64
2841519266,2841519267,0,80
2841519266,2841519264,0,75
2841519267,2841519269,0,73
2841519267,2841519266,0,69
2841519267,2841519406,0,73
2841519268,6866111150,0,77
2841519268,2841519232,0,61
2841519268,2841519235,0,84
2841519269,2841519267,0,67
2841519269,2841519270,0,56
2841519269,2841519410,0,78
2841519270,2841519269,0,92
2841519270,2841519262,0,78
2841519270,2841519415,0,60
2841519271,2841519275,0,58
2841519271,7904039932,0,72
2841519271,2841519278,0,97
2841519272,3430413817,0,77
2841519272,7904246781,0,50
2841519272,2841519278,0,72
2841519273,2841519283,0,95
2841519273,2841519287,0,62
2841519273,2841519265,0,57
2841519274,3430413817,0,62
2841519275,2841519280,0,68
2841519275,2841519271,0,52
2841519275,2841519284,0,58
2841519277,3430413819,0,75
2841519278,3430413819,0,76
2841519278,2841519285,0,97
2841519278,2841519271,0,71
2841519278,2841519272,0,52
2841519279,2841519289,0,60
2841519280,2841519288,0,92
2841519280,2841519275,0,62
2841519280,2841519290,0,80
2841519281,2841519406,0,92
2841519281,3001619211,0,67
2841519281,2841519299,0,57
2841519282,2841351004,0,76
2841519282,2841351005,0,81
2841519282,2841519261,0,85
2841519283,2841519296,0,81
2841519283,2837286535,0,93
2841519283,2841519273,0,95
2841519284,2841519275,0,58
2841519284,2841519291,0,70
2841519284,2841519297,0,98
2841519285,3430413817,0,98
2841519285,3430413822,0,99
2841519285,2841519293,0,75
2841519285,2841519278,0,82
2841519286,2841519300,0,96
2841519286,3001619212,0,97
2841519286,6694729479,0,74
2841519287,2841519295,0,58
2841519287,2841519402,0,57
2841519287,2841519273,0,56
2841519288,2841519294,0,100
2841519288,2841519280,0,51
2841519288,2841519292,0,58
2841519288,7904172425,0,59
2841519289,3430413817,0,72
2841519289,2841519279,0,82
2841519289,2841519293,0,50
2841519290,2841519404,0,99
2841519290,2841519297,0,93
2841519290,2841519280,0,65
2841519291,2841519284,0,53
2841519291,7904195847,0,93
2841519291,3430413819,0,71
2841519292,2841519401,0,77
2841519292,2841519288,0,88
2841519292,2841519408,0,97
2841519293,2841519289,0,50
2841519293,3430413823,0,77
2841519293,2841519403,0,80
2841519293,2841519285,0,68
2841519294,3775191403,0,68
2841519294,2841519288,0,81
2841519294,2841519408,0,55
2841519295,2841519296,0,98
2841519295,2841519287,0,77
2841519295,2841519413,0,65
2841519296,2841519466,0,89
2841519296,2841519283,0,59
2841519296,2841519295,0,96
2841519297,2841519284,0,82
2841519297,2841519417,0,61
2841519297,2841519407,0,65
2841519297,2841519290,0,67
2841519298,7904195847,0,99
2841519298,2841519409,0,57
2841519298,3430413822,0,66
2841519299,3430413825,0,94
2841519299,2841519281,0,65
2841519299,2841519424,0,92
2841519300,2841519286,0,77
2841519300,2841519423,0,62
2841519300,2841519411,0,80
2841519401,2841519404,0,95
2841519401,2841519292,0,100
2841519401,2841519422,0,56
2841519402,3430413824,0,94
2841519402,2841519287,0,96
2841519402,2841519413,0,82
2841519403,2841519293,0,89
2841519404,2841519414,0,61
2841519404,2841519401,0,62
2841519404,2841519290,0,87
2841519405,3001619212,0,90
2841519405,2837286548,0,90
2841519405,2841519426,0,59
2841519406,2841519267,0,64
2841519406,3430413825,0,57
2841519406,2841519410,0,58
2841519406,2841519281,0,75
2841519407,2841519297,0,52
2841519407,7904246775,0,67
2841519407,7904195847,0,62
2841519408,2841519422,0,59
2841519408,2841519294,0,77
2841519408,2841519292,0,51
2841519409,2841519298,0,89
2841519409,7904246780,0,62
2841519409,2841519419,0,55
2841519410,2841519269,0,53
2841519410,2841519415,0,74
2841519410,2841519406,0,76
2841519411,2841519434,0,83
2841519411,3001619212,0,69
2841519411,2841519300,0,94
2841519411,2841519426,0,90
2841519413,2841519295,0,64
2841519413,2841519437,0,64
2841519413,2841519402,0,71
2841519414,2841519417,0,77
2841519414,2841519404,0,80
2841519414,2841519439,0,53
2841519415,2841519418,0,82
2841519415,2841519410,0,77
2841519415,2841519270,0,91
2841519415,2841519444,0,53
2841519416,3430413823,0,69
2841519417,2841519429,0,57
2841519417,2841519414,0,67
2841519417,2841519297,0,73
2841519418,3001623628,0,67
2841519418,2841519415,0,72
2841519418,3430413824,0,95
2841519418,2841519487,0,76
2841519419,3430413826,0,65
2841519419,2841519409,0,70
2841519419,2841519438,0,53
2841519421,7904246780,0,61
2841519421,3430413826,0,52
2841519421,2841519452,0,50
2841519422,3775191406,0,53
2841519422,2841519408,0,92
2841519422,2841519401,0,97
2841519423,2841519300,0,70
2841519423,2841519428,0,63
2841519423,3430413829,0,68
2841519424,3001619213,0,80
2841519424,2841519453,0,67
2841519424,2841519299,0,88
2841519424,2841519469,0,56
2841519426,2841519442,0,77
2841519426,2841519411,0,61
2841519426,2841519405,0,66
2841519428,2841519472,0,81
2841519428,2841519430,0,73
2841519428,2841519423,0,71
2841519429,7904195848,0,69
2841519429,2841519417,0,57
2841519429,2841519450,0,56
2841519430,2841519474,0,92
2841519430,2841519433,0,50
2841519430,2841519428,0,93
2841519432,2841519482,0,85
2841519432,2841519437,0,99
2841519432,3430413824,0,58
2841519433,2841519436,0,71
2841519433,2841519430,0,73
2841519433,2841519475,0,97
2841519434,2841519436,0,73
2841519434,2841519411,0,97
2841519434,2841519441,0,99
2841519436,2841519483,0,87
2841519436,2841519434,0,83
2841519436,2841519433,0,88
2841519437,2841519413,0,73
2841519437,2841519432,0,65
2841519437,2841519499,0,91
2841519438,2841519447,0,67
2841519438,2841519419,0,63
2841519438,7904246777,0,87
2841519439,2841519450,0,74
2841519439,3775191406,0,55
2841519439,2841519414,0,56
2841519441,2841519486,0,58
2841519441,2841519445,0,90
2841519441,2841519434,0,97
2841519442,2841519451,0,88
2841519442,2837286607,0,57
2841519442,2841519426,0,52
2841519443,2841519456,0,87
2841519443,7904195848,0,91
2841519443,2841519462,0,62
2841519444,2841519415,0,62
2841519444,2841519464,0,95
2841519444,3430413825,0,78
2841519445,2841519441,0,56
2841519445,2841519488,0,54
2841519445,2841519496,0,84
2841519445,2841519448,0,89
2841519447,2841519461,0,71
2841519447,2841519438,0,69
2841519447,3430413826,0,96
2841519447,2841519457,0,80
2841519448,2841519530,0,98
2841519448,2841519451,0,62
2841519448,2841519445,0,84
2841519449,2841519459,0,96
2841519449,2841519457,0,59
2841519449,7904246777,0,52
2841519450,2841519462,0,58
2841519450,2841519439,0,62
2841519450,2841519429,0,76
2841519451,2841519442,0,85
2841519451,2841519540,0,95
2841519451,2841519448,0,66
2841519452,3430413826,0,98
2841519452,2841519421,0,85
2841519452,2841519461,0,72
2841519453,2841519464,0,73
2841519453,2841519424,0,78
2841519453,3430413825,0,90
2841519453,2841519469,0,95
2841519456,2841519459,0,57
2841519456,2841519443,0,77
2841519456,2841519470,0,54
2841519457,2841519447,0,80
2841519457,2841519449,0,76
2841519457,7904246776,0,83
2841519459,2841519456,0,82
2841519459,2841519449,0,100
2841519459,2841519476,0,51
2841519461,7904246776,0,60
2841519461,2841519447,0,88
2841519461,2841519452,0,67
2841519462,2841519470,0,94
2841519462,2841519450,0,58
2841519462,2841519443,0,68
2841519464,2841519453,0,52
2841519464,2841519444,0,86
2841519464,2841519484,0,53
2841519466,3001619223,0,100
2841519466,2841519296,0,94
2841519466,3430413829,0,62
2841519467,2841519482,0,97
2841519467,2841519481,0,75
2841519467,3430413824,0,81
2841519468,3775288114,0,93
2841519468,7904050168,0,84
2841519468,2841519491,0,82
2841519469,2841519453,0,54
2841519469,2841519484,0,60
2841519469,2841519424,0,78
2841519470,3775191433,0,98
2841519470,2841519462,0,82
2841519470,2841519456,0,74
2841519471,2841519472,0,85
2841519471,3430413829,0,99
2841519471,2841519508,0,74
2841519472,2841519474,0,75
2841519472,2841519471,0,88
2841519472,2841519428,0,67
2841519473,2841519525,0,63
2841519473,6866111149,0,61
2841519473,6866111158,0,50
2841519474,2841519475,0,60
2841519474,2841519472,0,86
2841519474,2841519430,0,63
2841519474,2841519512,0,87
2841519475,2841519474,0,94
2841519475,7919737199,0,50
2841519475,2841519433,0,100
2841519476,7904246776,0,82
2841519476,2841519459,0,79
2841519476,3775191433,0,82
2841519478,2841519533,0,95
2841519478,7920095717,0,96
2841519478,6866111158,0,83
2841519481,2841519493,0,66
2841519481,2841519492,0,69
2841519481,2841519467,0,64
2841519482,2841519432,0,68
2841519482,2841519493,0,95
2841519482,2841519467,0,67
2841519483,2841519436,0,85
2841519483,2841519486,0,57
2841519483,7919737199,0,60
2841519484,2841519469,0,64
2841519484,2841519487,0,52
2841519484,2841519464,0,84
2841519486,2841519441,0,65
2841519486,2841519488,0,68
2841519486,2841519483,0,52
2841519487,3001619218,0,90
2841519487,2841519484,0,59
2841519487,2841519418,0,67
2841519488,2841519486,0,58
2841519488,2841519445,0,67
2841519488,2841519496,0,100
2841519490,2841519494,0,53
2841519490,7919737199,0,91
2841519490,2841519517,0,65
2841519491,2841519468,0,63
2841519491,2841519505,0,84
2841519491,7904050165,0,57
2841519492,3001619219,0,50
2841519492,2841519481,0,91
2841519492,2841519513,0,72
2841519493,2841519482,0,90
2841519493,2841519481,0,88
2841519493,2841519499,0,73
2841519494,2841519507,0,70
2841519494,2841519519,0,55
2841519494,2841519490,0,95
2841519496,2841519519,0,85
2841519496,2841519445,0,66
2841519496,2841519488,0,96
2841519498,1880443277,0,58
2841519498,3775288119,0,76
2841519498,2841519502,0,89
2841519499,2841519493,0,68
2841519499,2841519513,0,70
2841519499,2841519437,0,53
2841519501,7919041383,0,90
2841519501,2841519527,0,50
2841519502,3001619220,0,72
2841519502,2841519520,0,64
2841519502,2841519498,0,96
2841519503,2841519518,0,67
2841519503,2841519508,0,61
2841519503,3430413829,0,66
2841519505,2841519550,0,51
2841519505,2841519491,0,84
2841519505,7904172443,0,92
2841519507,2841519494,0,99
2841519507,2841519523,0,99
2841519507,2841519542,0,87
2841519508,2841519471,0,56
2841519508,2841519512,0,96
2841519508,2841519503,0,97
2841519512,2841519508,0,94
2841519512,2841519474,0,74
2841519512,2841519517,0,91
2841519513,3001619221,0,66
2841519513,2841519499,0,90
2841519513,2841519492,0,90
2841519514,3001619219,0,88
2841519514,5446790772,0,85
2841519516,2841519521,0,63
2841519516,1880443277,0,78
2841519516,3775288122,0,64
2841519517,2841519541,0,70
2841519517,2841519490,0,67
2841519517,2841519512,0,63
2841519518,2841519503,0,87
2841519518,2841519538,0,90
2841519518,2841519541,0,98
2841519519,2841519496,0,75
2841519519,2841519530,0,59
2841519519,2841519494,0,78
2841519520,2841519539,0,64
2841519520,2841519524,0,96
2841519520,2841519502,0,96
2841519520,7904050165,0,77
2841519521,2841519516,0,73
2841519521,3001619224,0,59
2841519521,2841519536,0,80
2841519523,2841519551,0,55
2841519523,2841519507,0,81
2841519523,2841519537,0,61
2841519524,2841519576,0,79
2841519524,2841519529,0,61
2841519524,2841519520,0,61
2841519525,2841519473,0,62
2841519525,2841519533,0,86
2841519525,7919237987,0,81
2841519525,7919221084,0,96
2841519527,7919221083,0,61
2841519527,7919237995,0,91
2841519529,7904172441,0,68
2841519529,2841519524,0,51
2841519529,3001619222,0,69
2841519530,2841519448,0,60
2841519530,2841519540,0,61
2841519530,2841519519,0,75
2841519533,2841519478,0,93
2841519533,7920095716,0,88
2841519533,2841519525,0,62
2841519533,7919221084,0,54
2841519534,2841519543,0,59
2841519534,2841519552,0,54
2841519534,2837286607,0,77
2841519535,3001619220,0,65
2841519535,2841519548,0,79
2841519535,3775288130,0,91
2841519536,3001619224,0,75
2841519536,2841519552,0,56
2841519536,2841519521,0,96
2841519537,2841519557,0,83
2841519537,3775288124,0,58
2841519537,2841519523,0,96
2841519538,2841519518,0,98
2841519538,3001619227,0,50
2841519538,2841519560,0,88
2841519539,3001619220,0,56
2841519539,2841519520,0,74
2841519539,2841519554,0,74
2841519540,2841519451,0,51
2841519540,2841519543,0,57
2841519540,2841519530,0,50
2841519541,2841519560,0,98
2841519541,2841519517,0,91
2841519541,2841519518,0,52
2841519542,2841519558,0,58
2841519542,2841519507,0,65
2841519542,2841519551,0,99
2841519543,2841519558,0,55
2841519543,2841519534,0,67
2841519543,2841519540,0,59
2841519547,7919260306,0,90
2841519547,7919260296,0,88
2841519547,7919260297,0,50
2841519547,7919260333,0,100
2841519548,2841519577,0,50
2841519548,2841519535,0,100
2841519548,2841519554,0,56
2841519550,2841519505,0,84
2841519550,3775288126,0,97
2841519550,3775288123,0,71
2841519550,2841519566,0,95
2841519551,2841519523,0,55
2841519551,2841519557,0,62
2841519551,2841519542,0,58
2841519552,2841519569,0,80
2841519552,2841519534,0,98
2841519552,2841519536,0,86
2841519552,2841519559,0,78
2841519554,2841519539,0,60
2841519554,2841519571,0,69
2841519554,2841519548,0,71
2841519556,2841519589,0,80
2841519556,3774471477,0,59
2841519556,7919221076,0,65
2841519557,2841519537,0,53
2841519557,2841519551,0,84
2841519557,3775288131,0,94
2841519558,2841519593,0,67
2841519558,2841519543,0,90
2841519558,2841519574,0,84
2841519558,2841519542,0,57
2841519559,2841519582,0,51
2841519559,2841519574,0,52
2841519559,2841519552,0,56
2841519560,2841519570,0,84
2841519560,2841519538,0,68
2841519560,3001619228,0,56
2841519560,2841519541,0,82
2841519562,2841519752,0,76
2841519563,3776303937,0,59
2841519563,3776303941,0,50
2841519563,3001623533,0,64
2841519566,3775288137,0,51
2841519566,2841519550,0,64
2841519566,3001619222,0,77
2841519569,3001619224,0,74
2841519569,2841519582,0,59
2841519569,2841519575,0,72
2841519569,2841519552,0,91
2841519570,3775288124,0,68
2841519570,2841519580,0,64
2841519570,2841519560,0,93
2841519571,2841519554,0,74
2841519571,2841519581,0,93
2841519571,2841519576,0,95
2841519572,7919193285,0,57
2841519572,2841519595,0,81
2841519573,2841519583,0,60
2841519573,7904172446,0,57
2841519573,7904172447,0,64
2841519573,3775288136,0,56
2841519574,2841519558,0,68
2841519574,2841519584,0,72
2841519574,2841519591,0,54
2841519574,2841519559,0,89
2841519575,2841519578,0,71
2841519575,2841519569,0,57
2841519575,2841519731,0,73
2841519576,2841519524,0,55
2841519576,2841519579,0,52
2841519576,2841519571,0,88
2841519577,3775288130,0,59
2841519577,2841519548,0,61
2841519577,2841519588,0,77
2841519578,2841519588,0,83
2841519578,2841519575,0,71
2841519578,2841519597,0,88
2841519579,2841519587,0,61
2841519579,2841519576,0,93
2841519579,3775288127,0,77
2841519580,2841519593,0,59
2841519580,2841519570,0,92
2841519580,3775288131,0,93
2841519581,2841519571,0,69
2841519581,2841519600,0,89
2841519581,2885138340,0,68
2841519582,2841519569,0,72
2841519582,2841519599,0,56
2841519582,2841519559,0,67
2841519583,2841519573,0,81
2841519583,3775288141,0,92
2841519583,3775288133,0,73
2841519584,2841519710,0,66
2841519584,2841519574,0,95
2841519584,2841519590,0,54
2841519585,3775288133,0,100
2841519585,2841519707,0,50
2841519585,2841519594,0,59
2841519587,2841519579,0,99
2841519587,3775288132,0,91
2841519587,2885138340,0,59
2841519588,2841519600,0,70
2841519588,2841519578,0,59
2841519588,2841519577,0,74
2841519589,2841519556,0,78
2841519589,7919174383,0,96
2841519589,2841519720,0,100
2841519590,2841519584,0,100
2841519590,2841519599,0,80
2841519590,3430413839,0,54
2841519591,2841519710,0,57
2841519591,2841519701,0,86
2841519591,2841519574,0,77
2841519593,2841519558,0,96
2841519593,2841519580,0,67
2841519593,7979513726,0,59
2841519594,3775288141,0,55
2841519594,2841519719,0,70
2841519594,2841519585,0,58
2841519595,7919237985,0,61
2841519595,2841519761,0,99
2841519597,2841519715,0,74
2841519597,2841519578,0,72
2841519597,2841519713,0,70
2841519599,2841519582,0,81
2841519599,7904471549,0,77
2841519599,2841519590,0,80
2841519600,2841519581,0,94
2841519600,2841519715,0,76
2841519600,2841519704,0,88
2841519600,2841519588,0,100
2841519701,2841519708,0,90
2841519701,2841519591,0,71
2841519701,3430413835,0,58
2841519702,3001619230,0,91
2841519703,2841519707,0,65
2841519703,3775288143,0,74
2841519703,3775288137,0,76
2841519704,2841519709,0,85
2841519704,2841519600,0,81
2841519704,2841519772,0,84
2841519706,3776303952,0,84
2841519706,7919170749,0,81
2841519706,3776308657,0,84
2841519707,2841519719,0,84
2841519707,2841519703,0,64
2841519707,2841519585,0,74
2841519708,2841519701,0,55
2841519708,2841519744,0,87
2841519708,7919221069,0,95
2841519709,2841519722,0,76
2841519709,2841519704,0,83
2841519709,2841519727,0,86
2841519710,2841519591,0,99
2841519710,2841519584,0,94
2841519710,3430413835,0,97
2841519713,2841519597,0,64
2841519713,2841519725,0,94
2841519713,3775288145,0,55
2841519715,2841519600,0,65
2841519715,2841519732,0,73
2841519715,2841519597,0,50
2841519716,3775193602,0,63
2841519719,2841519723,0,51
2841519719,2841519707,0,73
2841519719,3775288144,0,85
2841519719,2841519594,0,80
2841519720,7919174382,0,58
2841519720,2841519589,0,57
2841519720,2841519759,0,53
2841519721,3775193598,0,72
2841519722,2841519729,0,73
2841519722,2841519709,0,99
2841519722,2885138340,0,58
2841519723,2841519719,0,68
2841519723,3775288141,0,79
2841519723,2841519754,0,59
2841519725,2841519739,0,85
2841519725,2841519713,0,76
2841519725,2841519732,0,65
2841519727,2841519753,0,63
2841519727,2841519709,0,64
2841519727,2841519746,0,53
2841519728,3001619230,0,97
2841519728,3001623533,0,58
2841519729,2841519735,0,57
2841519729,2841519722,0,94
2841519729,3775288134,0,95
2841519731,2841519575,0,59
2841519731,3775288145,0,74
2841519731,7904471549,0,96
2841519732,2841519715,0,51
2841519732,2841519763,0,94
2841519732,2841519725,0,77
2841519735,2841519743,0,73
2841519735,2841519729,0,53
2841519735,2841519753,0,94
2841519735,3775288143,0,56
2841519736,2841519742,0,92
2841519736,7919260308,0,87
2841519736,2841519830,0,54
2841519739,2841519725,0,80
2841519740,7904471549,0,88
2841519740,2841519758,0,60
2841519740,2841519771,0,51
2841519742,7919260295,0,59
2841519742,2841519736,0,73
2841519742,2841519838,0,59
2841519743,2841519751,0,55
2841519743,2841519735,0,65
2841519743,2841519765,0,54
2841519744,3430413839,0,50
2841519744,2841519708,0,86
2841519744,3430413835,0,76
2841519744,2841519750,0,59
2841519745,2841519755,0,98
2841519746,2841519727,0,61
2841519746,2841519778,0,80
2841519746,3775288146,0,97
2841519750,2841519744,0,58
2841519750,7979513719,0,97
2841519751,2841519762,0,83
2841519751,2841519743,0,94
2841519751,3775288144,0,69
2841519752,3001623533,0,80
2841519752,2841519562,0,76
2841519752,5446790670,0,96
2841519753,2841519727,0,71
2841519753,2841519775,0,78
2841519753,2841519735,0,100
2841519754,7904172458,0,91
2841519754,2841519723,0,94
2841519754,2841519762,0,50
2841519755,2841519777,0,68
2841519755,3775193599,0,57
2841519755,2841519745,0,59
2841519757,3430413839,0,53
2841519757,2841519774,0,91
2841519757,2841519750,0,52
2841519758,2841519740,0,88
2841519758,3001623534,0,98
2841519758,2841519788,0,61
2841519758,3430413839,0,82
2841519759,7919174381,0,60
2841519759,2841519796,0,50
2841519759,2841519720,0,75
2841519761,2841519782,0,77
2841519761,2841519798,0,93
2841519762,2841519751,0,79
2841519762,2841519754,0,85
2841519762,2841519781,0,95
2841519763,2841519732,0,66
2841519763,2841519772,0,86
2841519763,2841519793,0,82
2841519765,2841519781,0,69
2841519765,2841519783,0,95
2841519765,2841519743,0,64
2841519768,2841519775,0,77
2841519768,3775288146,0,60
2841519768,3775293563,0,67
2841519771,2841519740,0,55
2841519772,2841519704,0,83
2841519772,2841519778,0,74
2841519772,2841519763,0,58
2841519774,2841519757,0,97
2841519774,2841519805,0,63
2841519774,3775288151,0,75
2841519775,2841519783,0,89
2841519775,2841519768,0,53
2841519775,3775288154,0,64
2841519775,2841519753,0,75
2841519777,2841519755,0,61
2841519777,3775193585,0,97
2841519777,2841519828,0,85
2841519778,3775288148,0,88
2841519778,2841519772,0,54
2841519778,2841519746,0,94
2841519778,2841519793,0,79
2841519780,7919321005,0,80
2841519780,7919321040,0,70
2841519780,7919321009,0,91
2841519781,2841519765,0,91
2841519781,2841519762,0,75
2841519781,3775288149,0,74
2841519782,2841519795,0,60
2841519782,2841519761,0,53
2841519782,7919321021,0,73
2841519783,2841519789,0,91
2841519783,2841519775,0,77
2841519783,2841519765,0,62
2841519786,2841519812,0,67
2841519788,2841519758,0,56
2841519789,2841519826,0,56
2841519789,3775288149,0,54
2841519789,2841519783,0,73
2841519793,3775288150,0,88
2841519793,2841519778,0,99
2841519793,3001623536,0,71
2841519793,2841519763,0,51
2841519794,3776308662,0,65
2841519795,2841519782,0,68
2841519795,7919237996,0,60
2841519795,7919321020,0,84
2841519796,2841519802,0,56
2841519796,2841519759,0,54
2841519796,5446790672,0,63
2841519798,7919174381,0,88
2841519798,7919075898,0,50
2841519799,2841519810,0,98
2841519799,7919321005,0,69
2841519799,2841519879,0,62
2841519799,7919260331,0,85
2841519802,2841519860,0,62
2841519802,2841519796,0,90
2841519802,2841519811,0,52
2841519805,2841519841,0,65
2841519805,2841519774,0,67
2841519805,7919170744,0,55
2841519806,2841519812,0,86
2841519807,3775193623,0,86
2841519807,3775193626,0,52
2841519807,3775193619,0,86
2841519810,2841519818,0,100
2841519810,2841519799,0,80
2841519810,2841519877,0,52
2841519811,2841519867,0,53
2841519811,2841519802,0,70
2841519811,7919174380,0,55
2841519812,2841519786,0,69
2841519812,2841519806,0,50
2841519812,2841519816,0,72
2841519815,5446790671,0,98
2841519816,2841519868,0,68
2841519816,2841519812,0,75
2841519816,2841519822,0,82
2841519816,7903994524,0,62
2841519817,3001623535,0,70
2841519817,2841519827,0,98
2841519818,2841519825,0,75
2841519818,2841519810,0,96
2841519818,7919260320,0,72
2841519818,7919260319,0,58
2841519819,3775193602,0,94
2841519819,2841519842,0,93
2841519819,2841519881,0,56
2841519822,3775193622,0,71
2841519822,7904195851,0,76
2841519822,2841519816,0,97
2841519822,7903994523,0,82
2841519825,2841519836,0,56
2841519825,2841519818,0,82
2841519825,2841520016,0,99
2841519826,2841519789,0,59
2841519826,3775293567,0,51
2841519826,3775288149,0,87
2841519827,3001623536,0,100
2841519827,2841519845,0,74
2841519828,3775193629,0,80
2841519828,3775193625,0,87
2841519828,3775193632,0,52
2841519828,2841519777,0,68
2841519830,2841519736,0,60
2841519834,3775193624,0,59
2841519836,2841519851,0,93
2841519836,2841519825,0,79
2841519836,2841520029,0,55
2841519838,2841519742,0,90
2841519841,2841519805,0,55
2841519841,2841519843,0,95
2841519842,3775193633,0,64
2841519842,3775193629,0,63
2841519842,2841519819,0,93
2841519843,2841519848,0,91
2841519843,2841519841,0,59
2841519845,2841519854,0,99
2841519845,3001623539,0,95
2841519845,2841519855,0,60
2841519848,2841519863,0,82
2841519848,2841519866,0,83
2841519848,2841519843,0,96
2841519849,2841519850,0,88
2841519849,7919791487,0,91
2841519849,2841519888,0,83
2841519850,2841519849,0,99
2841519851,2841519869,0,71
2841519851,2841519836,0,78
2841519851,5446790681,0,100
2841519854,3001623540,0,58
2841519854,2841519871,0,71
2841519855,3776308701,0,68
2841519855,2841519883,0,73
2841519855,3775293561,0,89
2841519855,2841519845,0,77
2841519860,2841519802,0,52
2841519860,5446790673,0,95
2841519860,2841519867,0,99
2841519863,2841519885,0,93
2841519863,2841519848,0,74
2841519863,2841519878,0,65
2841519866,2841519874,0,63
2841519866,2841519848,0,89
2841519866,2841519885,0,88
2841519867,5446790674,0,54
2841519867,2841519811,0,59
2841519867,2841519860,0,86
2841519867,2841519872,0,90
2841519868,2841519816,0,81
2841519868,2841519875,0,56
2841519868,2841520009,0,50
2841519869,2841519851,0,59
2841519869,7919791504,0,99
2841519869,3774471489,0,69
2841519871,2837286673,0,85
2841519871,3775293574,0,100
2841519871,2841519889,0,55
2841519872,5446790675,0,81
2841519872,2841519867,0,56
2841519872,5446790770,0,79
2841519873,2841520040,0,70
2841519873,2841519883,0,60
2841519873,3776308698,0,68
2841519874,2841520007,0,60
2841519874,2841519882,0,54
2841519874,2841519866,0,67
2841519875,7904195851,0,86
2841519875,2841519868,0,73
2841519875,3775193646,0,72
2841519877,2841519810,0,55
2841519878,2841519895,0,54
2841519878,2841519863,0,61
2841519879,2841519799,0,95
2841519881,3775193633,0,99
2841519881,3001623543,0,79
2841519881,2841519819,0,66
2841519882,2841519888,0,80
2841519882,2841519874,0,66
2841519882,2841519893,0,98
2841519883,2841519873,0,78
2841519883,2841520032,0,91
2841519883,2841519855,0,58
2841519884,5446765691,0,57
2841519884,3775193651,0,86
2841519884,3775193589,0,81
2841519885,2841519863,0,52
2841519885,2841519866,0,73
2841519885,2841519895,0,68
2841519888,2841519890,0,75
2841519888,2841519882,0,76
2841519888,2841519849,0,89
2841519889,3776308701,0,93
2841519889,2841520005,0,58
2841519889,3776308723,0,78
2841519889,2841519871,0,73
2841519890,2841519900,0,82
2841519890,2841519894,0,89
2841519890,2841519888,0,70
2841519893,2841519897,0,73
2841519893,2841519882,0,55
2841519893,2841520011,0,93
2841519894,2841519898,0,76
2841519894,2841519890,0,82
2841519894,2841520024,0,78
2841519895,2841519878,0,66
2841519895,2841519885,0,93
2841519895,2841520003,0,52
2841519896,7904195850,0,89
2841519896,3775193650,0,91
2841519896,3775193866,0,53
2841519897,2841520019,0,97
2841519897,2841519900,0,100
2841519897,2841519893,0,65
2841519898,2841520008,0,94
2841519898,2841520006,0,85
2841519898,2841519894,0,50
2841519900,2841519897,0,59
2841519900,3001623629,0,56
2841519900,2841519890,0,68
2841520003,2841520007,0,74
2841520003,2841519895,0,60
2841520003,2841520018,0,86
2841520004,2841520014,0,75
2841520004,3776308698,0,54
2841520004,3775293577,0,64
2841520005,2841520012,0,74
2841520005,2841519889,0,79
2841520005,3776308721,0,92
2841520005,3776308709,0,55
2841520006,2841520021,0,72
2841520006,3775293579,0,79
2841520006,2841519898,0,79
2841520007,2841520011,0,91
2841520007,2841520003,0,84
2841520007,2841519874,0,79
2841520007,2841520042,0,56
2841520008,2841520021,0,55
2841520008,2841519898,0,61
2841520008,3776308722,0,96
2841520009,2841520049,0,56
2841520009,3775193653,0,75
2841520009,2841519868,0,99
2841520009,3775193873,0,77
2841520010,2841520048,0,62
2841520010,3776308721,0,75
2841520010,3776308717,0,71
2841520011,2841520007,0,54
2841520011,2841519893,0,70
2841520011,2841520051,0,71
2841520011,2841520019,0,88
2841520012,2841520065,0,81
2841520012,2841520020,0,63
2841520012,2841520005,0,94
2841520013,3430413845,0,97
2841520013,2841520022,0,80
2841520013,3775293579,0,57
2841520014,3776308698,0,67
2841520014,2841520034,0,79
2841520014,2841520004,0,52
2841520016,2841519825,0,84
2841520018,2841520003,0,59
2841520018,2841520025,0,80
2841520019,2841519897,0,59
2841520019,3001623629,0,90
2841520019,2841520011,0,63
2841520020,3776308723,0,70
2841520020,2841520012,0,86
2841520020,3001623548,0,52
2841520021,2841520008,0,88
2841520021,2841520006,0,99
2841520021,3776308727,0,74
2841520022,2841520034,0,53
2841520022,2841520013,0,73
2841520022,2841520038,0,100
2841520023,2841520082,0,77
2841520023,2841520028,0,80
2841520023,3776308723,0,63
2841520024,2841520039,0,53
2841520024,2841519894,0,63
2841520024,2841520030,0,51
2841520024,3001623629,0,98
2841520025,2841520018,0,93
2841520025,2841520037,0,77
2841520027,7919321034,0,67
2841520027,5446790676,0,66
2841520028,7904195836,0,90
2841520028,2841520036,0,61
2841520028,2841520023,0,55
2841520029,2841519836,0,59
2841520030,3776308722,0,54
2841520030,2841520041,0,67
2841520030,2841520024,0,75
2841520032,3776308728,0,55
2841520032,3430413846,0,69
2841520032,2841519883,0,95
2841520034,2841520014,0,78
2841520034,2841520040,0,76
2841520034,2841520022,0,83
2841520035,3001623545,0,63
2841520035,7904246756,0,92
2841520036,2841520212,0,66
2841520036,2841520043,0,61
2841520036,2841520028,0,53
2841520037,2841520042,0,55
2841520037,2841520025,0,77
2841520038,2841520073,0,71
2841520038,2841520022,0,98
2841520038,2841520058,0,69
2841520039,2841520057,0,60
2841520039,3001623546,0,62
2841520039,2841520024,0,72
2841520040,2841519873,0,76
2841520040,3430413846,0,80
2841520040,2841520034,0,80
2841520041,3776308727,0,84
2841520041,2841520057,0,94
2841520041,2841520030,0,100
2841520041,3430413845,0,60
2841520042,2841520007,0,94
2841520042,2841520037,0,77
2841520042,2841520051,0,72
2841520043,2841520036,0,94
2841520043,3775193880,0,86
2841520043,2837286673,0,74
2841520048,3776308728,0,50
2841520048,2841520010,0,85
2841520048,2841520069,0,100
2841520049,2841520009,0,88
2841520049,3997971814,0,62
2841520049,3001623550,0,54
2841520051,2841520011,0,96
2841520051,2841520063,0,92
2841520051,2841520042,0,87
2841520055,2841520065,0,89
2841520055,3776308721,0,59
2841520055,3430413848,0,70
2841520056,2841520063,0,92
2841520057,2841520039,0,96
2841520057,2841520041,0,97
2841520057,2841520072,0,97
2841520058,2841520038,0,96
2841520058,2841520210,0,70
2841520058,2841520066,0,50
2841520060,3430413847,0,59
2841520060,3001623629,0,79
2841520060,2841520064,0,59
2841520061,3001623547,0,81
2841520061,2841520081,0,70
2841520062,2841520075,0,57
2841520062,2841520072,0,100
2841520062,3001623546,0,93
2841520063,2841520051,0,76
2841520063,2841520056,0,66
2841520063,2841520068,0,83
2841520064,2841520075,0,96
2841520064,3001623546,0,50
2841520064,2841520060,0,78
2841520065,2841520012,0,58
2841520065,3001623548,0,90
2841520065,2841520055,0,78
2841520066,2841520220,0,90
2841520066,2841520074,0,87
2841520066,2841520058,0,56
2841520068,3776308743,0,52
2841520068,2841520063,0,63
2841520068,3430413847,0,97
2841520069,2841520048,0,62
2841520069,3430413848,0,76
2841520069,3430413846,0,94
2841520070,2841520231,0,84
2841520070,2841520076,0,99
2841520070,2841520224,0,60
2841520070,7904246756,0,88
2841520072,2841520078,0,74
2841520072,2841520062,0,63
2841520072,2841520057,0,72
2841520073,2841520096,0,63
2841520073,2841520038,0,62
2841520073,2841520093,0,93
2841520073,3430413846,0,86
2841520074,2841520207,0,50
2841520074,2841520093,0,73
2841520074,2841520066,0,73
2841520075,2841520064,0,51
2841520075,2841520062,0,69
2841520075,2841520092,0,69
2841520076,2841520100,0,82
2841520076,2841520083,0,57
2841520076,2841520070,0,94
2841520077,2841520085,0,81
2841520077,3430413849,0,91
2841520077,3775193880,0,79
2841520078,2841520202,0,76
2841520078,3430413845,0,76
2841520078,2841520072,0,72
2841520080,3430413847,0,72
2841520080,2841520084,0,84
2841520080,3776308741,0,77
2841520081,3775193891,0,83
2841520081,2841520097,0,98
2841520082,2841520023,0,71
2841520082,7904195836,0,57
2841520082,3001623548,0,61
2841520083,2841520209,0,79
2841520083,2841520091,0,77
2841520083,2841520076,0,73
2841520084,2841520206,0,61
2841520084,2841520080,0,85
2841520084,2841520092,0,88
2841520085,2841520094,0,60
2841520085,2841520077,0,84
2841520085,2841520232,0,77
2841520087,2841520095,0,74
2841520087,3430413848,0,68
2841520087,2841520261,0,92
2841520091,2841520215,0,94
2841520091,2841520097,0,93
2841520091,2841520083,0,77
2841520092,4415614618,0,90
2841520092,2841520075,0,68
2841520092,2841520084,0,94
2841520092,2841520202,0,89
2841520093,3776308740,0,56
2841520093,2841520074,0,55
2841520093,2841520225,0,56
2841520093,2841520073,0,55
2841520094,2841520208,0,91
2841520094,2841520085,0,51
2841520094,2841520221,0,89
2841520095,2841520213,0,76
2841520095,2841520205,0,56
2841520095,2841520087,0,81
2841520095,3001623548,0,97
2841520096,2841520073,0,98
2841520096,3430413848,0,89
2841520096,2841520217,0,84
2841520097,2841520091,0,56
2841520097,2841520219,0,90
2841520097,3775193888,0,78
2841520097,2841520081,0,82
2841520098,2841520211,0,87
2841520098,3430413847,0,52
2841520098,3776308741,0,92
2841520100,2841520209,0,68
2841520100,2841520223,0,76
2841520100,2841520076,0,63
2841520202,2841520230,0,64
2841520202,2841520078,0,99
2841520202,2841520092,0,79
2841520205,7904195836,0,85
2841520205,2841520212,0,74
2841520205,2841520095,0,57
2841520206,2841520084,0,62
2841520206,4415614618,0,80
2841520206,3776308741,0,57
2841520207,2841520074,0,72
2841520207,3430413850,0,100
2841520207,2841520225,0,79
2841520208,2841520214,0,76
2841520208,2841520094,0,91
2841520208,2841520235,0,95
2841520209,2841520083,0,100
2841520209,2841520215,0,97
2841520209,2841520100,0,75
2841520210,2841520220,0,50
2841520210,2841520058,0,73
2841520210,2841520233,0,100
2841520211,3001623552,0,64
2841520211,3776308745,0,82
2841520211,2841520098,0,68
2841520212,2841520036,0,67
2841520212,3430413849,0,92
2841520212,2841520205,0,66
2841520213,2841520242,0,69
2841520213,2841520095,0,100
2841520213,3776308750,0,76
2841520214,2841520224,0,93
2841520214,2841520208,0,65
2841520214,2841520267,0,50
2841520215,2841520091,0,76
2841520215,2841520228,0,52
2841520215,2841520209,0,50
2841520217,3776308740,0,51
2841520217,2841520096,0,59
2841520217,2841520250,0,100
2841520219,2841520249,0,73
2841520219,2841520228,0,83
2841520219,2841520097,0,97
2841520220,2841520066,0,88
2841520220,3430413850,0,70
2841520220,2841520210,0,71
2841520221,2841520094,0,60
2841520221,2841520238,0,86
2841520221,2841520235,0,77
2841520223,2841520245,0,65
2841520223,2841520240,0,85
2841520223,2841520100,0,75
2841520224,2841520231,0,62
2841520224,2841520214,0,89
2841520224,2841520243,0,91
2841520224,2841520070,0,75
2841520225,2841520207,0,53
2841520225,3001623556,0,86
2841520225,2841520093,0,77
2841520228,2841520215,0,58
2841520228,2841520241,0,90
2841520228,2841520219,0,74
2841520230,2841520246,0,96
2841520230,2841520202,0,61
2841520230,4415614618,0,75
2841520231,2841520240,0,70
2841520231,2841520224,0,83
2841520231,2841520070,0,60
2841520232,2841520085,0,77
2841520232,2841520238,0,64
2841520232,3430413849,0,56
2841520233,2841520247,0,95
2841520233,2841520210,0,58
2841520233,2841520255,0,82
2841520235,2841520208,0,57
2841520235,2841520258,0,90
2841520235,2841520221,0,86
2841520238,2841520221,0,100
2841520238,2841520258,0,75
2841520238,2841520232,0,98
2841520240,2841520254,0,90
2841520240,2841520231,0,66
2841520240,2841520223,0,85
2841520241,2841520274,0,60
2841520241,2841520245,0,70
2841520241,2841520228,0,63
2841520242,2841520213,0,55
2841520242,3776308755,0,55
2841520242,2841520265,0,51
2841520242,3430413849,0,77
2841520243,2841520279,0,50
2841520243,2841520224,0,90
2841520243,3775193892,0,99
2841520245,2841520223,0,87
2841520245,2841520268,0,59
2841520245,2841520241,0,51
2841520246,2841520259,0,89
2841520246,2841520230,0,95
2841520246,2841520255,0,84
2841520247,3430413850,0,55
2841520247,2841520272,0,86
2841520247,2841520253,0,74
2841520247,2841520233,0,51
2841520248,2841520281,0,97
2841520248,2841520256,0,96
2841520248,3776308750,0,58
2841520249,3775193893,0,79
2841520249,2841520219,0,90
2841520249,2841520274,0,90
2841520249,3775193888,0,99
2841520250,2841520261,0,72
2841520250,2841520217,0,61
2841520250,3776308756,0,65
2841520251,3775193888,0,91
2841520251,2986597794,0,64
2841520251,3775193891,0,69
2841520253,2841520316,0,62
2841520253,2841520264,0,84
2841520253,2841520247,0,65
2841520254,2841520268,0,96
2841520254,2841520240,0,99
2841520254,2841520279,0,100
2841520255,2841520272,0,74
2841520255,2841520246,0,99
2841520255,2841520233,0,66
2841520256,2841520319,0,92
2841520256,2841520265,0,53
2841520256,2841520248,0,67
2841520258,2841520235,0,55
2841520258,2841520267,0,59
2841520258,2841520238,0,90
2841520259,2841520266,0,51
2841520259,2841520246,0,90
2841520259,3001623554,0,87
2841520261,3776308763,0,56
2841520261,7904195835,0,57
2841520261,2841520250,0,79
2841520261,2841520087,0,88
2841520263,2841520304,0,57
2841520263,2841520276,0,56
2841520263,3776308754,0,59
2841520264,2841520253,0,68
2841520264,2841520285,0,66
2841520264,3001623556,0,61
2841520265,2841520256,0,55
2841520265,2841520329,0,54
2841520265,2841520242,0,81
2841520266,2841520271,0,73
2841520266,2841520259,0,63
2841520266,2841520289,0,75
2841520267,2841520214,0,56
2841520267,2841520275,0,81
2841520267,2841520258,0,100
2841520268,2841520291,0,51
2841520268,2841520254,0,76
2841520268,2841520287,0,54
2841520268,2841520245,0,81
2841520269,2841520290,0,90
2841520269,2841520286,0,54
2841520271,2841520286,0,63
2841520271,2841520266,0,93
2841520271,3001623555,0,76
2841520272,2841520247,0,74
2841520272,2841520289,0,70
2841520272,2841520255,0,90
2841520273,2841520297,0,78
2841520273,3775193892,0,60
2841520273,2841520292,0,61
2841520274,2841520288,0,69
2841520274,2841520241,0,50
2841520274,2841520249,0,61
2841520274,2841520291,0,92
2841520275,3775193892,0,86
2841520275,2841520267,0,90
2841520275,2841520296,0,88
2841520276,2841520263,0,52
2841520276,3776308756,0,57
2841520276,2841520306,0,71
2841520277,2841520283,0,72
2841520277,3776308755,0,80
2841520277,2841520293,0,89
2841520278,2841520294,0,88
2841520278,2841520293,0,84
2841520278,3776308755,0,50
2841520279,2841520243,0,60
2841520279,2841520254,0,83
2841520279,2841520292,0,97
2841520281,2841520248,0,66
2841520281,7904195835,0,57
2841520281,3776308769,0,62
2841520283,2841520301,0,88
2841520283,2841520296,0,51
2841520283,2841520277,0,84
2841520285,3776308766,0,51
2841520285,3776308774,0,83
2841520285,2841520264,0,82
2841520286,2841520310,0,98
2841520286,2841520271,0,59
2841520286,2986597797,0,63
2841520286,2841520269,0,73
2841520287,2841520338,0,57
2841520287,2841520268,0,63
2841520287,2986597799,0,51
2841520288,2841520274,0,70
2841520289,2841520272,0,58
2841520289,2986597797,0,64
2841520289,2841520266,0,55
2841520290,2841520269,0,96
2841520290,2841520299,0,94
2841520291,2841520268,0,58
2841520291,2841520274,0,67
2841520291,2986597799,0,67
2841520292,2841520279,0,80
2841520292,2841520317,0,62
2841520292,2841520273,0,55
2841520293,2841520277,0,72
2841520293,2841520313,0,95
2841520293,2841520301,0,85
2841520293,2841520278,0,91
2841520294,2841520300,0,68
2841520294,2841520278,0,79
2841520294,2984711298,0,97
2841520296,2841520283,0,81
2841520296,2841520275,0,77
2841520296,2841520314,0,82
2841520297,2841520273,0,75
2841520297,2986597811,0,62
2841520297,3001623561,0,66
2841520298,2841520318,0,61
2841520298,3776308763,0,62
2841520298,3776308779,0,93
2841520299,2841520310,0,95
2841520299,2841520290,0,67
2841520300,2841520313,0,75
2841520300,2841520294,0,56
2841520300,2841520344,0,87
2841520301,2841520283,0,100
2841520301,2986597816,0,99
2841520301,2841520309,0,87
2841520301,2841520293,0,69
2841520304,3776308766,0,60
2841520304,2841520263,0,100
2841520304,3776308785,0,63
2841520306,2841520276,0,96
2841520306,2841520325,0,81
2841520306,3776308779,0,77
2841520309,2986597814,0,78
2841520309,2841520314,0,77
2841520309,2841520301,0,88
2841520310,2841520328,0,97
2841520310,2841520286,0,67
2841520310,2841520332,0,70
2841520310,2841520299,0,89
2841520311,2841520318,0,56
2841520311,2841520319,0,88
2841520311,3776308769,0,74
2841520313,2841520300,0,77
2841520313,2841520293,0,62
2841520313,2841520336,0,86
2841520314,2841520296,0,72
2841520314,2841520309,0,73
2841520314,3775193915,0,90
2841520316,2841520253,0,54
2841520316,2986597804,0,78
2841520316,2986597797,0,60
2841520317,3001623561,0,52
2841520317,2841520292,0,82
2841520317,7904246725,0,66
2841520318,2841520298,0,87
2841520318,2841520311,0,76
2841520318,2841520337,0,68
2841520319,2841520256,0,88
2841520319,2841520329,0,91
2841520319,2841520311,0,83
2841520319,2986597824,0,72
2841520325,2841520363,0,75
2841520325,2841520306,0,51
2841520325,2986582816,0,57
2841520328,2841520350,0,61
2841520328,2841520310,0,70
2841520328,2841520359,0,77
2841520329,2841520319,0,100
2841520329,2841520354,0,61
2841520329,2841520265,0,72
2841520330,2986597798,0,65
2841520330,2841520360,0,54
2841520330,3140039601,0,63
2841520331,2986582822,0,92
2841520331,2841520343,0,73
2841520331,2986597804,0,73
2841520332,2986597797,0,59
2841520332,2841520359,0,99
2841520332,2841520345,0,70
2841520332,2841520310,0,57
2841520333,3775193900,0,50
2841520333,2841520341,0,70
2841520333,2841520357,0,94
2841520336,2841520344,0,50
2841520336,2841520313,0,95
2841520336,2986597818,0,71
2841520337,3776308779,0,63
2841520337,2841520318,0,79
2841520337,2841520363,0,86
2841520338,7904246725,0,100
2841520338,7904246731,0,70
2841520338,2841520287,0,64
2841520341,2841520333,0,85
2841520341,2841520348,0,54
2841520341,2841520393,0,74
2841520343,2986582820,0,68
2841520343,2841520347,0,88
2841520343,2841520331,0,63
2841520344,2841520336,0,83
2841520344,2984711298,0,63
2841520344,2841520300,0,56
2841520345,2841520355,0,85
2841520345,2841520332,0,67
2841520345,2986582825,0,95
2841520346,3140039601,0,88
2841520346,2841520398,0,92
2841520346,3775193911,0,54
2841520346,3775193917,0,86
2841520347,3776308785,0,91
2841520347,2841520349,0,76
2841520347,2841520343,0,93
2841520348,2841520341,0,98
2841520348,3775193901,0,77
2841520348,7904246739,0,70
2841520349,2986582819,0,70
2841520349,2986582816,0,62
2841520349,2841520347,0,62
2841520350,2841520372,0,53
2841520350,2841520328,0,81
2841520350,2841520376,0,81
2841520352,2841520383,0,52
2841520352,3775193911,0,67
2841520352,2841520360,0,76
2841520354,2984711298,0,57
2841520354,2841520329,0,57
2841520354,3140039602,0,78
2841520355,2841520345,0,60
2841520355,2986597804,0,88
2841520355,2986582823,0,70
2841520357,2841520371,0,87
2841520357,2841520333,0,74
2841520357,3775193904,0,65
2841520359,2841520332,0,86
2841520359,2841520376,0,51
2841520359,2841520328,0,68
2841520360,2841520330,0,51
2841520360,2841520386,0,91
2841520360,2841520352,0,100
2841520361,2841520371,0,86
2841520361,3775193904,0,50
2841520361,3775193916,0,79
2841520363,2841520325,0,68
2841520363,2841520337,0,58
2841520363,2986597825,0,75
2841520367,2841520370,0,52
2841520367,3775193906,0,84
2841520367,2841520392,0,83
2841520370,2841520427,0,52
2841520370,2841520367,0,71
2841520370,2841520377,0,91
2841520371,2841520361,0,51
2841520371,3430413851,0,54
2841520371,2841520357,0,80
2841520372,2841520350,0,56
2841520372,2841520394,0,76
2841520375,2841520387,0,96
2841520375,3430413851,0,69
2841520375,3775193916,0,67
2841520376,2841520359,0,70
2841520376,2841520394,0,98
2841520376,2841520350,0,72
2841520377,3775193913,0,75
2841520377,2841520437,0,55
2841520377,2841520370,0,85
2841520383,2841520404,0,99
2841520383,2841520352,0,70
2841520383,2841520386,0,81
2841520386,2841520360,0,89
2841520386,2841520383,0,53
2841520386,2841520388,0,75
2841520387,2841520408,0,69
2841520387,2841520375,0,94
2841520387,2841520410,0,79
2841520388,2986597801,0,81
2841520388,2841520386,0,91
2841520388,2841520392,0,57
2841520392,2841520388,0,73
2841520392,2841520367,0,89
2841520392,2841520423,0,56
2841520393,3430413851,0,51
2841520393,3775193921,0,64
2841520393,2841520466,0,53
2841520393,2841520341,0,50
2841520394,2841520376,0,58
2841520394,2841520414,0,56
2841520394,2841520372,0,70
2841520395,2841520468,0,94
2841520395,2986597817,0,96
2841520395,2841520399,0,77
2841520396,2841520398,0,64
2841520396,3775193917,0,60
2841520396,2841520426,0,55
2841520398,2841520346,0,62
2841520398,2841520396,0,96
2841520398,3775193922,0,73
2841520399,2841520458,0,84
2841520399,2841520403,0,50
2841520399,2841520395,0,94
2841520400,2841520502,0,53
2841520400,2841520405,0,66
2841520403,2841520443,0,100
2841520403,2841520407,0,52
2841520403,2841520399,0,57
2841520404,2841520383,0,53
2841520404,3775193922,0,69
2841520404,2841520423,0,54
2841520404,2841520435,0,66
2841520405,2841520421,0,71
2841520405,3001623565,0,94
2841520405,3775193920,0,89
2841520405,2841520400,0,100
2841520407,2841520455,0,74
2841520407,2841520411,0,67
2841520407,2841520403,0,94
2841520408,2841520387,0,60
2841520408,2841520431,0,58
2841520408,3430413851,0,87
2841520410,3775193920,0,79
2841520410,2841520431,0,57
2841520410,2841520387,0,58
2841520410,2841520432,0,70
2841520411,3776308806,0,59
2841520411,2841520407,0,98
2841520411,2841520476,0,87
2841520411,2986597827,0,76
2841520413,2841520439,0,90
2841520413,2986597829,0,78
2841520413,2841520438,0,92
2841520414,2841520394,0,57
2841520414,3776308800,0,83
2841520414,2986582826,0,83
2841520415,2986582819,0,65
2841520415,2986582816,0,86
2841520415,2841520462,0,80
2841520415,2986597830,0,92
2841520421,2841520405,0,81
2841520421,2841520432,0,67
2841520421,3001623568,0,70
2841520422,2841520428,0,99
2841520422,2841520444,0,96
2841520422,7904246726,0,80
2841520423,2841520404,0,64
2841520423,2841520392,0,55
2841520423,2841520452,0,66
2841520424,2841520453,0,99
2841520424,2986582820,0,68
2841520424,2986582819,0,95
2841520426,2841520430,0,55
2841520426,2841520396,0,72
2841520426,11047707341,0,85
2841520427,2841520463,0,65
2841520427,2841520370,0,92
2841520427,2841520437,0,91
2841520428,2986597808,0,97
2841520428,2841520434,0,63
2841520428,2841520422,0,94
2841520428,2841520510,0,54
2841520430,7904246734,0,54
2841520430,2841520435,0,81
2841520430,2841520426,0,53
2841520431,2841520410,0,63
2841520431,2841520457,0,50
2841520431,2841520408,0,92
2841520432,2841520421,0,63
2841520432,2841520410,0,79
2841520432,2841520457,0,74
2841520434,2986597809,0,62
2841520434,2841520446,0,81
2841520434,2841520428,0,56
2841520434,2841520465,0,71
2841520435,3775193933,0,63
2841520435,2841520442,0,87
2841520435,2841520430,0,98
2841520435,2841520404,0,83
2841520437,2841520377,0,82
2841520437,2841520427,0,70
2841520437,3775193924,0,98
2841520438,2841520471,0,69
2841520438,2841520413,0,95
2841520438,2841520462,0,79
2841520438,2986597830,0,91
2841520439,2841520413,0,59
2841520439,2841520471,0,82
2841520439,3776308806,0,56
2841520439,3776308812,0,58
2841520440,2841520449,0,64
2841520440,2986582825,0,73
2841520440,2986582823,0,74
2841520442,2841520445,0,78
2841520442,2841520435,0,89
2841520442,2841520499,0,82
2841520443,2841520403,0,62
2841520444,3775193924,0,99
2841520444,2841520484,0,75
2841520444,2841520422,0,62
2841520445,3775031949,0,54
2841520445,2841520452,0,67
2841520445,2841520442,0,77
2841520446,2986597812,0,60
2841520446,2841520454,0,93
2841520446,2841520434,0,69
2841520446,3775193927,0,86
2841520448,3430413853,0,91
2841520448,3776308811,0,56
2841520448,2986582826,0,59
2841520449,2841520440,0,79
2841520449,2841520475,0,56
2841520449,3430413853,0,97
2841520452,2841520463,0,57
2841520452,2841520445,0,65
2841520452,2841520423,0,51
2841520452,2841520536,0,79
2841520453,2841520475,0,61
2841520453,2841520424,0,67
2841520453,2841520459,0,51
2841520454,2986597813,0,80
2841520454,2841520461,0,92
2841520454,2841520446,0,83
2841520455,2841520407,0,78
2841520456,2841520494,0,72
2841520456,2841520467,0,66
2841520456,3001623566,0,57
2841520457,2841520466,0,85
2841520457,3430413854,0,55
2841520457,2841520431,0,72
2841520457,2841520432,0,77
2841520458,2841520399,0,63
2841520459,2841520453,0,59
2841520459,2841520523,0,75
2841520459,2841520474,0,82
2841520461,2841520468,0,77
2841520461,2841520454,0,82
2841520461,2986597815,0,71
2841520462,2841520438,0,53
2841520462,2841520415,0,78
2841520462,2841520488,0,67
2841520463,2841520427,0,73
2841520463,2841520542,0,56
2841520463,2841520469,0,53
2841520463,2841520452,0,91
2841520465,2841520515,0,74
2841520465,2841520473,0,96
2841520465,2841520434,0,77
2841520466,2841520457,0,62
2841520466,3430413852,0,68
2841520466,2841520537,0,62
2841520466,2841520393,0,75
2841520467,2841520541,0,61
2841520467,3001623630,0,88
2841520467,2841520456,0,67
2841520468,2841520491,0,83
2841520468,2841520395,0,88
2841520468,2841520461,0,81
2841520469,3775193931,0,83
2841520469,2841520481,0,77
2841520469,2841520463,0,56
2841520471,3776308812,0,93
2841520471,2841520438,0,53
2841520471,2841520488,0,91
2841520471,2841520439,0,65
2841520473,2841520479,0,57
2841520473,2841520465,0,64
2841520473,2841520517,0,57
2841520474,2841520495,0,53
2841520474,2841520496,0,52
2841520474,2841520459,0,86
2841520475,2841520449,0,67
2841520475,2841520480,0,65
2841520475,2841520453,0,54
2841520476,2841520492,0,84
2841520476,7904195854,0,56
2841520476,2841520411,0,67
2841520479,2841520527,0,64
2841520479,3775193927,0,89
2841520479,2841520473,0,94
2841520480,2841520475,0,95
2841520480,2841520496,0,75
2841520480,3430413855,0,75
2841520481,3775193934,0,75
2841520481,2841520484,0,56
2841520481,2841520469,0,64
2841520482,2841520486,0,96
2841520482,3001623630,0,94
2841520482,3775031955,0,67
2841520483,3430413852,0,81
2841520483,2841520546,0,63
2841520483,2841520493,0,60
2841520484,2841520481,0,100
2841520484,2841520505,0,63
2841520484,2841520444,0,72
2841520486,3001623573,0,90
2841520486,2841520501,0,68
2841520486,2841520482,0,95
2841520488,2841520471,0,88
2841520488,2841520503,0,68
2841520488,2841520462,0,96
2841520490,7904246734,0,50
2841520490,11047707341,0,56
2841520490,2841520522,0,61
2841520491,2841520497,0,82
2841520491,2841520468,0,94
2841520491,3775193927,0,89
2841520491,7904195855,0,80
2841520492,2841520476,0,97
2841520492,7904195834,0,69
2841520492,3776308815,0,94
2841520493,2841520483,0,65
2841520493,3775193930,0,60
2841520493,2841520561,0,70
2841520494,3001623569,0,93
2841520494,2841520504,0,54
2841520494,2841520456,0,60
2841520495,2841520508,0,61
2841520495,2841520474,0,71
2841520495,2841520511,0,79
2841520496,2841520480,0,59
2841520496,2841520500,0,50
2841520496,2841520474,0,92
2841520497,3775193939,0,80
2841520497,2841520491,0,77
2841520497,2841520512,0,71
2841520499,3775193933,0,51
2841520499,2841520442,0,61
2841520499,2841520522,0,66
2841520500,2841520496,0,54
2841520500,2841520508,0,60
2841520500,3430413856,0,93
2841520501,2841520486,0,98
2841520501,2841520525,0,50
2841520501,3430413854,0,88
2841520502,3001623576,0,72
2841520502,3001623571,0,80
2841520503,3776308812,0,87
2841520503,2841520523,0,50
2841520503,2841520488,0,81
2841520503,2841520607,0,65
2841520504,3001623570,0,80
2841520504,2841520531,0,57
2841520504,2841520494,0,52
2841520505,2841520510,0,51
2841520505,2841520530,0,86
2841520505,2841520484,0,93
2841520508,2841520500,0,68
2841520508,2841520514,0,64
2841520508,2841520495,0,83
2841520510,2841520505,0,82
2841520510,2841520515,0,60
2841520510,2841520428,0,98
2841520511,2841520533,0,59
2841520511,2841520495,0,99
2841520511,2841520540,0,56
2841520512,3775031950,0,56
2841520512,2841520497,0,69
2841520512,3775193936,0,97
2841520512,3775193939,0,71
2841520513,2841520545,0,78
2841520513,3775193931,0,81
2841520513,2841520519,0,97
2841520514,2841520508,0,72
2841520514,2841520533,0,84
2841520514,3430413857,0,66
2841520515,2841520465,0,92
2841520515,2841520510,0,81
2841520515,2841520517,0,66
2841520517,2841520538,0,73
2841520517,2841520473,0,79
2841520517,2841520515,0,50
2841520519,3775193934,0,72
2841520519,2841520556,0,69
2841520519,2841520513,0,95
2841520520,3775031952,0,71
2841520520,7904246762,0,83
2841520520,2841520550,0,99
2841520522,3775031949,0,92
2841520522,2841520499,0,88
2841520522,2841520560,0,80
2841520522,2841520490,0,57
2841520523,2841520459,0,67
2841520523,2841520625,0,93
2841520523,2841520503,0,83
2841520523,2841520540,0,96
2841520525,3001623573,0,90
2841520525,2841520537,0,51
2841520525,2841520501,0,59
2841520527,2841520479,0,76
2841520527,3775193937,0,64
2841520527,2841520543,0,92
2841520530,2841520548,0,59
2841520530,2841520563,0,72
2841520530,2841520505,0,81
2841520531,2841520504,0,51
2841520531,7904246762,0,65
2841520531,2841520541,0,86
2841520533,2841520514,0,97
2841520533,3430413858,0,94
2841520533,2841520511,0,77
2841520533,2841520564,0,73
2841520536,2841520542,0,63
2841520536,2841520452,0,97
2841520536,3775031949,0,55
2841520536,2841520587,0,62
2841520537,2841520525,0,74
2841520537,2841520547,0,90
2841520537,2841520466,0,56
2841520538,2841520543,0,67
2841520538,2841520548,0,90
2841520538,2841520517,0,93
2841520540,2841520511,0,84
2841520540,2841520523,0,78
2841520540,2841520549,0,83
2841520541,2841520467,0,61
2841520541,2841520531,0,66
2841520541,2841520551,0,93
2841520542,2841520545,0,72
2841520542,2841520536,0,71
2841520542,2841520581,0,75
2841520542,2841520463,0,87
2841520543,2841520538,0,76
2841520543,2841520584,0,67
2841520543,2841520527,0,69
2841520545,2841520542,0,62
2841520545,2841520573,0,52
2841520545,2841520513,0,87
2841520545,2841520556,0,83
2841520546,2841520483,0,94
2841520546,2841520558,0,71
2841520546,2841520561,0,89
2841520547,2841520537,0,57
2841520547,2841520558,0,77
2841520547,2841520567,0,100
2841520547,3430413852,0,79
2841520548,2841520538,0,86
2841520548,2841520530,0,100
2841520548,3775044765,0,100
2841520549,3774979076,0,72
2841520549,2841520540,0,68
2841520549,2841520564,0,57
2841520550,2841520562,0,50
2841520550,2841520520,0,81
2841520550,3775044760,0,93
2841520551,3001623630,0,59
2841520551,2841520569,0,79
2841520551,2841520541,0,93
2841520551,3775031955,0,59
2841520553,3775031956,0,83
2841520553,2841520602,0,68
2841520553,3001623571,0,89
2841520556,2841520563,0,85
2841520556,2841520519,0,92
2841520556,2841520545,0,60
2841520557,2841520560,0,69
2841520558,2841520546,0,81
2841520558,2841520547,0,68
2841520558,3131276106,0,54
2841520560,2841520557,0,68
2841520560,2841520522,0,50
2841520560,2841520593,0,79
2841520561,3131276106,0,52
2841520561,2841520546,0,63
2841520561,3775044759,0,68
2841520561,2841520493,0,87
2841520562,3775031952,0,57
2841520562,2841520579,0,53
2841520562,2841520550,0,81
2841520562,2841520583,0,69
2841520563,2841520556,0,50
2841520563,2841520530,0,77
2841520563,3775044765,0,72
2841520564,2841520549,0,92
2841520564,2841520574,0,50
2841520564,2841520533,0,53
2841520564,2841520654,0,66
2841520565,3001623574,0,58
2841520565,3775031955,0,72
2841520565,2841520572,0,68
2841520565,2841520608,0,100
2841520567,2841520592,0,82
2841520567,3001623574,0,92
2841520567,2841520547,0,99
2841520567,2841520588,0,85
2841520569,2841520551,0,59
2841520569,2841520583,0,55
2841520569,3775031952,0,95
2841520572,3001623585,0,67
2841520572,2841520565,0,59
2841520572,2841520578,0,96
2841520573,2841520545,0,62
2841520574,2841520564,0,77
2841520574,2841520582,0,87
2841520574,2841520666,0,55
2841520575,3775031956,0,68
2841520575,2841520590,0,64
2841520575,2841520595,0,52
2841520578,3001623586,0,80
2841520578,2841520572,0,72
2841520578,2841520588,0,65
2841520579,2841520562,0,93
2841520579,2841520595,0,90
2841520579,3775044760,0,74
2841520579,2841520600,0,77
2841520581,2841520542,0,75
2841520582,2841520574,0,56
2841520582,2841520586,0,66
2841520582,3430413858,0,69
2841520583,2841520569,0,88
2841520583,2841520600,0,69
2841520583,2841520562,0,61
2841520584,3775044769,0,86
2841520584,11205029378,0,77
2841520584,2841520543,0,93
2841520586,2841520603,0,70
2841520586,2841520582,0,87
2841520587,2841520536,0,58
2841520588,2841520578,0,93
2841520588,11047695774,0,99
2841520588,2841520567,0,62
2841520588,2841520636,0,66
2841520589,3775044762,0,58
2841520589,3775044771,0,76
2841520589,7904471545,0,85
2841520590,3001623582,0,62
2841520590,2841520575,0,69
2841520590,2841520610,0,69
2841520591,2841520609,0,55
2841520591,2841520602,0,69
2841520591,3001623576,0,86
2841520592,3131276106,0,90
2841520592,2841520606,0,79
2841520592,2841520567,0,84
2841520592,11047695774,0,61
2841520593,3131276106,0,74
2841520593,2841520606,0,100
2841520593,2841520560,0,77
2841520595,2841520579,0,56
2841520595,3001623582,0,58
2841520595,2841520617,0,83
2841520595,2841520575,0,78
2841520598,3775044772,0,94
2841520598,3775044769,0,70
2841520598,3775044764,0,82
2841520600,2841520583,0,93
2841520600,2841520617,0,95
2841520600,2841520579,0,72
2841520600,2841520604,0,79
2841520602,2841520553,0,72
2841520602,2841520610,0,77
2841520602,2841520591,0,79
2841520603,2841520622,0,76
2841520603,2841520586,0,76
2841520604,2841520664,0,79
2841520604,2841520608,0,51
2841520604,2841520600,0,85
2841520606,2841520593,0,51
2841520606,2841520629,0,99
2841520606,2841520626,0,76
2841520606,2841520592,0,55
2841520607,2841520625,0,98
2841520607,2841520503,0,58
2841520607,3774979075,0,89
2841520608,2841520628,0,69
2841520608,3001623585,0,100
2841520608,2841520604,0,65
2841520608,2841520565,0,87
2841520609,2841520591,0,82
2841520609,2841520631,0,73
2841520609,2841520630,0,58
2841520610,2841520630,0,89
2841520610,2841520623,0,84
2841520610,2841520602,0,86
2841520610,2841520590,0,68
2841520613,3775044772,0,53
2841520613,3775044771,0,98
2841520613,7904471544,0,75
2841520617,2841520600,0,58
2841520617,2841520634,0,75
2841520617,2841520595,0,92
2841520622,2841520647,0,50
2841520622,2841520603,0,79
2841520623,2841520648,0,98
2841520623,2841520632,0,83
2841520623,2841520610,0,79
2841520624,2841520645,0,53
2841520624,2841520642,0,55
2841520624,3775044772,0,53
2841520625,2841520523,0,67
2841520625,3774979078,0,91
2841520625,2841520607,0,56
2841520625,3774979076,0,71
2841520626,2841520606,0,88
2841520627,7904471546,0,56
2841520627,7904471544,0,68
2841520627,2841520642,0,86
2841520628,2841520638,0,80
2841520628,2841520608,0,94
2841520628,2841520650,0,71
2841520629,2841520606,0,53
2841520629,11047695774,0,57
2841520629,3775044773,0,97
2841520630,2841520610,0,87
2841520630,2841520651,0,93
2841520630,2841520609,0,82
2841520630,2841520648,0,97
2841520631,2841520609,0,95
2841520631,3775044776,0,53
2841520631,2841520637,0,94
2841520632,2841520643,0,63
2841520632,2841520623,0,83
2841520632,3001623582,0,59
2841520634,2841520617,0,85
2841520634,3001623582,0,97
2841520634,2841520656,0,81
2841520635,2841520653,0,58
2841520635,3001623578,0,64
2841520635,3775044776,0,93
2841520636,3001623586,0,90
2841520636,2841520692,0,59
2841520636,2841520588,0,69
2841520637,2841520691,0,90
2841520637,2841520646,0,69
2841520637,2841520631,0,96
2841520638,2841520628,0,50
2841520638,3001623585,0,81
2841520638,2841520660,0,89
2841520642,2841520624,0,94
2841520642,3430413859,0,62
2841520642,2841520627,0,57
2841520642,2841520659,0,54
2841520643,2841520662,0,50
2841520643,2841520632,0,59
2841520643,2841520656,0,88
2841520645,2841520624,0,57
2841520645,2841520665,0,83
2841520645,3430413859,0,56
2841520646,2841520700,0,65
2841520646,2841520651,0,63
2841520646,2841520637,0,56
2841520647,3774979077,0,80
2841520647,2841520622,0,51
2841520648,2841520630,0,82
2841520648,2841520662,0,78
2841520648,2841520623,0,75
2841520648,2841520661,0,53
2841520650,2841520660,0,57
2841520650,2841520628,0,69
2841520650,3430413860,0,75
2841520651,2841520630,0,80
2841520651,3775044778,0,61
2841520651,2841520661,0,65
2841520651,2841520646,0,84
2841520653,2841520669,0,66
2841520653,2841520635,0,89
2841520653,2841520672,0,93
2841520654,2841520704,0,78
2841520654,3774979076,0,92
2841520654,2841520666,0,89
2841520654,2841520564,0,57
2841520655,2841520708,0,77
2841520655,7904471546,0,59
2841520655,2841520659,0,90
2841520655,2986582827,0,51
2841520656,2841520664,0,61
2841520656,2841520634,0,59
2841520656,2841520673,0,97
2841520656,2841520643,0,92
2841520659,2841520679,0,65
2841520659,2841520655,0,60
2841520659,2841520642,0,82
2841520660,2841520650,0,97
2841520660,2841520638,0,94
2841520660,2841520677,0,84
2841520661,2841520670,0,62
2841520661,2841520651,0,80
2841520661,2841520648,0,80
2841520661,3775044781,0,68
2841520662,2841520643,0,68
2841520662,2841520678,0,92
2841520662,2841520648,0,56
2841520662,2841520673,0,87
2841520664,2841520604,0,81
2841520664,3430413860,0,73
2841520664,2841520656,0,92
2841520665,2841520645,0,67
2841520665,2841520683,0,75
2841520665,2841520682,0,74
2841520666,2841520694,0,94
2841520666,2841520654,0,56
2841520666,2841520674,0,79
2841520666,2841520574,0,76
2841520669,2841520653,0,77
2841520669,3775044776,0,59
2841520669,2841520686,0,51
2841520670,2841520727,0,68
2841520670,3001623591,0,79
2841520670,2841520661,0,57
2841520671,7904195830,0,86
2841520671,3774979075,0,74
2841520671,2841520708,0,50
2841520672,2841520686,0,87
2841520672,2841520653,0,69
2841520672,3001623587,0,52
2841520673,2841520689,0,91
2841520673,2841520662,0,91
2841520673,2841520656,0,92
2841520673,3430413861,0,89
2841520674,3774979083,0,78
2841520674,2841520666,0,52
2841520674,3774979080,0,72
2841520677,2841520660,0,58
2841520677,2841520684,0,79
2841520677,3430413860,0,96
2841520678,2841520697,0,79
2841520678,2841520689,0,67
2841520678,2841520662,0,50
2841520678,3001623591,0,60
2841520679,2841520698,0,72
2841520679,2841520659,0,82
2841520679,3430413859,0,82
2841520679,2841520732,0,63
2841520680,2841520689,0,72
2841520680,3430413862,0,95
2841520680,2841520756,0,83
2841520682,2841520665,0,74
2841520682,2841520685,0,82
2841520682,2841520699,0,54
2841520682,3430413859,0,61
2841520683,2841520665,0,91
2841520683,2841520705,0,59
2841520683,2841520699,0,72
2841520684,3001623586,0,91
2841520684,2841520692,0,96
2841520684,2841520677,0,86
2841520685,2841520751,0,71
2841520685,2841520682,0,79
2841520685,3775044783,0,95
2841520686,2841520672,0,100
2841520686,2841520669,0,58
2841520686,2841520701,0,67
2841520686,2841520691,0,100
2841520689,2841520678,0,98
2841520689,2841520680,0,92
2841520689,2841520673,0,69
2841520689,2841520714,0,75
2841520691,2841520700,0,54
2841520691,2841520637,0,91
2841520691,2841520712,0,80
2841520691,2841520686,0,74
2841520692,2841520636,0,80
2841520692,2841520707,0,88
2841520692,2841520684,0,92
2841520694,2841520666,0,61
2841520694,2841520704,0,86
2841520694,2841520768,0,95
2841520697,2841520720,0,82
2841520697,2841520678,0,99
2841520697,2841520714,0,92
2841520698,2841520703,0,83
2841520698,2841520730,0,66
2841520698,2841520679,0,58
2841520698,3775044783,0,94
2841520699,2841520683,0,70
2841520699,2841520729,0,87
2841520699,2841520682,0,87
2841520700,2841520691,0,72
2841520700,2841520702,0,87
2841520700,2841520646,0,89
2841520700,2841520717,0,75
2841520701,2841520686,0,54
2841520702,2841520700,0,52
2841520702,2841520721,0,51
2841520702,3775044782,0,96
2841520702,2841520726,0,60
2841520703,2841520735,0,64
2841520703,2841520698,0,56
2841520703,2841520719,0,92
2841520704,2841520654,0,56
2841520704,2841520742,0,81
2841520704,2841520694,0,93
2841520705,2841520683,0,80
2841520705,2841520731,0,70
2841520705,2841520729,0,98
2841520707,2841520734,0,64
2841520707,2841520692,0,99
2841520707,3775044800,0,96
2841520707,3430413861,0,100
2841520708,2841520655,0,65
2841520708,2841520741,0,56
2841520708,2841520671,0,61
2841520708,3774979078,0,96
2841520712,2841520691,0,74
2841520714,2841520689,0,98
2841520714,2841520733,0,76
2841520714,2841520697,0,54
2841520717,2841520700,0,53
2841520718,3430413862,0,89
2841520718,2841520724,0,66
2841520718,2841520739,0,57
2841520719,2841520703,0,52
2841520719,2841520725,0,97
2841520719,2841520745,0,54
2841520720,2841520697,0,78
2841520720,2841520733,0,98
2841520720,2841520738,0,73
2841520721,2841520702,0,88
2841520721,2841520727,0,90
2841520721,3775044787,0,51
2841520721,2841520737,0,61
2841520724,2841520718,0,70
2841520724,2841520734,0,56
2841520724,2841520781,0,94
2841520725,3774979097,0,78
2841520725,2841520719,0,74
2841520725,2841520732,0,58
2841520726,2841520702,0,90
2841520727,2841520721,0,86
2841520727,3001623593,0,85
2841520727,2841520670,0,62
2841520727,3775044806,0,62
2841520728,2841520739,0,66
2841520728,3430413862,0,81
2841520728,2841520762,0,78
2841520729,2841520705,0,93
2841520729,3430413863,0,68
2841520729,2841520699,0,64
2841520730,2841520744,0,62
2841520730,2841520698,0,97
2841520730,2841520735,0,60
2841520731,2841520705,0,77
2841520731,2841520747,0,83
2841520731,3430413863,0,100
2841520731,2841520759,0,62
2841520732,2841520725,0,55
2841520732,2841520741,0,87
2841520732,2841520787,0,51
2841520732,2841520679,0,90
2841520733,2841520714,0,92
2841520733,2841520720,0,56
2841520733,2841520750,0,63
2841520734,2841520724,0,52
2841520734,2841520707,0,58
2841520734,3775044807,0,50
2841520735,2841520703,0,73
2841520735,2841520730,0,99
2841520735,2841520745,0,76
2841520737,2841520721,0,86
2841520738,3001623593,0,84
2841520738,2841520750,0,54
2841520738,2841520720,0,71
2841520739,2841520728,0,61
2841520739,2841520718,0,93
2841520739,2841520774,0,96
2841520741,2841520732,0,96
2841520741,2841520708,0,91
2841520741,3430413867,0,83
2841520741,2841520761,0,81
2841520742,2841520767,0,62
2841520742,3774979082,0,63
2841520742,2841520704,0,86
2841520744,2841520764,0,80
2841520744,2841520763,0,82
2841520744,2841520730,0,72
2841520745,2841520764,0,72
2841520745,2841520719,0,89
2841520745,2841520735,0,85
2841520746,3001623593,0,58
2841520747,3430413864,0,54
2841520747,2841520731,0,78
2841520747,2841520765,0,77
2841520749,3775044827,0,90
2841520749,3775044803,0,74
2841520749,3775044813,0,54
2841520749,9887273080,0,86
2841520750,2841520756,0,55
2841520750,2841520738,0,58
2841520750,2841520733,0,100
2841520751,2841520685,0,83
2841520751,3430413863,0,69
2841520751,3775044809,0,56
2841520755,2841520759,0,57
2841520756,2841520680,0,81
2841520756,2841520762,0,64
2841520756,2841520750,0,53
2841520759,3430413866,0,88
2841520759,2841520755,0,84
2841520759,2841520765,0,71
2841520759,2841520731,0,51
2841520761,2841520801,0,64
2841520761,2841520767,0,68
2841520761,2841520741,0,66
2841520762,2841520774,0,74
2841520762,2841520756,0,95
2841520762,2841520728,0,72
2841520763,2841520778,0,54
2841520763,2841520744,0,60
2841520763,3775044809,0,68
2841520763,2841520776,0,54
2841520764,2841520744,0,84
2841520764,2841520776,0,86
2841520764,2841520745,0,65
2841520765,2841520747,0,83
2841520765,3430413868,0,89
2841520765,2841520759,0,82
2841520765,2841520769,0,69
2841520767,2841520742,0,75
2841520767,2841520761,0,89
2841520767,2841520770,0,53
2841520767,2841520804,0,84
2841520768,3430413865,0,94
2841520768,2841520772,0,57
2841520768,2841520694,0,87
2841520769,2841520802,0,80
2841520769,2841520765,0,66
2841520769,2841520773,0,91
2841520770,2841520767,0,51
2841520770,2841520775,0,52
2841520770,2841520810,0,71
2841520772,3774979092,0,76
2841520772,2841520768,0,66
2841520772,2841520777,0,62
2841520773,2841520805,0,71
2841520773,2841520769,0,98
2841520773,2841520780,0,53
2841520774,2841520781,0,58
2841520774,2841520762,0,63
2841520774,2841520739,0,85
2841520775,2841520770,0,96
2841520775,2841520782,0,71
2841520775,2841520811,0,98
2841520776,2841520791,0,92
2841520776,2841520764,0,53
2841520776,2841520763,0,65
2841520776,3774979097,0,81
2841520777,2841520772,0,54
2841520777,7874875927,0,86
2841520778,2841520790,0,89
2841520778,2841520763,0,94
2841520778,3430413864,0,98
2841520778,2841520791,0,52
2841520780,3430413869,0,72
2841520780,3430413864,0,54
2841520780,2841520773,0,76
2841520780,2841520784,0,88
2841520781,2841520786,0,97
2841520781,2841520774,0,89
2841520781,2841520724,0,55
2841520782,2841520775,0,85
2841520782,2841520817,0,80
2841520782,3430413865,0,58
2841520784,2841520816,0,67
2841520784,2841520780,0,96
2841520784,2841520788,0,52
2841520786,2841520781,0,56
2841520786,3775044837,0,52
2841520786,3775044807,0,81
2841520786,3775044903,0,82
2841520787,2841520813,0,64
2841520787,2841520732,0,91
2841520787,3774979097,0,72
2841520787,3430413867,0,77
2841520788,2841520820,0,80
2841520788,2841520784,0,69
2841520788,2841520790,0,100
2841520789,2841520831,0,64
2841520789,3430413865,0,51
2841520789,2841520792,0,53
2841520790,2841520797,0,51
2841520790,2841520778,0,99
2841520790,2841520788,0,100
2841520791,2841520776,0,62
2841520791,2841520807,0,84
2841520791,2841520778,0,88
2841520792,2841520836,0,74
2841520792,2841520789,0,93
2841520792,2841520795,0,93
2841520795,2841520840,0,97
2841520795,2841520792,0,51
2841520795,2841520798,0,85
2841520797,2841520790,0,80
2841520797,2841520807,0,53
2841520797,2841520808,0,74
2841520798,2841520795,0,99
2841520798,3774979102,0,74
2841520798,2841520843,0,94
2841520801,2841520804,0,58
2841520801,2841520761,0,77
2841520801,3430413867,0,94
2841520802,2841520769,0,77
2841520802,2841520805,0,85
2841520802,3430413868,0,58
2841520804,2841520801,0,57
2841520804,2841520767,0,78
2841520804,3774979110,0,57
2841520804,2841520810,0,89
2841520805,2841520773,0,73
2841520805,3430413869,0,72
2841520805,2841520802,0,62
2841520807,2841520797,0,71
2841520807,3774979107,0,77
2841520807,2841520791,0,53
2841520808,2841520827,0,65
2841520808,3775044855,0,64
2841520808,2841520797,0,55
2841520809,2841520826,0,87
2841520809,3430413868,0,50
2841520809,2841520828,0,64
2841520810,2841520811,0,76
2841520810,2841520770,0,97
2841520810,2841520839,0,98
2841520810,2841520804,0,100
2841520811,2841520810,0,84
2841520811,2841520817,0,86
2841520811,2841520775,0,52
2841520811,2841520842,0,50
2841520813,3774979107,0,96
2841520813,2841520787,0,65
2841520813,2841520832,0,53
2841520815,2841520829,0,54
2841520815,7875000076,0,53
2841520815,2841520845,0,58
2841520816,2841520784,0,78
2841520816,2841520820,0,61
2841520816,3430413869,0,68
2841520817,2841520811,0,52
2841520817,2841520822,0,70
2841520817,2841520782,0,72
2841520817,2841520852,0,88
2841520819,2841520857,0,91
2841520819,2841520824,0,65
2841520819,3775044855,0,68
2841520820,2841520788,0,58
2841520820,2841520827,0,88
2841520820,2841520816,0,75
2841520821,3430413866,0,80
2841520821,2841520828,0,92
2841520821,3775044835,0,57
2841520822,2841520817,0,92
2841520822,2841520831,0,54
2841520822,2841520856,0,54
2841520822,3430413865,0,66
2841520823,2841520835,0,84
2841520823,3430413867,0,63
2841520823,2841520854,0,81
2841520824,2841520859,0,95
2841520824,2841520832,0,97
2841520824,2841520819,0,72
2841520826,2841520809,0,64
2841520826,2841520841,0,78
2841520826,3430413869,0,95
2841520826,2841520849,0,69
2841520827,2841520808,0,73
2841520827,2841520820,0,99
2841520827,2841520841,0,85
2841520828,2841520821,0,68
2841520828,2841520849,0,91
2841520828,2841520809,0,65
2841520829,2841520838,0,83
2841520829,2841520815,0,67
2841520829,2841520853,0,70
2841520830,2841520845,0,94
2841520830,7875000076,0,84
2841520830,2841520861,0,82
2841520831,2841520822,0,56
2841520831,3774979113,0,53
2841520831,2841520789,0,72
2841520832,2841520813,0,76
2841520832,2841520854,0,95
2841520832,2841520824,0,89
2841520832,11047764792,0,81
2841520835,2841520823,0,67
2841520835,2841520839,0,55
2841520835,3774979110,0,63
2841520835,3774979125,0,58
2841520836,3774979113,0,83
2841520836,2841520840,0,64
2841520836,2841520792,0,69
2841520838,2841520844,0,97
2841520838,2841520829,0,85
2841520838,2841520892,0,63
2841520839,2841520835,0,57
2841520839,2841520842,0,73
2841520839,2841520881,0,96
2841520839,2841520810,0,100
2841520840,2841520836,0,59
2841520840,2841520843,0,52
2841520840,2841520795,0,65
2841520841,2841520826,0,94
2841520841,3775044860,0,78
2841520841,2841520862,0,91
2841520841,2841520827,0,98
2841520842,2841520839,0,79
2841520842,2841520882,0,57
2841520842,2841520811,0,51
2841520842,2841520852,0,81
2841520843,2841520840,0,52
2841520843,3774979117,0,67
2841520843,2841520860,0,67
2841520843,2841520798,0,87
2841520844,2841520855,0,74
2841520844,2841520838,0,69
2841520844,2841520896,0,55
2841520845,2841520830,0,53
2841520845,2841520870,0,67
2841520845,2841520858,0,89
2841520845,2841520815,0,74
2841520847,2841520860,0,81
2841520847,4415561417,0,51
2841520847,3774979113,0,74
2841520849,2841520828,0,74
2841520849,2841520862,0,78
2841520849,2841520826,0,52
2841520852,2841520856,0,64
2841520852,2841520887,0,63
2841520852,2841520817,0,74
2841520852,2841520842,0,61
2841520853,3774979117,0,92
2841520853,2841520875,0,77
2841520853,2841520829,0,84
2841520854,2841520832,0,53
2841520854,3774979120,0,92
2841520854,2841520823,0,69
2841520855,2841520858,0,52
2841520855,2841520844,0,84
2841520855,2841520879,0,98
2841520856,2841520852,0,72
2841520856,4415561417,0,51
2841520856,2841520891,0,88
2841520856,2841520822,0,98
2841520857,2841520819,0,71
2841520857,3775044860,0,66
2841520857,2841520859,0,98
2841520858,2841520866,0,87
2841520858,2841520855,0,63
2841520858,2841520845,0,98
2841520859,2841520876,0,51
2841520859,2841520824,0,71
2841520859,2841520857,0,96
2841520860,2841520847,0,89
2841520860,2841520843,0,77
2841520860,2841520873,0,77
2841520861,2841520870,0,100
2841520861,2841520830,0,96
2841520861,7875000077,0,97
2841520862,2841520899,0,98
2841520862,2841520849,0,53
2841520862,2841520872,0,56
2841520862,2841520841,0,85
2841520864,7875000077,0,74
2841520864,7875046156,0,96
2841520864,7874875927,0,93
2841520865,4415561417,0,68
2841520865,2841520868,0,84
2841520865,2841520901,0,79
2841520866,2841520858,0,77
2841520866,2841520885,0,86
2841520866,2841520871,0,96
2841520868,2841520865,0,86
2841520868,2841520873,0,99
2841520868,2841520902,0,83
2841520870,2841520861,0,66
2841520870,2841520845,0,60
2841520870,2841520877,0,74
2841520871,2841520874,0,79
2841520871,2841520906,0,97
2841520871,2841520866,0,65
2841520872,2841520890,0,58
2841520872,2841520876,0,50
2841520872,2841520862,0,67
2841520873,2841520868,0,93
2841520873,2841520875,0,67
2841520873,2841520860,0,55
2841520873,2841520907,0,65
2841520874,2841520877,0,99
2841520874,2841520871,0,84
2841520874,2841520908,0,68
2841520875,2841520873,0,71
2841520875,2841520888,0,86
2841520875,2841520853,0,75
2841520876,2841520859,0,52
2841520876,11047764792,0,89
2841520876,2841520872,0,67
2841520877,2841520880,0,73
2841520877,2841520874,0,67
2841520877,2841520910,0,92
2841520877,2841520870,0,66
2841520878,3774979125,0,100
2841520878,2841520886,0,91
2841520878,2841520881,0,99
2841520879,2841520885,0,88
2841520879,2841520889,0,50
2841520879,2841520855,0,57
2841520880,2841520877,0,69
2841520880,3774979123,0,86
2841520880,3774979142,0,92
2841520881,2841520839,0,70
2841520881,2841520882,0,66
2841520881,2841520878,0,61
2841520882,2841520842,0,78
2841520882,2841520887,0,79
2841520882,2841520881,0,51
2841520884,2841520905,0,78
2841520884,3774979134,0,50
2841520884,11047764792,0,79
2841520885,2841520879,0,52
2841520885,2841520895,0,72
2841520885,2841520866,0,80
2841520886,3774979143,0,90
2841520886,2841520878,0,85
2841520886,2841520900,0,63
2841520887,2841520852,0,76
2841520887,2841520891,0,53
2841520887,2841520882,0,87
2841520888,2841520875,0,55
2841520888,2841520892,0,67
2841520888,7875004303,0,89
2841520889,2841520895,0,85
2841520889,2841520898,0,70
2841520889,2841520879,0,54
2841520890,2841520872,0,78
2841520890,2841520905,0,61
2841520890,3775044890,0,66
2841520891,2841520856,0,99
2841520891,3774979143,0,100
2841520891,3774979138,0,67
2841520891,2841520887,0,66
2841520892,2841520838,0,81
2841520892,2841520888,0,58
2841520892,7875004308,0,64
2841520893,2841520899,0,90
2841520895,2841520889,0,61
2841520895,2841520903,0,59
2841520895,2841520885,0,89
2841520896,2841520844,0,91
2841520896,7875004308,0,53
2841520896,2841520898,0,64
2841520898,2841520889,0,57
2841520898,2841520896,0,91
2841520898,7875004306,0,52
2841520899,2841520862,0,61
2841520899,2841520893,0,93
2841520899,3775044883,0,82
2841520900,2841520914,0,78
2841520900,3774979156,0,87
2841520900,2841520886,0,70
2841520900,3774979134,0,52
2841520901,2841520865,0,85
2841520901,2841520902,0,95
2841520901,3774979138,0,64
2841520902,2841520868,0,53
2841520902,2841520907,0,95
2841520902,2841520901,0,66
2841520903,2841520895,0,66
2841520903,7875004306,0,51
2841520903,7875004302,0,93
2841520903,2841520906,0,72
2841520905,2841520890,0,84
2841520905,2841520884,0,95
2841520905,3774979193,0,52
2841520906,2841520871,0,88
2841520906,2841520908,0,65
2841520906,2841520903,0,72
2841520907,2841520902,0,56
2841520907,2841520912,0,54
2841520907,2841520873,0,82
2841520908,2841520874,0,78
2841520908,2841520906,0,57
2841520908,13604809961,0,82
2841520910,2841520877,0,54
2841520910,13604809961,0,65
2841520910,2841520911,0,63
2841520911,3774979142,0,70
2841520911,2841520926,0,86
2841520911,2841520910,0,73
2841520912,3774979149,0,93
2841520912,2841520907,0,76
2841520912,2841520915,0,54
2841520914,2841520900,0,91
2841520914,2841520916,0,77
2841520914,3774979188,0,68
2841520915,2841520912,0,59
2841520915,3774979169,0,51
2841520915,3774979176,0,70
2841520916,2841520927,0,88
2841520916,2841520914,0,100
2841520916,2841520921,0,73
2841520917,7875000080,0,71
2841520917,3774979211,0,76
2841520917,3774979163,0,91
2841520921,2841520931,0,73
2841520921,2841520916,0,80
2841520921,3774979169,0,68
2841520922,7875000080,0,89
2841520922,3774979181,0,51
2841520922,3774979218,0,60
2841520923,2841520925,0,73
2841520923,3774979224,0,52
2841520923,3774979176,0,68
2841520924,2841520928,0,59
2841520924,3774979179,0,87
2841520924,2841520926,0,51
2841520924,7875004304,0,56
2841520925,2841520923,0,88
2841520925,3774979207,0,63
2841520925,3774979238,0,70
2841520926,2841520911,0,82
2841520926,2841520929,0,95
2841520926,3774979208,0,99
2841520926,2841520924,0,97
2841520927,2841520916,0,82
2841520927,3774979220,0,100
2841520927,2841520931,0,87
2841520928,3774979207,0,95
2841520928,2841520939,0,72
2841520928,2841520924,0,63
2841520929,2841520926,0,74
2841520929,2841520934,0,87
2841520929,2841520935,0,52
2841520931,2841520921,0,92
2841520931,3774979224,0,96
2841520931,2841520927,0,59
2841520932,3774979211,0,74
2841520932,7875000084,0,98
2841520934,2841520929,0,91
2841520934,3774979251,0,55
2841520934,3774979236,0,54
2841520935,2841520940,0,64
2841520935,2841520929,0,86
2841520935,7875000083,0,82
2841520939,2841520928,0,86
2841520939,3774979251,0,90
2841520939,3774979232,0,85
2841520940,3774979236,0,96
2841520940,2841520944,0,76
2841520940,2841520935,0,84
2841520942,3774979251,0,96
2841520942,3774979273,0,57
2841520942,2841520945,0,83
2841520942,3774979249,0,53
2841520944,2841520940,0,88
2841520944,3774979273,0,80
2841520944,7875000082,0,92
2841520945,3774979288,0,83
2841520945,7875646986,0,83
2841520945,2841520942,0,78
2841520945,3774979296,0,70
2841520947,3774979288,0,67
2843651844,2843651866,0,62
2843651845,2845676534,0,86
2843651849,2843651856,0,68
2843651856,2843651858,0,65
2843651856,2843651849,0,71
2843651856,2843651874,0,65
2843651857,7940734893,0,99
2843651857,2845676526,0,73
2843651857,2845676574,0,64
2843651858,2843651856,0,79
2843651858,7940744860,0,70
2843651858,7940724250,0,97
2843651863,2845676549,0,57
2843651863,7940734900,0,94
2843651863,2843651867,0,65
2843651864,7925542882,0,78
2843651864,7940744860,0,96
2843651866,2843651844,0,76
2843651866,2843651868,0,73
2843651866,3777743737,0,55
2843651867,2843651879,0,72
2843651867,7940734894,0,85
2843651867,2843651863,0,82
2843651868,3777743739,0,54
2843651868,2843651866,0,73
2843651868,2843651869,0,91
2843651869,7941576912,0,80
2843651869,3777743740,0,88
2843651869,2843651868,0,64
2843651869,2843651871,0,78
2843651871,2845676528,0,100
2843651871,2843651874,0,76
2843651871,2843651869,0,64
2843651871,2843651899,0,86
2843651874,2845676534,0,58
2843651874,2843651871,0,84
2843651874,2843651856,0,65
2843651879,2843651883,0,99
2843651879,2843651867,0,76
2843651879,7940734899,0,93
2843651882,7934076536,0,87
2843651882,7925542882,0,92
2843651882,7940724247,0,58
2843651883,2843651879,0,88
2843651885,3777743734,0,66
2843651896,2839148249,0,100
2843651896,2839148246,0,68
2843651896,3777743739,0,71
2843651898,2839148249,0,70
2843651898,3777743747,0,57
2843651898,3777743740,0,55
2843651899,3777743747,0,76
2843651899,3777743750,0,76
2843651899,2843651871,0,82
2843651900,2845676764,0,59
2843651900,2843657209,0,86
2843651900,2845676526,0,81
2843657202,7940724248,0,90
2843657202,3777743750,0,99
2843657202,7940724256,0,62
2843657203,7940724248,0,61
2843657203,2845676782,0,79
2843657203,7940724250,0,50
2843657204,2845676779,0,60
2843657204,12203620743,0,57
2843657206,2845676786,0,76
2843657206,2845676789,0,66
2843657206,7940734889,0,98
2843657207,2845676789,0,85
2843657207,2845676800,0,95
2843657207,2845676573,0,80
2843657208,3777743860,0,97
2843657208,2839148246,0,56
2843657208,2843657217,0,58
2843657209,2845676800,0,52
2843657209,7941576911,0,77
2843657209,2843651900,0,51
2843657213,12203470578,0,94
2843657215,12203470578,0,60
2843657215,2839148343,0,54
2843657215,12203554636,0,58
2843657216,12203470579,0,82
2843657216,12217425150,0,83
2843657216,7940724256,0,74
2843657217,2845676839,0,77
2843657217,2845676818,0,72
2843657217,2843657208,0,58
2843657231,2839148520,0,75
2843657231,2839148555,0,94
2843657231,2843657241,0,85
2843657238,7872530337,0,65
2843657238,2843657241,0,95
2843657238,3954935364,0,68
2843657241,2843657238,0,57
2843657241,2839148590,0,71
2843657241,2843657231,0,71
2843657244,2839148593,0,87
2843657244,2843657248,0,88
2843657244,7872530347,0,89
2843657248,2843657244,0,56
2843657248,9708735860,0,96
2843657248,9708735858,0,52
2843657254,7872648249,0,54
2843657258,8831239814,0,97
2843657258,7872530349,0,72
2843657258,2833253546,0,78
2843657404,2837579630,0,76
2843657404,4166979711,0,90
2843657404,2837579495,0,78
2843657411,2833253600,0,97
2843657411,4167284368,0,77
2843657413,2839148816,0,68
2843657413,2837579618,0,98
2843657413,4165673451,0,80
2843657413,7920190475,0,94
2843657416,2837579618,0,58
2843657416,4165673451,0,96
2843657416,2418718382,0,61
2843657418,11096669493,0,96
2843657418,2845677477,0,99
2843657418,2843657450,0,87
2843657421,2843657430,0,82
2843657421,4165673451,0,55
2843657421,2843657423,0,59
2843657423,2839148816,0,50
2843657423,2839148856,0,87
2843657423,2843657421,0,87
2843657430,2843657421,0,73
2843657435,2843657461,0,93
2843657436,2837579629,0,91
2843657436,2843657459,0,79
2843657436,7879069139,0,74
2843657436,7874568418,0,70
2843657439,2843657447,0,78
2843657441,2841299118,0,61
2843657447,2843657466,0,82
2843657447,2843657439,0,96
2843657447,2843657450,0,87
2843657447,2845677477,0,67
2843657450,4167296216,0,99
2843657450,2843657447,0,56
2843657450,2843657457,0,64
2843657450,2843657418,0,69
2843657451,7874568417,0,81
2843657451,2837579644,0,71
2843657451,2837579634,0,53
2843657451,2843657471,0,86
2843657454,4167284368,0,83
2843657454,2837579648,0,83
2843657455,7874467004,0,87
2843657457,2843657450,0,82
2843657457,12203285821,0,77
2843657457,2843657480,0,68
2843657459,2843657436,0,70
2843657459,7879069138,0,74
2843657459,7874568419,0,70
2843657461,2837579644,0,98
2843657461,2843657464,0,61
2843657461,2843657435,0,59
2843657463,12203285821,0,52
2843657464,2843657461,0,97
2843657464,6354338525,0,96
2843657464,2837579653,0,63
2843657464,6354338526,0,77
2843657466,4167284388,0,83
2843657466,2843657447,0,67
2843657466,4167296216,0,86
2843657466,4167284368,0,89
2843657471,2843657451,0,70
2843657471,7872648258,0,56
2843657471,3140039545,0,72
2843657471,2837579652,0,68
2843657472,4167284388,0,60
2843657472,2837579648,0,57
2843657472,2843657486,0,68
2843657474,7874467004,0,67
2843657474,2843657479,0,81
2843657474,2843657476,0,78
2843657476,6354338525,0,64
2843657476,2843657479,0,60
2843657476,2837579661,0,68
2843657476,2843657474,0,66
2843657479,2843657476,0,88
2843657479,7872607484,0,98
2843657479,2843657474,0,56
2843657480,2837579668,0,64
2843657480,2841299159,0,92
2843657480,2837579694,0,67
2843657480,2843657457,0,59
2843657486,4167284389,0,56
2843657486,2837579667,0,63
2843657486,2843657472,0,85
2843657486,4167284390,0,82
2843657488,12221765644,0,98
2843657488,2837579661,0,60
2843657488,7872648255,0,51
2843657492,2839148974,0,88
2843657492,2839149014,0,52
2843657492,12221766208,0,84
2843657494,12221765644,0,84
2843657494,2843657619,0,62
2843657494,7872648260,0,50
2843657499,9859709764,0,81
2843657499,7872648258,0,51
2843657602,2837579688,0,73
2843657602,7872648256,0,63
2843657604,2843657605,0,68
2843657604,7872635016,0,86
2843657604,2843657647,0,77
2843657605,2843657604,0,96
2843657605,2843657635,0,78
2843657605,2837579683,0,83
2843657605,12212966456,0,58
2843657606,2843657620,0,79
2843657606,2839149014,0,68
2843657606,2843657613,0,57
2843657608,12221765645,0,95
2843657608,7872648255,0,95
2843657608,7871304696,0,57
2843657609,2839149014,0,78
2843657609,2843657611,0,77
2843657609,7871304691,0,81
2843657611,2843657609,0,66
2843657611,2843657614,0,55
2843657611,2843657617,0,58
2843657613,3774507802,0,67
2843657613,2843657606,0,96
2843657613,2843657617,0,92
2843657614,2843657611,0,57
2843657614,3774507801,0,72
2843657614,7871304692,0,55
2843657617,2843657611,0,97
2843657617,2843657622,0,100
2843657617,2843657613,0,64
2843657617,3774507801,0,96
2843657618,7871304694,0,54
2843657618,2837579803,0,70
2843657618,12221766873,0,60
2843657619,12221765645,0,82
2843657619,2843657634,0,71
2843657619,2843657494,0,67
2843657620,7920115556,0,79
2843657620,2843657606,0,90
2843657620,3774507802,0,97
2843657622,2843657617,0,82
2843657622,2843657627,0,93
2843657622,2843657626,0,99
2843657623,3774507801,0,54
2843657624,2843657630,0,95
2843657624,2837579805,0,94
2843657626,3774507801,0,70
2843657626,2843657622,0,52
2843657626,2843657629,0,77
2843657627,3774507802,0,56
2843657627,2843657638,0,95
2843657627,2843657622,0,100
2843657628,12221766873,0,83
2843657628,2843657648,0,70
2843657628,7871304695,0,62
2843657629,2843657626,0,85
2843657630,4167284390,0,92
2843657630,3774507804,0,90
2843657630,2843657624,0,52
2843657634,7872634987,0,90
2843657634,2843657619,0,90
2843657635,2843657650,0,50
2843657635,2843657605,0,65
2843657635,2843657637,0,58
2843657636,3774507802,0,87
2843657636,7920115556,0,74
2843657636,2843657638,0,64
2843657637,2843657654,0,93
2843657637,2843657635,0,62
2843657637,2837579683,0,66
2843657638,2843657636,0,80
2843657638,2843657643,0,59
2843657638,2843657627,0,81
2843657641,2843657656,0,61
2843657641,4165566566,0,96
2843657641,2841299161,0,81
2843657643,2843657638,0,68
2843657644,2837579692,0,58
2843657644,3774507805,0,62
2843657644,2843657655,0,90
2843657646,2843657648,0,55
2843657646,12221766874,0,83
2843657646,2843657658,0,96
2843657647,2843657650,0,97
2843657647,2837579806,0,63
2843657647,2843657662,0,50
2843657647,2843657604,0,77
2843657648,2843657649,0,54
2843657648,2843657646,0,81
2843657648,2843657628,0,85
2843657649,2843657648,0,89
2843657649,2843657661,0,63
2843657649,3774507805,0,95
2843657650,2843657654,0,61
2843657650,2843657647,0,52
2843657650,7871296978,0,76
2843657650,2843657635,0,94
2843657651,2837579803,0,66
2843657651,2843657658,0,89
2843657651,2837579826,0,74
2843657653,12221755806,0,90
2843657653,2843657661,0,87
2843657653,2843657667,0,65
2843657654,2837579818,0,90
2843657654,2843657650,0,72
2843657654,2843657637,0,80
2843657654,4167451830,0,83
2843657655,2843657644,0,92
2843657655,2843657664,0,61
2843657655,7872648261,0,69
2843657656,2843657641,0,64
2843657656,9602208994,0,68
2843657656,2843657659,0,92
2843657658,2843657651,0,81
2843657658,2843657670,0,81
2843657658,2843657646,0,100
2843657659,2837579821,0,90
2843657659,2837579694,0,75
2843657660,2843657664,0,88
2843657660,3774507805,0,72
2843657660,3774507808,0,84
2843657661,2843657649,0,80
2843657661,2843657653,0,68
2843657661,7872648269,0,56
2843657662,2843657647,0,64
2843657662,7871296978,0,57
2843657664,2845677737,0,98
2843657664,2843657660,0,98
2843657664,2843657675,0,68
2843657664,2843657655,0,76
2843657667,3774507805,0,78
2843657667,2843657669,0,70
2843657667,2843657653,0,65
2843657669,2843657667,0,92
2843657669,2837579838,0,77
2843657669,3774507808,0,57
2843657670,7872648269,0,61
2843657670,2837579826,0,79
2843657670,2843851604,0,70
2843657670,2843657658,0,92
2843657672,2837579836,0,57
2843657672,2837579828,0,72
2843657672,2837579850,0,94
2843657675,7872648267,0,75
2843657675,2843657664,0,95
2843657675,3774507808,0,58
2843657677,2837579840,0,99
2843657677,3774507808,0,80
2843657677,2837579854,0,81
2843657681,2837579869,0,88
2843657681,2837579854,0,76
2843657681,3774507817,0,93
2843657681,7872648270,0,65
2843657683,12221247649,0,51
2843657683,2843851643,0,68
2843657683,2843851607,0,67
2843657687,2837579869,0,82
2843657687,2843657689,0,63
2843657687,2843851643,0,100
2843657688,2845677847,0,76
2843657688,2841299188,0,53
2843657688,2845677832,0,85
2843657688,2837579872,0,99
2843657689,2843657687,0,70
2843657689,2845677858,0,66
2843657689,2845677858,1,93
2843657690,2841299193,0,70
2843657690,2845677847,0,76
2843657690,7872648272,0,75
2843657802,8390184178,0,78
2843657802,2839149696,0,77
2843657802,2837580646,0,75
2843657820,2843657825,0,66
2843657820,7918749113,0,53
2843657820,7918749115,0,67
2843657825,2837581612,0,81
2843657825,2843657820,0,96
2843657825,2837581658,0,64
2843657825,2837581816,0,71
2843850913,2837579466,0,90
2843850913,2837579476,0,52
2843850913,2843850923,0,69
2843850923,2837579476,0,78
2843850923,2837579473,0,76
2843850923,2843850913,0,64
2843851000,2843851110,0,86
2843851000,11096762305,0,60
2843851000,7871539690,0,84
2843851103,2837579498,0,63
2843851103,7871539675,0,99
2843851110,6154156993,0,90
2843851110,2839148732,0,57
2843851110,2843851000,0,89
2843851226,2839148856,0,89
2843851234,2839148884,0,71
2843851234,2839148841,0,58
2843851234,2839148856,0,88
2843851401,2839148958,0,84
2843851401,2839148884,0,51
2843851406,7871304689,0,96
2843851406,2839148974,0,51
2843851406,2843851451,0,74
2843851451,2837579693,0,55
2843851451,2843851406,0,99
2843851451,3774507806,0,95
2843851499,2843851607,0,71
2843851604,3665168922,0,72
2843851604,2843657670,0,99
2843851604,2843851610,0,99
2843851606,2837579838,0,85
2843851606,2843851649,0,54
2843851606,7872648269,0,91
2843851607,2843851499,0,53
2843851607,7871296977,0,83
2843851607,2843657683,0,63
2843851610,2843851604,0,73
2843851613,2837579826,0,84
2843851613,11047668565,0,62
2843851613,3665168922,0,60
2843851626,3665168923,0,84
2843851637,2843851649,0,75
2843851637,11047668563,0,95
2843851637,3665168923,0,64
2843851643,2837579859,0,68
2843851643,2843657687,0,60
2843851643,2843657683,0,73
2843851649,2843851637,0,71
2843851649,12221605918,0,76
2843851649,2843851606,0,63
2843851649,2843852004,0,85
2843851687,7920190466,0,96
2843851687,2845677855,0,65
2843851687,11047668564,0,50
2843851695,11047668563,0,52
2843852004,4169370949,0,51
2843852004,2837580056,0,98
2843852004,2843851649,0,83
2843852025,2990086897,0,56
2843852025,2990086895,0,82
2843852048,2843852073,0,75
2843852048,7922104733,0,100
2843852048,7919257385,0,81
2843852064,2843852073,0,52
2843852064,7919257386,0,60
2843852064,2990086901,0,68
2843852073,7891754006,0,69
2843852073,2843852048,0,51
2843852073,2843852064,0,64
2843852077,2990086897,0,90
2843852077,2990086900,0,99
2843852093,7922104728,0,94
2843852093,2843852100,0,65
2843852095,7891754006,0,52
2843852100,7922104729,0,67
2843852100,7922104721,0,97
2843852105,7891749067,0,57
2843852105,7891754006,0,100
2843852105,7922104731,0,74
2843852119,2845678132,0,91
2843852119,7891749029,0,75
2843852119,7891749033,0,58
2843852122,7891754000,0,97
2843852122,2843852153,0,67
2843852122,2843852141,0,55
2843852125,2843852174,0,54
2843852125,2843852128,0,54
2843852127,7891754000,0,82
2843852128,2843852145,0,96
2843852128,7891749064,0,95
2843852134,7922104729,0,98
2843852134,2843852155,0,96
2843852134,7891749048,0,76
2843852138,2843852125,0,51
2843852138,2990086903,0,50
2843852141,2843852122,0,97
2843852145,2843852175,0,84
2843852145,7891749065,0,88
2843852145,2843852128,0,59
2843852153,2843852122,0,56
2843852155,2843852134,0,97
2843852155,2843852178,0,87
2843852155,7922104728,0,100
2843852155,7891749075,0,75
2843852169,7891749033,0,62
2843852169,12706561268,0,88
2843852174,2843852125,0,69
2843852175,2843852145,0,100
2843852175,2843852184,0,70
2843852175,7891749048,0,77
2843852178,7891749082,0,82
2843852178,2843852155,0,97
2843852178,7891749063,0,51
2843852178,7891749052,0,69
2843852184,7891749054,0,67
2843852184,7891749049,0,79
2843852184,2843852175,0,62
2843852190,7888562560,0,56
2843852190,7891576382,0,66
2843852200,7891642961,0,91
2843852222,2990086903,0,86
2843852222,7891749037,0,80
2843852225,7891642966,0,74
2843852227,7891677704,0,68
2843852227,2845678202,0,77
2843852227,2845678224,0,55
2843852242,2843852273,0,64
2843852258,2845678212,0,76
2843852258,7891576362,0,85
2843852258,7891576370,0,67
2843852258,7891576378,0,80
2843852270,7891677686,0,68
2843852270,7891642977,0,94
2843852270,7891642975,0,84
2843852273,2843852242,0,82
2843852273,7891642959,0,65
2843852273,2843852280,0,74
2843852280,2843852273,0,51
2843852280,2845678253,0,81
2843852280,7891642975,0,96
2843852305,2845678268,0,75
2843852305,2845678290,0,73
2843852305,2845678247,0,98
2843852305,2843852329,0,84
2843852315,2837580901,0,95
2843852315,12220743977,0,56
2843852315,6354226230,0,78
2843852328,3774455869,0,64
2843852328,2837580947,0,86
2843852329,2837580976,0,51
2843852329,2837580653,0,75
2843852329,2843852305,0,99
2843852352,2843852393,0,64
2843852353,2843852426,0,78
2843852353,2837581104,0,73
2843852353,2837581124,0,80
2843852353,7891677685,0,86
2843852363,2845678295,0,56
2843852363,2837581104,0,91
2843852363,2843852381,0,69
2843852370,2837581128,0,71
2843852370,2837581325,0,59
2843852370,7889638406,0,90
2843852381,2843852396,0,55
2843852381,2837581104,0,56
2843852381,2843852363,0,85
2843852393,2843852352,0,60
2843852393,12269608002,0,63
2843852396,2837581190,0,81
2843852396,2843852381,0,87
2843852396,2843852399,0,65
2843852399,2837581152,0,55
2843852399,7889638427,0,59
2843852399,3774436883,0,75
2843852399,2843852396,0,89
2843852426,2843852353,0,80
2843852426,12269583151,0,83
2843852426,2837581190,0,96
2843852426,2837581318,0,86
2843852532,2843852549,0,98
2843852532,2837581632,0,64
2843852532,12228128517,0,53
2843852549,2843852532,0,99
2843852549,2843852557,0,81
2843852557,2843852549,0,66
2843852557,7889094705,0,76
2843852557,2837581661,0,69
2845676517,2845676524,0,97
2845676524,2845676517,0,71
2845676524,2845676528,0,59
2845676524,7941576912,0,52
2845676526,2843651900,0,70
2845676526,2843651857,0,94
2845676528,2843651871,0,86
2845676528,2845676524,0,88
2845676528,2845676534,0,76
2845676534,2843651845,0,50
2845676534,2843651874,0,67
2845676534,2845676528,0,94
2845676547,2845676549,0,63
2845676547,7940734893,0,98
2845676547,12230266275,0,85
2845676549,2843651863,0,100
2845676549,2845676547,0,81
2845676549,7940794592,0,84
2845676556,3777743736,0,81
2845676573,7940734894,0,70
2845676573,2843657207,0,91
2845676573,2845676574,0,65
2845676574,2845676704,0,70
2845676574,2843651857,0,79
2845676574,2845676573,0,95
2845676577,2845676717,0,80
2845676590,7940724251,0,82
2845676599,2839148285,0,85
2845676704,2845676574,0,97
2845676706,2845676718,0,96
2845676706,7934076536,0,55
2845676706,2839148248,0,56
2845676717,10246034683,0,77
2845676717,7940734928,0,94
2845676717,2845676577,0,54
2845676718,2845676706,0,74
2845676718,2845676726,0,58
2845676718,2845676735,0,98
2845676726,2839148261,0,50
2845676726,2845676718,0,60
2845676726,2845676773,0,83
2845676729,7940734928,0,97
2845676729,2845676744,0,57
2845676731,2845676735,0,60
2845676735,2839148264,0,62
2845676735,2845676731,0,78
2845676735,2845676718,0,57
2845676740,2839148240,0,52
2845676740,2839148246,0,77
2845676740,3777743737,0,81
2845676744,2845676747,0,60
2845676744,2845676729,0,90
2845676744,3777743738,0,83
2845676747,2845676744,0,81
2845676747,2845676755,0,58
2845676755,2845676747,0,97
2845676755,2845676761,0,85
2845676755,7940734919,0,76
2845676761,2845676755,0,75
2845676761,7940734918,0,50
2845676761,3777743741,0,68
2845676762,2839148248,0,57
2845676764,2843651900,0,77
2845676764,9708735824,0,68
2845676768,2845676816,0,96
2845676773,2839148264,0,93
2845676773,2839148279,0,67
2845676773,2845676828,0,83
2845676773,2845676726,0,70
2845676779,2843657204,0,89
2845676779,2845676786,0,73
2845676782,2843657203,0,86
2845676782,7940724251,0,91
2845676782,2839148285,0,60
2845676784,2845676823,0,59
2845676786,2845676779,0,68
2845676786,2843657206,0,83
2845676789,2843657206,0,93
2845676789,2843657207,0,63
2845676800,2843657207,0,89
2845676800,2843657209,0,95
2845676816,2839148294,0,73
2845676816,2839148307,0,83
2845676816,2845676768,0,88
2845676818,7940724275,0,66
2845676818,2843657217,0,80
2845676823,2839148307,0,79
2845676823,2845676827,0,63
2845676823,2845676784,0,71
2845676826,2845676866,0,97
2845676826,2839148320,0,96
2845676826,2839148306,0,58
2845676827,2845676823,0,60
2845676827,2839148328,0,83
2845676827,2845676868,0,95
2845676828,2845676836,0,80
2845676828,2845676857,0,50
2845676828,2845676773,0,70
2845676836,2839148294,0,76
2845676836,2845676842,0,61
2845676836,2845676828,0,59
2845676839,2843657217,0,80
2845676839,2839148343,0,54
2845676842,2845676869,0,50
2845676842,2845676836,0,69
2845676842,2845676854,0,94
2845676852,2839148335,0,62
2845676852,2845676866,0,62
2845676852,2839148379,0,94
2845676854,2845676842,0,56
2845676854,2845676868,0,84
2845676854,2839148307,0,79
2845676857,2839148358,0,71
2845676857,2839148329,0,56
2845676857,2845676828,0,53
2845676857,2845676897,0,89
2845676866,2845676852,0,79
2845676866,2839148360,0,88
2845676866,2839148389,0,60
2845676866,2845676826,0,54
2845676868,2845676876,0,72
2845676868,2845676827,0,90
2845676868,2845676854,0,85
2845676869,2839148369,0,64
2845676869,2839148358,0,72
2845676869,2845676842,0,90
2845676876,2845676868,0,50
2845676879,3954895122,0,62
2845676879,7940724241,0,67
2845676879,2845676897,0,68
2845676879,7887064920,0,77
2845676880,2839148379,0,87
2845676897,2845676879,0,96
2845676897,2845676910,0,69
2845676897,2845676857,0,73
2845676897,7887064923,0,89
2845676905,9708735826,0,99
2845676910,2839148358,0,75
2845676910,2845676897,0,66
2845676910,12221755005,0,85
2845676910,2845676944,0,84
2845676932,2839148399,0,91
2845676932,2839148416,0,92
2845676932,9708735826,0,62
2845676932,7872648237,0,54
2845676942,7872648237,0,87
2845676942,2839148399,0,59
2845676942,2839148430,0,56
2845676944,12204865365,0,96
2845676944,2845676910,0,63
2845676944,4056524655,0,67
2845676944,7887064923,0,61
2845676961,4056524655,0,66
2845676972,2839148435,0,86
2845676972,12204865365,0,56
2845676972,1928140258,0,58
2845677113,7829575113,0,83
2845677113,2839148466,0,87
2845677113,2845677189,0,91
2845677157,2837579461,0,99
2845677157,6154157010,0,74
2845677176,2839148542,0,71
2845677176,7872607459,0,86
2845677176,9708735832,0,99
2845677189,7964258777,0,87
2845677189,2845677113,0,88
2845677244,2841299014,0,67
2845677244,2839148654,0,97
2845677244,2837579493,0,89
2845677245,2839148615,0,92
2845677249,2839148640,0,80
2845677265,2845677279,0,63
2845677268,6154156999,0,60
2845677279,2839148699,0,50
2845677279,2839148713,0,100
2845677279,2845677265,0,64
2845677451,2837579601,0,63
2845677451,2845677461,0,55
2845677451,2845677466,0,89
2845677461,2845677451,0,59
2845677461,2837579635,0,59
2845677461,7919229997,0,60
2845677466,2845677451,0,80
2845677466,7919206779,0,50
2845677475,7919229997,0,70
2845677475,2418718381,0,54
2845677477,2839148809,0,53
2845677477,2843657447,0,58
2845677591,12212966456,0,82
2845677711,11047677825,0,78
2845677711,3140039549,0,77
2845677711,7920115555,0,92
2845677718,2845677730,0,80
2845677718,7871304698,0,70
2845677727,2837579815,0,69
2845677727,2837579836,0,82
2845677730,2845677718,0,98
2845677730,2845677736,0,57
2845677730,2837579828,0,65
2845677736,2837579815,0,85
2845677736,2837579836,0,75
2845677736,2845677730,0,74
2845677737,2837579828,0,99
2845677737,2843657664,0,74
2845677737,7872648267,0,95
2845677737,7871304698,0,80
2845677801,3774507826,0,72
2845677801,2845677826,0,69
2845677801,3774436881,0,83
2845677805,7872648270,0,70
2845677805,2837579872,0,83
2845677805,2845677821,0,55
2845677811,7872648270,0,88
2845677811,2845677834,0,63
2845677811,2837579869,0,60
2845677819,2837579891,0,90
2845677819,2837579877,0,67
2845677819,2845677849,0,95
2845677821,2845677805,0,59
2845677826,2845677891,0,77
2845677826,2837579846,0,85
2845677826,2845677801,0,78
2845677832,2843657688,0,81
2845677832,7872648280,0,94
2845677832,2845677864,0,100
2845677834,2845677811,0,66
2845677847,2843657688,0,93
2845677847,2845677864,0,57
2845677847,2843657690,0,85
2845677849,2845677819,0,77
2845677849,3774513071,0,91
2845677849,3774513075,0,72
2845677855,2845678012,0,61
2845677855,2843851687,0,51
2845677855,3140039553,0,73
2845677858,2841299193,0,79
2845677858,2843657689,0,99
2845677858,2843657689,1,92
2845677859,2841299188,0,72
2845677859,2841299196,0,96
2845677859,7872648280,0,77
2845677864,2845678014,0,63
2845677864,2845677847,0,89
2845677864,2845677832,0,85
2845677867,11047672367,0,62
2845677867,8843754911,0,74
2845677867,7920190466,0,73
2845677875,7872648276,0,61
2845677882,2845678009,0,97
2845677882,7922104724,0,50
2845677891,2837580090,0,62
2845677891,2845677826,0,78
2845677891,2845678006,0,73
2845677896,3774507832,0,83
2845677896,2841299196,0,62
2845677896,7874467006,0,50
2845677899,2837580090,0,87
2845677899,3774507826,0,69
2845677899,2845678022,0,71
2845678002,2837580056,0,56
2845678002,2845678011,0,73
2845678002,2837580317,0,66
2845678006,3724853570,0,82
2845678006,7920173394,0,50
2845678006,2845677891,0,88
2845678009,3774507826,0,67
2845678009,2845678022,0,52
2845678009,2845677882,0,91
2845678011,2845678033,0,67
2845678011,2845678002,0,91
2845678011,3774507832,0,80
2845678012,2837580096,0,75
2845678012,2845678017,0,52
2845678012,2845677855,0,94
2845678012,2845678047,0,95
2845678014,2845677864,0,66
2845678014,2845678021,0,67
2845678014,7872648277,0,90
2845678017,2845678012,0,53
2845678017,2845678031,0,86
2845678017,2990086896,0,51
2845678017,7920190465,0,95
2845678021,7872648272,0,80
2845678021,2845678014,0,88
2845678021,2845678071,0,90
2845678022,2845678009,0,79
2845678022,2837580335,0,81
2845678022,2845677899,0,61
2845678031,2845678017,0,80
2845678031,2837580317,0,97
2845678031,11047672367,0,91
2845678033,2837580324,0,98
2845678033,2845678011,0,84
2845678033,3772980663,0,56
2845678034,3774507832,0,52
2845678034,2845678046,0,73
2845678034,2837580085,0,51
2845678038,2990086896,0,89
2845678042,7891613896,0,95
2845678042,7891749038,0,59
2845678042,2845678105,0,95
2845678045,2837580090,0,97
2845678046,3772980663,0,61
2845678046,2845678058,0,58
2845678046,2845678034,0,55
2845678047,2845678055,0,76
2845678047,7879069131,0,57
2845678047,2845678061,0,53
2845678047,2845678012,0,78
2845678048,2845678050,0,90
2845678048,7891749011,0,95
2845678048,3772980663,0,53
2845678050,2845678058,0,70
2845678050,2845678048,0,56
2845678050,2845678108,0,84
2845678053,2837580317,0,67
2845678053,2990086896,0,62
2845678053,2845678078,0,91
2845678055,7891749027,0,89
2845678055,2845678047,0,97
2845678055,2990086896,0,51
2845678055,7891749028,0,71
2845678058,2845678070,0,93
2845678058,2845678050,0,70
2845678058,2845678046,0,95
2845678058,2845678116,0,60
2845678061,7891749028,0,87
2845678061,2845678098,0,96
2845678061,2845678047,0,73
2845678070,2845678079,0,83
2845678070,2845678058,0,50
2845678070,2845678123,0,92
2845678071,11807002879,0,75
2845678071,2837580310,0,76
2845678071,2845678021,0,92
2845678078,7891749027,0,92
2845678078,2845678103,0,53
2845678078,2845678053,0,54
2845678078,2837580346,0,62
2845678079,11807002878,0,98
2845678079,2845678070,0,82
2845678079,6354338538,0,59
2845678094,2845678105,0,96
2845678094,2837580343,0,67
2845678094,7888562557,0,55
2845678094,7891749038,0,61
2845678098,2845678061,0,78
2845678098,2845678115,0,52
2845678100,2845678108,0,67
2845678100,2837580346,0,88
2845678100,7891749020,0,62
2845678100,7891749011,0,94
2845678103,2845678112,0,82
2845678103,2845678078,0,76
2845678103,7891749009,0,61
2845678105,7891613900,0,90
2845678105,2845678094,0,97
2845678105,2845678145,0,50
2845678105,2845678042,0,69
2845678108,2845678100,0,67
2845678108,2837580380,0,85
2845678108,2845678116,0,72
2845678108,2845678050,0,57
2845678109,2845678119,0,71
2845678109,2845678132,0,79
2845678109,7891749028,0,86
2845678112,2837580346,0,94
2845678112,2845678103,0,55
2845678112,11047668807,0,86
2845678115,7891749029,0,79
2845678115,7891613898,0,55
2845678115,7891749034,0,57
2845678116,2845678123,0,55
2845678116,2845678058,0,61
2845678116,2845678108,0,96
2845678116,2845678165,0,55
2845678119,7891749009,0,61
2845678119,2845678109,0,70
2845678119,2845678140,0,87
2845678123,2845678116,0,90
2845678123,2845678070,0,51
2845678123,2845678171,0,99
2845678131,11096632094,0,60
2845678131,11047668807,0,100
2845678131,7891749009,0,50
2845678132,2843852119,0,63
2845678132,2845678109,0,90
2845678132,2845678140,0,73
2845678140,2845678148,0,79
2845678140,2845678119,0,55
2845678140,2837580379,0,96
2845678140,2845678132,0,65
2845678145,2845678105,0,69
2845678145,7891613902,0,93
2845678148,2845678140,0,91
2845678148,7891749018,0,62
2845678148,2845678156,0,97
2845678156,7891749020,0,98
2845678156,2837580380,0,97
2845678156,2845678148,0,58
2845678157,7891613890,0,69
2845678157,2843852169,0,53
2845678165,2845678171,0,74
2845678165,2837580380,0,95
2845678165,2845678116,0,68
2845678170,7891749018,0,61
2845678170,2845678179,0,67
2845678170,2837580397,0,58
2845678170,2837580379,0,86
2845678171,2845678165,0,70
2845678171,2839149613,0,76
2845678171,2845678123,0,64
2845678177,2845678189,0,62
2845678177,7891677694,0,67
2845678177,2845678196,0,62
2845678179,2845678170,0,61
2845678188,2845678197,0,68
2845678188,2837580504,0,66
2845678188,2845678192,0,94
2845678189,2845678177,0,78
2845678189,2845678193,0,66
2845678189,2845678226,0,55
2845678192,2845678203,0,81
2845678192,2845678200,0,72
2845678192,2845678188,0,87
2845678193,2845678189,0,73
2845678193,2845678196,0,72
2845678193,2845678214,0,99
2845678194,2845678200,0,91
2845678194,2845678209,0,83
2845678194,2837580504,0,78
2845678196,2845678193,0,90
2845678196,2845678198,0,93
2845678196,2845678177,0,60
2845678197,2845678188,0,52
2845678197,2845678203,0,87
2845678197,2839149613,0,74
2845678198,2845678219,0,59
2845678198,2845678196,0,84
2845678198,2845678202,0,86
2845678200,2845678194,0,63
2845678200,2845678204,0,94
2845678200,2845678192,0,77
2845678202,7891753994,0,72
2845678202,2843852227,0,91
2845678202,2845678198,0,93
2845678203,2845678192,0,100
2845678203,2845678197,0,68
2845678203,2837580617,0,63
2845678204,2845678200,0,71
2845678204,2837580617,0,94
2845678205,2845678213,0,82
2845678209,2845678194,0,85
2845678209,2845678204,0,97
2845678212,2837580568,0,100
2845678212,2843852258,0,67
2845678212,2990086906,0,55
2845678212,7891576381,0,82
2845678213,7891677704,0,99
2845678213,7891642982,0,63
2845678213,2845678205,0,66
2845678213,7891677703,0,63
2845678214,2845678193,0,79
2845678214,2845678226,0,66
2845678214,2845678219,0,52
2845678219,2845678198,0,57
2845678219,2845678224,0,83
2845678219,2845678214,0,92
2845678221,2837580544,0,90
2845678221,2837580568,0,61
2845678221,2990086905,0,80
2845678224,2843852227,0,58
2845678224,2845678248,0,79
2845678224,2845678219,0,87
2845678226,2845678214,0,70
2845678226,2845678239,0,73
2845678226,2845678189,0,86
2845678230,2845678239,0,74
2845678239,2845678230,0,92
2845678239,2845678241,0,87
2845678239,2845678226,0,52
2845678241,7891677706,0,70
2845678241,2845678239,0,94
2845678241,2845678248,0,56
2845678247,2843852305,0,90
2845678247,7891576370,0,72
2845678247,2990086906,0,50
2845678248,2845678241,0,60
2845678248,2845678224,0,76
2845678248,2845678283,0,80
2845678253,2843852280,0,71
2845678253,3774436882,0,71
2845678253,7891642968,0,91
2845678258,2837580661,0,56
2845678258,2845678266,0,61
2845678258,2841518285,0,72
2845678261,2990086908,0,69
2845678261,2845678268,0,60
2845678261,2990086905,0,79
2845678261,2845678280,0,84
2845678266,2845678258,0,61
2845678266,2841518262,0,98
2845678266,2841518293,0,51
2845678268,2845678261,0,78
2845678268,2843852305,0,89
2845678268,2845678285,0,79
2845678268,2990086906,0,87
2845678270,2837580901,0,86
2845678280,2845678261,0,94
2845678280,7891613885,0,77
2845678280,2845678285,0,96
2845678283,3774455868,0,75
2845678283,2845678248,0,80
2845678283,3774455869,0,65
2845678285,2845678268,0,66
2845678285,2845678280,0,96
2845678285,2845678290,0,73
2845678290,2843852305,0,88
2845678290,2845678285,0,71
2845678290,2837580976,0,80
2845678295,2837580947,0,93
2845678295,2843852363,0,75
2845678295,2845678404,0,69
2845678403,2845678410,0,52
2845678404,2845678295,0,64
2845678410,7889638405,0,98
2845678410,7601260510,0,82
2845678410,2845678403,0,56
2845678412,1880442436,0,76
2845678412,2841518421,0,77
2845678412,2845678422,0,99
2845678422,2845678412,0,67
2845678444,2845678448,0,86
2845678446,2837581659,0,75
2845678446,2837581866,0,87
2845678446,2845678452,0,51
2845678448,2841518499,0,60
2845678448,2841518495,0,82
2845678448,2845678444,0,60
2845678450,2845678452,0,69
2845678450,3502491521,0,88
2845678450,7915427856,0,94
2845678450,7915427858,0,83
2845678452,2845678450,0,62
2845678452,7915427859,0,86
2845678452,2845678446,0,98
2882561407,12210261200,0,58
2882561407,3777700362,0,58
2882561409,2837285672,0,92
2882561409,2837285795,0,71
2882561409,2882561410,0,100
2882561409,7907983063,0,53
2882561410,2837285758,0,55
2882561410,2882561409,0,69
2882561410,2837285682,0,100
2882561410,2837285800,0,99
2882561411,2837285800,0,59
2882561411,2882561412,0,72
2882561411,2837285852,0,79
2882561411,2837285758,0,75
2882561412,2837285869,0,60
2882561412,2837285774,0,79
2882561412,2882561411,0,50
2882561412,2837285847,0,92
2882561413,2837583931,0,59
2882561413,2837285841,0,62
2882561413,2837285885,0,61
2882561414,2837583931,0,69
2882561414,2837286003,0,69
2882561414,2837285885,0,55
2882561414,2841299808,0,61
2882561415,2837286584,0,65
2882561415,2837286596,0,63
2882561415,7928191968,0,77
2885138340,2841519581,0,55
2885138340,2841519587,0,96
2885138340,2841519722,0,65
2886954808,12206676120,0,59
2886954808,7908462367,0,93
2886954808,7908563861,0,85
2984688093,2839149686,0,99
2984688093,2841518407,0,73
2984688093,2841518402,0,50
2984711298,2841520344,0,80
2984711298,2841520354,0,60
2984711298,2841520294,0,72
2986582816,2841520349,0,56
2986582816,2841520325,0,80
2986582816,2986597825,0,85
2986582816,2841520415,0,93
2986582819,2841520349,0,75
2986582819,2841520424,0,94
2986582819,2841520415,0,63
2986582820,2841520343,0,80
2986582820,2841520424,0,92
2986582820,2986582822,0,74
2986582822,2841520331,0,79
2986582822,2986582823,0,95
2986582822,2986582820,0,65
2986582823,2841520440,0,98
2986582823,2986582822,0,56
2986582823,2841520355,0,74
2986582825,2986582826,0,58
2986582825,2841520440,0,70
2986582825,2841520345,0,98
2986582826,2841520448,0,58
2986582826,2986582825,0,75
2986582826,2841520414,0,99
2986582827,2841520655,0,70
2986582827,7904471547,0,68
2986582827,7904195830,0,93
2986582827,7904195854,0,96
2986597794,2841520251,0,77
2986597794,3140039601,0,88
2986597794,2986597798,0,75
2986597794,7927303212,0,84
2986597797,2841520289,0,54
2986597797,2841520332,0,72
2986597797,2841520316,0,81
2986597797,2841520286,0,92
2986597798,2841520330,0,97
2986597798,2986597801,0,87
2986597798,2986597794,0,51
2986597799,2841520291,0,64
2986597799,7904575782,0,88
2986597799,2841520287,0,61
2986597801,2841520388,0,99
2986597801,2986597802,0,65
2986597801,2986597798,0,73
2986597802,7904575782,0,73
2986597802,2986597801,0,71
2986597802,3775193906,0,82
2986597804,2841520331,0,50
2986597804,2841520316,0,89
2986597804,2841520355,0,88
2986597804,3776308774,0,98
2986597805,7904575782,0,75
2986597805,2841520338,0,54
2986597806,3775193913,0,91
2986597806,2986597805,0,64
2986597808,2841520428,0,58
2986597808,7904246726,0,81
2986597809,2841520434,0,62
2986597809,2986597808,0,52
2986597810,2986597811,0,63
2986597810,2986597809,0,69
2986597810,3001623561,0,77
2986597811,2841520297,0,55
2986597811,2986597812,0,71
2986597811,2986597810,0,74
2986597812,2841520446,0,91
2986597812,3775193915,0,61
2986597812,2986597811,0,77
2986597813,2841520454,0,59
2986597813,2986597814,0,68
2986597813,3775193915,0,69
2986597814,2841520309,0,74
2986597814,2986597815,0,93
2986597814,2986597813,0,80
2986597815,2986597816,0,52
2986597815,2986597814,0,66
2986597815,2841520461,0,76
2986597816,2841520301,0,61
2986597816,2986597817,0,60
2986597816,2986597815,0,75
2986597817,2841520395,0,93
2986597817,2986597818,0,83
2986597817,2986597816,0,56
2986597818,2841520336,0,79
2986597818,2986597817,0,55
2986597818,2986597827,0,72
2986597824,2841520319,0,93
2986597824,3140039602,0,96
2986597824,2986597825,0,56
2986597825,2841520363,0,91
2986597825,2986597824,0,75
2986597825,2986582816,0,50
2986597827,2841520411,0,60
2986597827,3776308797,0,70
2986597827,2986597818,0,58
2986597827,3140039602,0,86
2986597829,2841520413,0,82
2986597829,2986597830,0,74
2986597829,3776308797,0,93
2986597830,2986597829,0,79
2986597830,2841520438,0,50
2986597830,2841520415,0,81
2990086895,7919257385,0,91
2990086895,2843852025,0,92
2990086895,2990086898,0,75
2990086895,7919237081,0,77
2990086896,2845678038,0,99
2990086896,2845678053,0,53
2990086896,2845678055,0,69
2990086896,2845678017,0,77
2990086897,2843852077,0,66
2990086897,2843852025,0,97
2990086897,2990086898,0,90
2990086898,7919257386,0,57
2990086898,2990086897,0,88
2990086898,2990086900,0,78
2990086898,2990086895,0,82
2990086900,2990086901,0,73
2990086900,2843852077,0,99
2990086900,2990086898,0,80
2990086901,7891754000,0,95
2990086901,2843852064,0,71
2990086901,7891754006,0,84
2990086901,2990086900,0,73
2990086902,2837580506,0,57
2990086902,2837580544,0,100
2990086903,7891642961,0,61
2990086903,2843852222,0,77
2990086903,2990086904,0,84
2990086903,2843852138,0,98
2990086904,7891613891,0,74
2990086904,2990086903,0,93
2990086904,7891642960,0,55
2990086905,2845678261,0,59
2990086905,2845678221,0,50
2990086905,7891613892,0,71
2990086905,2990086906,0,95
2990086906,2845678268,0,87
2990086906,2845678212,0,66
2990086906,2845678247,0,62
2990086906,2990086905,0,82
2990086908,2845678261,0,89
2990086908,7891613885,0,96
2990086912,2837580924,0,79
2990086912,7891613886,0,77
3001619202,2841519021,0,53
3001619202,2841519013,0,79
3001619202,2841519028,0,68
3001619202,2841519018,0,52
3001619205,2841519040,0,57
3001619205,2837286106,0,81
3001619205,2841519010,0,79
3001619208,2841350958,0,73
3001619208,2837286359,0,53
3001619208,7919466720,0,88
3001619211,2841519281,0,93
3001619211,2837286506,0,73
3001619212,2841519411,0,66
3001619212,2841351004,0,77
3001619212,2841519405,0,71
3001619212,2841519286,0,93
3001619213,2841519424,0,68
3001619213,3001619211,0,99
3001619214,1880443248,0,51
3001619214,3001619213,0,84
3001619218,2837286592,0,67
3001619218,2841519487,0,61
3001619218,3001619214,0,68
3001619219,2841519514,0,72
3001619219,2841519492,0,76
3001619219,3001619218,0,51
3001619220,2841519539,0,78
3001619220,3775288122,0,70
3001619220,2841519502,0,69
3001619220,2841519535,0,90
3001619221,2841519513,0,52
3001619221,3001619219,0,88
3001619222,2841519529,0,57
3001619222,3775288127,0,72
3001619222,2841519566,0,96
3001619223,2841519466,0,52
3001619223,3001619221,0,84
3001619224,2841519521,0,97
3001619224,2841519569,0,75
3001619224,3001619225,0,65
3001619224,2841519536,0,61
3001619225,3775288130,0,55
3001619225,3001619224,0,84
3001619225,3775288122,0,56
3001619227,2841519538,0,58
3001619227,3001619223,0,96
3001619228,2841519560,0,59
3001619228,3001619227,0,90
3001619229,7919221069,0,81
3001619229,7979513726,0,77
3001619230,2841519702,0,67
3001619230,3776303952,0,72
3001619230,2841519728,0,79
3001623533,2841519728,0,94
3001623533,2841519752,0,89
3001623533,2841519563,0,65
3001623534,2841519758,0,96
3001623534,2841519757,0,83
3001623535,2841519817,0,86
3001623535,3001623534,0,79
3001623535,3775288145,0,52
3001623536,2841519793,0,54
3001623536,2841519827,0,70
3001623536,3001623535,0,73
3001623539,3001623536,0,52
3001623539,2841519845,0,59
3001623539,3775293563,0,88
3001623540,3775293570,0,96
3001623540,2841519854,0,90
3001623540,3001623539,0,56
3001623541,3775293574,0,74
3001623541,3775193616,0,82
3001623543,2837286673,0,96
3001623543,2841519881,0,55
3001623543,3001623541,0,71
3001623545,2841520035,0,90
3001623545,3775193636,0,97
3001623545,3001623543,0,69
3001623546,2841520062,0,77
3001623546,2841520064,0,75
3001623546,2841520039,0,51
3001623547,3775193866,0,61
3001623547,2841520061,0,97
3001623547,3001623545,0,66
3001623548,2841520082,0,96
3001623548,2841520065,0,91
3001623548,2841520020,0,97
3001623548,2841520095,0,55
3001623550,3001623547,0,77
3001623550,2841520049,0,57
3001623552,3001623554,0,100
3001623552,2841520211,0,62
3001623552,4415614618,0,86
3001623554,3001623552,0,66
3001623554,3001623555,0,69
3001623554,2841520259,0,89
3001623555,2841520271,0,82
3001623555,3001623554,0,84
3001623556,3776308754,0,100
3001623556,3430413850,0,65
3001623556,2841520264,0,94
3001623556,2841520225,0,53
3001623561,2841520317,0,73
3001623561,2841520297,0,86
3001623561,2986597810,0,80
3001623565,3001623568,0,63
3001623565,3001623566,0,98
3001623565,2841520405,0,77
3001623566,2841520456,0,67
3001623566,3001623569,0,97
3001623566,3001623565,0,94
3001623568,2841520421,0,99
3001623568,3001623630,0,61
3001623568,3430413854,0,67
3001623568,3001623565,0,82
3001623569,2841520494,0,92
3001623569,3001623570,0,52
3001623569,3001623566,0,88
3001623570,2841520504,0,75
3001623570,3001623571,0,61
3001623570,3001623569,0,93
3001623571,7904246762,0,68
3001623571,3001623570,0,67
3001623571,2841520502,0,50
3001623571,2841520553,0,76
3001623573,2841520525,0,63
3001623573,3001623574,0,51
3001623573,2841520486,0,100
3001623574,2841520565,0,76
3001623574,3001623573,0,92
3001623574,2841520567,0,58
3001623576,3001623578,0,67
3001623576,2841520591,0,67
3001623578,2841520635,0,79
3001623578,3001623587,0,88
3001623582,2841520634,0,100
3001623582,2841520590,0,90
3001623582,2841520595,0,70
3001623582,2841520632,0,56
3001623585,2841520572,0,64
3001623585,2841520638,0,64
3001623585,3001623586,0,51
3001623585,2841520608,0,95
3001623586,2841520684,0,70
3001623586,2841520578,0,64
3001623586,2841520636,0,54
3001623586,3001623585,0,89
3001623587,3001623592,0,68
3001623587,2841520672,0,96
3001623591,3001623593,0,95
3001623591,2841520678,0,88
3001623591,2841520670,0,79
3001623592,3775044801,0,87
3001623593,2841520727,0,76
3001623593,2841520738,0,90
3001623593,3001623591,0,88
3001623593,2841520746,0,71
3001623628,2841519418,0,84
3001623628,2841351000,0,74
3001623628,2841519262,0,80
3001623628,2841519265,0,85
3001623629,2841520060,0,50
3001623629,2841519900,0,71
3001623629,2841520024,0,71
3001623629,2841520019,0,70
3001623630,3001623568,0,72
3001623630,2841520551,0,78
3001623630,2841520482,0,59
3001623630,2841520467,0,79
3001634030,2837580564,0,97
3001634030,2837580648,0,81
3001634030,3001634031,0,63
3001634031,2833253847,0,84
3001634031,2837580652,0,94
3001634031,3001634030,0,60
3001634031,3001634032,0,93
3001634032,2837580571,0,74
3001634032,2837580660,0,66
3001634032,3001634031,0,75
3001634032,3001634733,0,52
3001634733,2837580575,0,92
3001634733,2837580665,0,86
3001634733,3001634032,0,55
3001634733,2839255722,0,90
3001634734,2837285283,0,81
3001634734,3001634735,0,85
3001634734,2837582570,0,72
3001634734,2837582707,0,55
3001634735,3001634734,0,63
3001634735,3001634737,0,97
3001634735,2837582707,0,83
3001634735,2837582592,0,73
3001634737,3001634735,0,69
3001634737,7912303853,0,68
3001634737,2841299672,0,98
3001634737,2841299694,0,70
3078481707,2833253508,0,78
3078481707,2171115892,0,93
3078481707,2839148433,0,79
3078491193,10682715869,0,51
3078491193,2839148408,0,59
3078491193,2839148350,0,89
3078491193,3777710794,0,87
3078491717,3776216983,0,60
3078491717,3954940706,0,89
3131276106,2841520561,0,72
3131276106,2841520592,0,86
3131276106,2841520558,0,77
3131276106,2841520593,0,76
3140039544,12210218791,0,98
3140039544,2839148756,0,51
3140039545,3140039546,0,98
3140039545,7874568419,0,68
3140039545,2843657471,0,85
3140039546,7920190474,0,97
3140039546,7920190472,0,81
3140039546,3140039545,0,65
3140039547,2843657499,0,74
3140039547,7920190472,0,84
3140039549,2837579847,0,58
3140039549,7920173389,0,74
3140039549,2845677711,0,88
3140039549,3140039550,0,57
3140039550,13439523981,0,56
3140039550,7871304693,0,75
3140039550,3140039549,0,63
3140039553,11047668565,0,63
3140039553,2837580096,0,57
3140039553,2845677855,0,86
3140039553,13439523989,0,68
3140039581,2990086912,0,61
3140039581,7601260506,0,60
3140039582,7889638402,0,99
3140039582,3140039586,0,99
3140039582,2837580976,0,97
3140039586,2837581400,0,75
3140039586,7927123899,0,85
3140039586,3140039582,0,76
3140039600,2841518793,0,72
3140039600,7888680457,0,98
3140039600,12224120089,0,63
3140039601,2841520346,0,76
3140039601,2986597794,0,88
3140039601,2841520330,0,67
3140039602,2986597824,0,70
3140039602,2986597827,0,99
3140039602,2841520354,0,73
3209583091,2841299830,0,90
3209583091,2841299837,0,56
3209583091,2837286028,0,92
3209583091,3209583094,0,93
3209583092,2837286042,0,90
3209583092,2837286105,0,98
3209583092,2841299837,0,90
3209583092,3209583093,0,70
3209583093,3209583092,0,82
3209583093,2841299840,0,84
3209583093,2837286048,0,84
3209583093,3209583095,0,75
3209583094,3209583096,0,64
3209583094,2841299846,0,75
3209583094,2841299841,0,81
3209583094,3209583091,0,98
3209583095,2837286183,0,79
3209583095,2841299851,0,68
3209583095,2837286105,0,78
3209583095,3209583093,0,60
3209583096,3209583094,0,61
3209583096,3430413755,0,75
3209583096,2841299869,0,68
3209583096,2841299864,0,50
3243954164,2841350941,0,84
3243954164,3243954166,0,71
3243954164,2841350943,0,98
3243954165,2841350962,0,79
3243954165,3243954166,0,91
3243954165,3459794825,0,61
3243954166,3243954165,0,93
3243954166,3430413788,0,56
3243954166,3243954164,0,74
3243954166,2841350969,0,87
3430413406,2839148755,0,91
3430413406,12203276446,0,76
3430413406,2839148813,0,76
3430413406,2839148735,0,76
3430413407,2839148752,0,62
3430413407,7937823298,0,90
3430413407,2839148765,0,51
3430413407,2839148743,0,89
3430413409,2841299101,0,64
3430413409,2841299064,0,58
3430413409,2839148789,0,89
3430413409,2841299074,0,89
3430413410,2839148805,0,82
3430413410,2839148771,0,55
3430413410,2839148807,0,88
3430413410,2839148775,0,86
3430413412,2839148842,0,96
3430413412,2839148798,0,76
3430413412,2841299107,0,51
3430413412,2841299103,0,70
3430413414,7939035544,0,89
3430413414,2841299112,0,65
3430413414,2839148831,0,60
3430413414,2839148843,0,86
3430413415,2841299119,0,90
3430413415,2841299128,0,80
3430413415,2839148817,0,93
3430413415,2839148861,0,55
3430413416,4167171694,0,73
3430413416,2839148759,0,51
3430413417,3430413418,0,97
3430413417,2282190202,0,88
3430413418,7871220183,0,100
3430413418,2282190223,0,91
3430413419,3496459084,0,74
3430413419,2839148962,0,85
3430413419,2839148954,0,82
3430413419,2839148918,0,62
3430413420,2839148988,0,60
3430413420,2839148951,0,79
3430413420,2839148964,0,73
3430413420,2837579679,0,96
3430413422,4166878585,0,65
3430413422,2839148973,0,61
3430413422,2839148990,0,80
3430413422,7871220167,0,95
3430413423,2837579641,0,62
3430413424,2839148969,0,70
3430413424,7871811309,0,58
3430413424,2839149033,0,68
3430413424,2839149022,0,54
3430413425,2839148936,0,51
3430413426,2839148946,0,63
3430413427,2839148937,0,86
3430413428,2839149005,0,79
3430413429,8834201097,0,79
3430413430,2837579691,0,65
3430413431,2839149116,0,93
3430413432,11047649407,0,88
3430413433,11047649408,0,78
3430413434,2839149092,0,65
3430413436,2839149110,0,100
3430413437,2839149191,0,61
3430413438,2839149237,0,79
3430413441,2837579876,0,82
3430413443,2837579884,0,91
3430413447,2839255706,0,57
3430413448,2841299195,0,88
3430413448,2839149379,0,71
3430413448,2839149330,0,60
3430413448,2839149342,0,65
3430413449,2837580337,0,79
3430413449,2837580319,0,96
3430413449,2837580075,0,54
3430413449,2837580323,0,50
3430413450,2839149459,0,97
3430413450,2833253698,0,52
3430413450,7938154780,0,93
3430413450,2841299211,0,93
3430413451,2833253722,0,76
3430413451,2839149451,0,83
3430413451,2839149445,0,80
3430413451,2839149507,0,74
3430413452,2837580337,0,54
3430413452,2833253715,0,100
3430413452,2837580319,0,76
3430413453,2839149467,0,66
3430413453,2837580345,0,95
3430413453,4170787628,0,84
3430413453,2839149491,0,57
3430413454,2839149466,0,95
3430413454,2839149512,0,99
3430413454,7870864115,0,88
3430413454,2839149494,0,91
3430413455,3430413452,0,84
3430413455,2833253734,0,95
3430413455,2837591272,0,51
3430413456,2837580340,0,78
3430413456,2837591272,0,80
3430413456,2837580352,0,96
3430413456,2833253764,0,53
3430413457,2837591274,0,68
3430413457,2837580355,0,75
3430413457,2837591273,0,96
3430413457,1880441766,0,99
3430413461,2839149581,0,52
3430413461,2839149617,0,73
3430413461,2833253810,0,75
3430413461,2841299238,0,95
3430413463,2839149604,0,82
3430413463,7915347284,0,90
3430413463,9708719583,0,91
3430413463,2841517773,0,78
3430413466,2839149621,0,77
3430413466,4170813833,0,100
3430413466,2837580385,0,57
3430413467,2841517910,0,56
3430413467,2841517911,0,59
3430413467,2841517956,0,66
3430413467,2841517791,0,98
3430413468,2839149612,0,87
3430413468,2839149616,0,98
3430413468,2833253777,0,100
3430413468,4776770821,0,57
3430413471,2833253791,0,96
3430413471,4776723235,0,60
3430413471,2839149616,0,73
3430413471,2833253829,0,76
3430413472,2837580377,0,92
3430413472,2837580551,0,71
3430413472,2841299265,0,59
3430413472,3955043044,0,65
3430413473,2837284907,0,100
3430413473,3430413475,0,80
3430413473,2837284905,0,63
3430413473,3773002117,0,66
3430413475,2837284922,0,56
3430413475,2841299292,0,71
3430413475,3430413473,0,91
3430413475,7953233884,0,94
3430413476,2839149662,0,54
3430413476,4776766927,0,79
3430413476,7923076396,0,95
3430413476,4776756140,0,81
3430413477,2171064388,0,98
3430413477,3430413483,0,65
3430413477,2833127092,0,98
3430413477,2833127095,0,66
3430413478,2171064393,0,71
3430413478,3430413484,0,68
3430413478,2833127095,0,94
3430413478,2841299324,0,78
3430413479,2833127096,0,71
3430413479,2833127097,0,100
3430413479,3430413485,0,78
3430413479,2837284924,0,94
3430413480,3430413486,0,66
3430413480,2171064395,0,86
3430413480,2841299324,0,67
3430413480,2833127303,0,88
3430413481,2833127091,0,52
3430413481,3430413487,0,98
3430413481,2833127100,0,58
3430413481,2833127306,0,59
3430413482,2833127304,0,83
3430413482,2833127309,0,68
3430413482,3430413488,0,51
3430413482,2171064397,0,64
3430413483,2833127306,0,73
3430413483,2833127312,0,86
3430413483,3430413477,0,73
3430413483,2171064401,0,95
3430413484,3430413478,0,68
3430413484,2171064405,0,69
3430413484,2833127312,0,95
3430413484,12201013539,0,60
3430413485,2833127326,0,86
3430413485,2833127315,0,90
3430413485,2171064399,0,69
3430413485,3430413479,0,80
3430413486,2171064409,0,95
3430413486,3430413480,0,78
3430413486,7911664353,0,93
3430413486,2833127327,0,68
3430413487,3430413481,0,59
3430413487,7911664364,0,97
3430413487,2833127326,0,94
3430413487,2833127355,0,58
3430413488,2833127328,0,59
3430413488,2841299334,0,88
3430413488,3430413482,0,68
3430413488,2171064411,0,74
3430413489,2839255754,0,66
3430413489,2839255740,0,90
3430413489,2841518426,0,64
3430413491,2839255760,0,51
3430413491,2839149735,0,63
3430413491,2839255764,0,87
3430413492,3430413596,0,69
3430413492,4160437052,0,59
3430413492,7911664339,0,87
3430413492,4160437048,0,50
3430413593,3430413595,0,66
3430413593,2841299349,0,73
3430413593,2833127377,0,96
3430413593,2833127331,0,82
3430413594,4160437057,0,97
3430413594,2171064411,0,83
3430413594,2841299334,0,75
3430413594,7222623237,0,80
3430413595,7911664340,0,89
3430413595,3430413593,0,60
3430413595,2833127384,0,72
3430413595,2833127351,0,91
3430413596,3430413600,0,59
3430413596,3430413492,0,87
3430413596,4160437058,0,82
3430413596,7911664340,0,70
3430413597,2833127378,0,83
3430413597,2837581382,0,73
3430413597,2833127446,0,74
3430413598,2841518454,0,81
3430413598,2839255766,0,91
3430413598,2841518436,0,60
3430413598,7911603781,0,83
3430413600,3430413596,0,80
3430413600,4160437060,0,61
3430413600,2833127384,0,80
3430413600,7911664336,0,74
3430413601,2575598095,0,50
3430413601,7937080155,0,92
3430413601,2837284949,0,54
3430413601,2837284946,0,71
3430413602,3430413609,0,64
3430413602,2833127369,0,69
3430413602,3430413604,0,63
3430413602,2833127399,0,64
3430413603,2837284954,0,59
3430413603,2837284962,0,67
3430413603,2837284950,0,88
3430413603,2837284964,0,99
3430413604,2833127463,0,96
3430413604,2833127373,0,100
3430413604,3430413606,0,57
3430413604,3430413602,0,91
3430413605,2841518465,0,62
3430413605,2841518458,0,72
3430413605,3500723166,0,81
3430413605,3500723166,1,79
3430413606,3430413611,0,86
3430413606,2833127381,0,90
3430413606,3430413607,0,50
3430413606,3430413604,0,97
3430413607,3430413606,0,100
3430413607,2833127474,0,100
3430413607,2833127386,0,83
3430413607,2833127428,0,64
3430413608,7911789366,0,97
3430413608,1880442473,0,62
3430413608,4160440928,0,73
3430413608,7911789357,0,92
3430413609,2833127490,0,52
3430413609,3430413602,0,75
3430413609,2833127463,0,90
3430413609,2833127447,0,56
3430413610,2841299380,0,71
3430413610,2841299377,0,82
3430413610,2841518500,0,54
3430413610,2833127426,0,67
3430413611,2833127503,0,85
3430413611,3430413606,0,84
3430413611,2833127474,0,97
3430413611,2833127463,0,84
3430413612,2841518494,0,55
3430413612,7915427871,0,53
3430413612,7915427883,0,78
3430413612,2841518477,0,86
3430413614,2833127542,0,83
3430413614,7911789359,0,65
3430413614,2841299384,0,65
3430413615,3430413616,0,66
3430413615,2833127552,0,97
3430413615,2833127533,0,61
3430413615,2833127573,0,94
3430413616,3430413619,0,91
3430413616,3430413615,0,65
3430413616,2833127538,0,64
3430413616,3430413623,0,94
3430413617,2837582022,0,95
3430413617,2837581894,0,79
3430413617,2837581886,0,61
3430413617,2837581865,0,52
3430413619,2833127544,0,88
3430413619,3430413616,0,67
3430413619,12200840404,0,85
3430413619,3430413626,0,67
3430413620,2837285106,0,55
3430413620,3430413630,0,97
3430413620,2837285142,0,62
3430413620,9781557109,0,96
3430413622,2833127609,0,54
3430413622,2841299514,0,58
3430413622,3430413625,0,83
3430413622,2841299522,0,69
3430413623,3430413626,0,53
3430413623,2833127573,0,63
3430413623,2833127591,0,64
3430413623,3430413616,0,65
3430413624,2833127558,0,87
3430413624,2833127600,0,98
3430413624,2833127596,0,87
3430413624,2833127563,0,80
3430413625,2841299534,0,79
3430413625,3430413622,0,56
3430413625,2833127615,0,84
3430413625,2841299511,0,100
3430413626,7911697784,0,53
3430413626,3430413623,0,70
3430413626,3430413619,0,100
3430413627,3430413631,0,90
3430413627,2575608306,0,54
3430413627,2837285138,0,62
3430413627,3430413628,0,80
3430413628,2575608325,0,57
3430413628,7954368311,0,78
3430413628,3430413627,0,55
3430413628,3430413629,0,80
3430413629,2575608298,0,62
3430413629,2837285134,0,56
3430413629,2575611213,0,84
3430413629,3430413628,0,87
3430413630,3773464323,0,63
3430413630,3773464317,0,88
3430413630,3430413620,0,81
3430413630,2837285159,0,69
3430413631,2575608308,0,86
3430413631,2575608325,0,50
3430413631,3430413632,0,87
3430413631,3430413627,0,77
3430413632,3430413634,0,57
3430413632,3430413631,0,96
3430413632,2575611207,0,78
3430413632,3430413633,0,99
3430413633,2837285172,0,91
3430413633,2575608325,0,62
3430413633,2837285167,0,87
3430413633,3430413632,0,90
3430413634,3430413641,0,89
3430413634,3430413632,0,98
3430413634,2841299557,0,79
3430413634,2837285172,0,50
3430413635,2837285142,0,66
3430413635,3773464335,0,98
3430413635,2837285178,0,76
3430413635,2837285205,0,88
3430413636,2837285181,0,67
3430413636,3773265059,0,81
3430413636,3430413643,0,90
3430413636,2837285154,0,61
3430413637,2833127607,0,71
3430413637,2833127621,0,82
3430413637,2833127614,0,80
3430413638,2837582233,0,82
3430413638,2837285158,0,68
3430413638,7954366874,0,91
3430413638,7941820302,0,69
3430413639,2841518732,0,66
3430413639,3776032396,0,84
3430413639,3776032388,0,65
3430413639,3776032394,0,71
3430413640,2837285151,0,67
3430413640,7915991508,0,93
3430413640,2837285178,0,85
3430413640,3430413642,0,82
3430413641,3430413634,0,69
3430413641,2841299561,0,90
3430413641,2841299557,0,78
3430413642,2837285245,0,57
3430413642,2837285156,0,98
3430413642,3430413640,0,61
3430413642,2837285190,0,81
3430413643,3773265062,0,50
3430413643,2837285201,0,70
3430413643,2837285208,0,82
3430413643,3430413636,0,80
3430413644,2837285229,0,81
3430413644,2283890945,0,60
3430413647,2837285244,0,61
3430413647,2837285272,0,54
3430413647,2837285185,0,98
3430413647,3773464479,0,77
3430413648,2833303020,0,93
3430413648,2837285226,0,69
3430413648,7912298346,0,56
3430413648,2841299620,0,78
3430413649,7915677732,0,71
3430413649,2283890956,0,90
3430413650,2833301291,0,93
3430413650,2841299620,0,84
3430413650,3430413652,0,61
3430413650,2833303044,0,62
3430413651,7915612554,0,99
3430413651,2837285517,0,56
3430413652,2833301297,0,98
3430413652,2833303044,0,64
3430413652,3430413650,0,63
3430413652,2833303014,0,69
3430413653,3430413651,0,82
3430413653,7915677705,0,69
3430413654,2837285412,0,70
3430413654,2837285491,0,99
3430413654,2837285462,0,83
3430413654,8852126373,0,80
3430413655,3430413653,0,56
3430413655,3773265232,0,93
3430413656,3430413655,0,69
3430413656,3773265238,0,89
3430413657,3430413658,0,63
3430413657,2837285479,0,86
3430413657,2837285516,0,93
3430413657,2837285439,0,59
3430413658,2837285525,0,70
3430413658,2837285456,0,60
3430413658,7916815888,0,62
3430413658,3430413657,0,99
3430413659,3430413656,0,75
3430413659,3773265247,0,100
3430413660,2833303098,0,60
3430413660,3430413661,0,60
3430413660,7912199204,0,89
3430413660,2833303034,0,92
3430413661,2833303110,0,60
3430413661,2833303030,0,70
3430413661,2833303076,0,83
3430413661,3430413660,0,80
3430413663,2841299733,0,91
3430413663,2841299729,0,88
3430413663,2841299725,0,100
3430413664,2837285548,0,76
3430413664,2837285541,0,99
3430413664,2837285596,0,96
3430413664,7916066555,0,67
3430413665,2837285520,0,64
3430413665,2837285569,0,66
3430413665,2837285527,0,80
3430413665,2837285563,0,69
3430413667,2833303086,0,73
3430413667,2833303135,0,59
3430413667,2833303123,0,69
3430413667,2833303104,0,71
3430413670,4150576591,0,96
3430413670,2833303110,0,72
3430413670,7912199190,0,97
3430413670,2837582774,0,70
3430413673,3773464540,0,78
3430413673,2837285561,0,69
3430413673,2837285587,0,77
3430413673,2837285551,0,86
3430413674,7915612556,0,75
3430413674,2837285588,0,98
3430413674,2837285622,0,76
3430413674,3773265228,0,50
3430413677,2833303130,0,98
3430413677,2841299750,0,75
3430413677,12221447637,0,53
3430413680,3773464540,0,76
3430413680,2837285569,0,72
3430413680,2837285613,0,91
3430413680,3773464562,0,58
3430413681,7942160047,0,79
3430413681,7942160051,0,99
3430413681,2837583099,0,67
3430413681,2837583064,0,51
3430413682,2837583345,0,95
3430413682,2575637692,0,62
3430413682,7942020322,0,63
3430413682,2837583080,0,92
3430413684,7954368026,0,95
3430413684,7942020322,0,66
3430413684,2837583088,0,68
3430413684,2837285623,0,73
3430413685,2837583362,0,51
3430413685,2837583074,0,70
3430413685,2837583561,0,77
3430413685,2837583376,0,100
3430413686,2837285613,0,74
3430413686,11158418097,0,70
3430413686,3773464571,0,85
3430413686,3773464581,0,85
3430413688,2833303187,0,97
3430413688,2837583303,0,62
3430413688,4149399422,0,63
3430413689,2837285647,0,89
3430413689,2837285661,0,82
3430413689,3430413696,0,78
3430413690,7915731593,0,67
3430413690,3430413692,0,56
3430413690,2841518964,0,54
3430413690,2841518983,0,65
3430413691,2833303219,0,60
3430413691,2841349281,0,70
3430413691,7912102289,0,96
3430413691,3997885759,0,80
3430413692,3430413690,0,96
3430413692,3430413694,0,87
3430413692,2841518985,0,80
3430413692,2841518965,0,52
3430413693,2837285753,0,99
3430413693,3773196880,0,92
3430413693,2837285666,0,74
3430413693,2837285625,0,94
3430413694,3430413692,0,95
3430413694,2841518975,0,81
3430413694,2841518986,0,65
3430413694,2841518966,0,67
3430413695,2837583558,0,88
3430413695,3430413697,0,87
3430413695,2837583583,0,74
3430413695,7950757466,0,53
3430413696,2837285785,0,56
3430413696,3430413689,0,53
3430413696,2837285713,0,90
3430413696,3430413698,0,71
3430413697,2837285721,0,67
3430413697,7950757465,0,84
3430413697,3430413695,0,73
3430413697,2837583727,0,78
3430413698,2837285801,0,68
3430413698,3430413696,0,57
3430413698,3774429802,0,80
3430413698,2837285661,0,58
3430413700,2837583774,0,97
3430413700,2837583720,0,54
3430413700,2837583764,0,70
3430413700,2837583732,0,99
3430413702,2837583763,0,96
3430413702,2837583768,0,76
3430413702,2837285685,0,59
3430413702,3430413710,0,59
3430413703,2837583768,0,87
3430413703,2837583776,0,69
3430413703,2837285864,0,86
3430413703,2837285699,0,62
3430413705,2837285830,0,85
3430413705,7928057108,0,55
3430413705,2837583904,0,78
3430413705,2837583782,0,65
3430413707,2837583733,0,70
3430413707,2837583912,0,86
3430413707,7927736470,0,84
3430413707,3774429804,0,98
3430413708,2837583737,0,92
3430413708,7927736467,0,66
3430413708,3774429804,0,85
3430413708,2837583903,0,83
3430413710,3430413702,0,68
3430413710,2837285891,0,94
3430413710,2841299789,0,51
3430413710,2841299790,0,58
3430413711,2837285793,0,99
3430413711,2837583923,0,99
3430413711,2837583952,0,54
3430413711,2837583918,0,100
3430413712,3430413715,0,94
3430413712,2837285836,0,95
3430413712,2837285834,0,97
3430413712,3430413714,0,70
3430413713,2837285832,0,73
3430413713,2837286011,0,99
3430413713,7907983084,0,78
3430413713,2837285880,0,97
3430413714,2841299795,0,63
3430413714,2841299797,0,61
3430413714,3430413712,0,70
3430413714,2841299803,0,79
3430413715,2837285861,0,64
3430413715,3430413721,0,79
3430413715,3430413722,0,73
3430413715,3430413712,0,71
3430413716,2837583944,0,62
3430413716,2837583919,0,93
3430413716,2837285878,0,95
3430413716,2837583940,0,66
3430413717,2837285896,0,66
3430413717,7907460711,0,88
3430413717,2837286005,0,97
3430413717,2837285847,0,51
3430413718,2837583951,0,58
3430413718,2837583931,0,57
3430413718,2837583932,0,91
3430413718,2837286003,0,76
3430413721,3430413715,0,77
3430413721,2841299816,0,75
3430413721,2841299799,0,81
3430413721,2841299800,0,53
3430413722,3430413715,0,83
3430413722,3430413726,0,53
3430413722,2837285876,0,82
3430413722,3430413725,0,73
3430413723,2837286024,0,51
3430413723,2837285831,0,86
3430413723,2837285893,0,77
3430413723,2837286009,0,52
3430413724,2837286044,0,82
3430413724,3774429808,0,70
3430413724,2837286016,0,100
3430413724,2837285852,0,84
3430413725,2841299804,0,81
3430413725,2841299801,0,68
3430413725,3430413722,0,86
3430413725,2837286049,0,71
3430413726,3430413727,0,90
3430413726,3430413722,0,54
3430413726,2837285897,0,97
3430413726,2837286028,0,54
3430413727,2837286061,0,86
3430413727,3430413726,0,55
3430413727,2837286012,0,85
3430413727,2837286041,0,99
3430413728,2837286052,0,57
3430413728,2841299820,0,84
3430413728,2841299803,0,60
3430413728,3430413737,0,82
3430413729,2841299816,0,55
3430413729,2841299828,0,86
3430413729,3430413744,0,79
3430413729,2837286068,0,89
3430413731,3430413749,0,91
3430413731,2841299839,0,62
3430413731,2837286049,0,98
3430413731,2837286076,0,54
3430413732,2841519045,0,99
3430413732,3729645120,0,93
3430413732,2841519031,0,77
3430413733,2837286058,0,67
3430413733,3430413740,0,79
3430413733,2837583998,0,78
3430413733,3430413735,0,97
3430413734,7920095741,0,59
3430413734,2841519034,0,91
3430413734,2841350906,0,71
3430413734,2841519050,0,54
3430413735,3430413733,0,61
3430413735,2837286100,0,91
3430413735,2837286135,0,86
3430413735,2837286071,0,71
3430413736,2841519046,0,79
3430413736,2841350910,0,83
3430413736,2841519034,0,99
3430413736,2837286198,0,94
3430413737,2837286116,0,97
3430413737,2841299844,0,77
3430413737,3430413728,0,51
3430413737,3430413741,0,75
3430413738,2837286129,0,86
3430413738,2837286091,0,68
3430413738,3430413743,0,50
3430413738,2837286096,0,89
3430413739,2841350907,0,74
3430413739,2841350918,0,51
3430413739,2841350913,0,50
3430413739,3430413742,0,64
3430413740,2837286101,0,70
3430413740,2837286135,0,77
3430413740,3430413733,0,59
3430413740,2837286149,0,66
3430413741,2841299847,0,64
3430413741,3430413748,0,87
3430413741,3430413737,0,93
3430413741,2837286151,0,99
3430413742,2841350911,0,70
3430413742,3430413750,0,84
3430413742,3430413739,0,79
3430413742,2841350917,0,91
3430413743,2837286103,0,92
3430413743,2837286134,0,62
3430413743,3430413738,0,99
3430413743,7919946481,0,86
3430413744,2837286137,0,72
3430413744,2841299852,0,95
3430413744,3430413729,0,86
3430413744,3430413748,0,59
3430413745,2841299859,0,62
3430413745,2841299856,0,99
3430413745,2837286059,0,59
3430413745,3430413752,0,63
3430413746,2841519047,0,69
3430413746,2841519060,0,61
3430413746,2841519051,0,56
3430413746,3430413747,0,51
3430413747,2841350914,0,84
3430413747,7919717074,0,88
3430413747,3430413746,0,52
3430413747,2841519054,0,99
3430413748,3430413741,0,58
3430413748,2841299866,0,84
3430413748,3430413744,0,72
3430413748,2837286177,0,54
3430413749,3430413731,0,70
3430413749,2841299866,0,70
3430413749,2837286144,0,64
3430413749,2841299863,0,92
3430413750,2841519061,0,63
3430413750,2841350920,0,62
3430413750,3430413742,0,69
3430413750,2837286265,0,60
3430413751,3776117119,0,77
3430413751,2837286113,0,67
3430413751,2837286166,0,64
3430413751,3776117113,0,63
3430413752,2837286197,0,99
3430413752,2837286150,0,72
3430413752,3430413757,0,51
3430413752,3430413745,0,58
3430413755,3209583096,0,78
3430413755,2837286231,0,57
3430413755,2841299866,0,74
3430413755,2841299876,0,51
3430413757,2837286237,0,78
3430413757,2837286192,0,97
3430413757,3430413752,0,97
3430413757,3459794824,0,63
3430413758,2837286207,0,74
3430413758,2841350934,0,53
3430413758,3430413762,0,78
3430413758,2841350924,0,78
3430413759,3776117115,0,75
3430413759,3430413767,0,62
3430413759,2841519084,0,63
3430413759,2841519079,0,99
3430413760,2837286216,0,74
3430413760,2837286277,0,87
3430413760,2837286242,0,57
3430413760,3430413764,0,55
3430413761,3776117132,0,61
3430413761,2837286204,0,82
3430413761,2837286263,0,87
3430413761,3776117127,0,96
3430413762,3430413765,0,83
3430413762,3430413758,0,57
3430413762,2841350922,0,60
3430413762,2841350939,0,98
3430413764,3430413770,0,63
3430413764,2837286227,0,57
3430413764,3430413760,0,81
3430413764,3430413766,0,97
3430413765,2841350932,0,88
3430413765,3430413762,0,72
3430413765,2841350923,0,97
3430413765,2841350952,0,70
3430413766,2837286244,0,76
3430413766,3430413773,0,62
3430413766,3430413764,0,63
3430413766,2837286280,0,55
3430413767,2841519087,0,82
3430413767,2841350940,0,73
3430413767,3430413759,0,80
3430413767,2841519097,0,66
3430413769,3776117134,0,82
3430413769,2837286362,0,57
3430413769,7904050160,0,79
3430413769,3776117137,0,51
3430413770,2837286316,0,50
3430413770,3430413764,0,74
3430413770,2837286277,0,76
3430413770,3430413773,0,75
3430413772,2837286313,0,56
3430413772,2837286284,0,72
3430413772,3774429819,0,73
3430413772,2837286389,0,69
3430413773,3430413766,0,54
3430413773,3430413778,0,77
3430413773,3430413770,0,91
3430413773,2837286312,0,69
3430413775,2837286305,0,64
3430413775,3430413777,0,94
3430413775,2841350931,0,55
3430413775,2841350960,0,91
3430413777,3430413775,0,91
3430413777,2841350945,0,74
3430413777,2841350934,0,80
3430413777,2841350957,0,51
3430413778,3430413773,0,67
3430413778,3430413784,0,96
3430413778,2837286337,0,91
3430413778,2837286316,0,70
3430413780,2837286322,0,52
3430413780,2837286363,0,59
3430413780,2837286311,0,65
3430413780,2837286340,0,61
3430413781,2841519204,0,86
3430413781,2841350955,0,50
3430413781,2841519097,0,58
3430413781,3430413789,0,83
3430413782,2837286383,0,59
3430413782,2837286316,0,58
3430413782,2837286330,0,94
3430413782,3430413784,0,80
3430413784,3430413778,0,98
3430413784,2837286393,0,52
3430413784,3430413782,0,53
3430413784,2837286372,0,88
3430413785,2837286308,0,63
3430413785,2841350966,0,97
3430413785,3430413788,0,92
3430413785,2837286353,0,68
3430413787,2841519211,0,73
3430413787,3430413789,0,89
3430413787,2841519204,0,76
3430413787,2841519217,0,60
3430413788,3243954166,0,76
3430413788,3430413785,0,61
3430413788,2841350943,0,61
3430413788,2841350975,0,83
3430413789,3430413781,0,59
3430413789,3430413792,0,97
3430413789,3430413787,0,92
3430413789,2841519215,0,61
3430413791,2837286412,0,73
3430413791,2837286363,0,57
3430413791,2837286371,0,100
3430413791,2837286388,0,60
3430413792,2841519217,0,51
3430413792,2841350971,0,81
3430413792,3430413789,0,63
3430413792,3430413797,0,69
3430413793,3430413798,0,75
3430413793,2837286381,0,90
3430413793,2841350972,0,73
3430413793,2841350970,0,66
3430413794,3430413796,0,89
3430413794,2841350972,0,70
3430413794,2841519216,0,51
3430413794,3430413800,0,100
3430413795,2837286442,0,51
3430413795,2841519221,0,71
3430413795,2837286402,0,51
3430413795,2841519226,0,80
3430413796,2837286449,0,52
3430413796,2837286397,0,97
3430413796,3776112467,0,59
3430413796,3430413794,0,76
3430413797,2841350973,0,52
3430413797,2841350978,0,84
3430413797,3430413792,0,74
3430413797,2841350985,0,98
3430413798,2837286466,0,88
3430413798,3430413793,0,96
3430413798,2841350979,0,83
3430413798,2841519223,0,60
3430413799,2837286472,0,60
3430413799,2841350972,0,56
3430413799,3430413800,0,50
3430413799,2841350979,0,72
3430413800,2837286449,0,64
3430413800,3430413799,0,55
3430413800,3430413794,0,76
3430413800,2841519233,0,54
3430413801,2837286472,0,57
3430413801,2837286466,0,80
3430413801,2841350979,0,79
3430413801,3430413805,0,76
3430413802,2837286468,0,84
3430413802,2837286475,0,78
3430413802,2841519227,0,58
3430413802,3430413804,0,88
3430413803,2841350990,0,90
3430413803,2837286449,0,50
3430413803,2841519233,0,69
3430413803,3776112472,0,80
3430413804,2837286480,0,80
3430413804,2837286489,0,66
3430413804,3430413802,0,58
3430413804,7904172423,0,70
3430413805,2837286510,0,92
3430413805,2837286466,0,84
3430413805,2841519243,0,73
3430413805,3430413801,0,89
3430413806,2841519241,0,92
3430413806,2841350996,0,95
3430413806,2841350994,0,56
3430413806,2841519259,0,80
3430413807,2837286503,0,81
3430413807,2837286496,0,97
3430413807,3430413808,0,86
3430413807,2841299906,0,62
3430413808,2837286515,0,58
3430413808,2837286511,0,64
3430413808,3430413807,0,82
3430413809,2837286484,0,58
3430413809,3430413818,0,59
3430413809,2837286504,0,64
3430413809,2837286527,0,92
3430413810,2841299911,0,55
3430413810,3430413811,0,97
3430413810,2841299915,0,56
3430413810,2837286511,0,95
3430413811,2841299910,0,75
3430413811,3430413810,0,68
3430413811,2841299912,0,89
3430413811,3430413812,0,56
3430413812,3430413814,0,65
3430413812,2841299917,0,64
3430413812,3430413811,0,66
3430413812,3430413816,0,61
3430413813,2837286499,0,96
3430413813,2837286568,0,92
3430413813,3430413815,0,69
3430413813,2837286529,0,71
3430413814,2837286533,0,95
3430413814,3430413812,0,79
3430413814,2841299920,0,92
3430413814,2841299915,0,87
3430413815,2837286504,0,83
3430413815,3430413827,0,83
3430413815,3430413818,0,86
3430413815,3430413813,0,67
3430413816,3430413820,0,98
3430413816,7928321543,0,58
3430413816,2841299920,0,70
3430413816,3430413812,0,77
3430413817,2841519289,0,73
3430413817,2841519272,0,92
3430413817,2841519274,0,59
3430413817,2841519285,0,87
3430413818,3430413809,0,97
3430413818,3430413828,0,52
3430413818,2837286549,0,97
3430413818,3430413815,0,74
3430413819,2841519278,0,90
3430413819,2841519291,0,53
3430413819,3430413822,0,100
3430413819,2841519277,0,62
3430413820,3430413821,0,61
3430413820,2841299922,0,50
3430413820,3430413816,0,59
3430413820,2841299925,0,90
3430413821,2837286546,0,52
3430413821,3430413820,0,100
3430413821,2841299924,0,65
3430413821,2841299920,0,60
3430413822,3430413823,0,75
3430413822,3430413819,0,70
3430413822,2841519285,0,50
3430413822,2841519298,0,86
3430413823,2841519416,0,80
3430413823,3430413822,0,80
3430413823,2841519293,0,72
3430413823,7904246780,0,62
3430413824,2841519432,0,90
3430413824,2841519418,0,86
3430413824,2841519467,0,75
3430413824,2841519402,0,78
3430413825,2841519406,0,63
3430413825,2841519453,0,79
3430413825,2841519299,0,89
3430413825,2841519444,0,66
3430413826,2841519452,0,84
3430413826,2841519419,0,78
3430413826,2841519421,0,57
3430413826,2841519447,0,97
3430413827,3430413815,0,67
3430413827,3430413831,0,91
3430413827,3430413828,0,99
3430413827,2837286568,0,82
3430413828,3430413818,0,71
3430413828,3430413832,0,71
3430413828,2837286576,0,61
3430413828,3430413827,0,66
3430413829,2841519471,0,71
3430413829,2841519466,0,81
3430413829,2841519423,0,99
3430413829,2841519503,0,85
3430413830,7928321555,0,79
3430413830,2841299935,0,92
3430413830,2841299942,0,56
3430413830,2841299931,0,92
3430413831,3430413827,0,71
3430413831,2837286581,0,98
3430413831,3430413832,0,83
3430413831,7907717469,0,66
3430413832,3430413828,0,54
3430413832,3430413831,0,100
3430413832,2837286595,0,73
3430413832,7907717471,0,77
3430413835,2841519710,0,91
3430413835,2841519744,0,51
3430413835,2841519701,0,84
3430413838,2837286648,0,58
3430413838,2837286664,0,56
3430413838,2837286654,0,64
3430413838,2837286657,0,79
3430413839,2841519757,0,57
3430413839,2841519758,0,57
3430413839,2841519744,0,85
3430413839,2841519590,0,95
3430413843,2837286669,0,68
3430413843,7927814823,0,58
3430413843,2837286668,0,72
3430413843,2837286661,0,69
3430413845,2841520078,0,78
3430413845,2841520013,0,77
3430413845,2841520041,0,85
3430413846,2841520069,0,55
3430413846,2841520040,0,82
3430413846,2841520073,0,61
3430413846,2841520032,0,75
3430413847,2841520098,0,82
3430413847,2841520060,0,62
3430413847,2841520068,0,59
3430413847,2841520080,0,93
3430413848,2841520087,0,64
3430413848,2841520069,0,99
3430413848,2841520055,0,51
3430413848,2841520096,0,62
3430413849,2841520232,0,96
3430413849,2841520212,0,97
3430413849,2841520242,0,72
3430413849,2841520077,0,83
3430413850,2841520207,0,88
3430413850,2841520247,0,99
3430413850,3001623556,0,59
3430413850,2841520220,0,86
3430413851,2841520375,0,83
3430413851,2841520393,0,83
3430413851,2841520408,0,53
3430413851,2841520371,0,84
3430413852,2841520466,0,73
3430413852,2841520483,0,84
3430413852,3775193921,0,64
3430413852,2841520547,0,94
3430413853,2841520449,0,83
3430413853,3430413855,0,60
3430413853,2841520448,0,73
3430413854,3001623568,0,60
3430413854,2841520501,0,56
3430413854,2841520457,0,93
3430413855,2841520480,0,60
3430413855,3430413856,0,90
3430413855,3430413853,0,90
3430413856,2841520500,0,89
3430413856,3430413857,0,64
3430413856,3430413855,0,98
3430413857,2841520514,0,95
3430413857,3430413858,0,59
3430413857,3430413856,0,84
3430413858,2841520533,0,89
3430413858,3430413857,0,77
3430413858,2841520582,0,62
3430413859,2841520645,0,67
3430413859,2841520679,0,53
3430413859,2841520682,0,75
3430413859,2841520642,0,68
3430413860,2841520650,0,74
3430413860,3430413861,0,83
3430413860,2841520664,0,76
3430413860,2841520677,0,80
3430413861,3430413860,0,79
3430413861,3430413862,0,70
3430413861,2841520673,0,58
3430413861,2841520707,0,96
3430413862,2841520680,0,69
3430413862,2841520718,0,50
3430413862,3430413861,0,54
3430413862,2841520728,0,66
3430413863,3430413864,0,95
3430413863,2841520729,0,85
3430413863,2841520731,0,92
3430413863,2841520751,0,69
3430413864,2841520747,0,63
3430413864,2841520778,0,96
3430413864,2841520780,0,89
3430413864,3430413863,0,88
3430413865,2841520789,0,54
3430413865,2841520822,0,53
3430413865,2841520768,0,98
3430413865,2841520782,0,76
3430413866,2841520759,0,58
3430413866,2841520821,0,59
3430413866,3430413868,0,80
3430413867,2841520741,0,60
3430413867,2841520823,0,98
3430413867,2841520787,0,65
3430413867,2841520801,0,75
3430413868,2841520802,0,100
3430413868,3430413866,0,60
3430413868,2841520765,0,91
3430413868,2841520809,0,76
3430413869,2841520780,0,75
3430413869,2841520826,0,87
3430413869,2841520816,0,62
3430413869,2841520805,0,65
3459794824,2837286293,0,72
3459794824,2837286253,0,54
3459794824,2837286318,0,64
3459794824,3430413757,0,67
3459794825,2841350946,0,58
3459794825,2841519086,0,75
3459794825,3243954165,0,57
3485765655,2837580358,0,96
3485765655,4393296800,0,97
3485765655,3485765663,0,87
3485765656,2839149495,0,93
3485765656,2837580344,0,59
3485765656,4393296800,0,63
3485765660,2837284096,0,78
3485765660,1880441762,0,59
3485765662,2837580349,0,93
3485765662,2839149495,0,67
3485765662,4643798868,0,98
3485765663,3485765655,0,70
3485765663,2837580368,0,50
3485765663,2294633478,0,90
3486029860,2833253805,0,57
3486029860,2833253787,0,83
3486198682,2841299241,0,69
3486198682,3486229679,0,83
3486198682,2841299254,0,56
3486198682,2833253772,0,99
3486229679,1880441831,0,90
3486229679,2833253766,0,88
3486229679,3486198682,0,80
3486229679,2839149593,0,64
3486302023,7939035523,0,92
3486302023,7937903423,0,78
3486302023,3486302024,0,69
3486302024,2839148836,0,57
3486302024,2839148813,0,84
3486302024,3486302023,0,97
3486302024,7871811324,0,89
3488732710,3488732713,0,79
3488732710,3488732711,0,59
3488732710,4650003425,0,54
3488732711,3488732710,0,98
3488732713,2839148923,0,96
3488732713,3488732710,0,71
3488732713,3488732714,0,67
3488732714,3488732713,0,52
3488732721,3488732731,0,74
3488732722,3488732725,0,66
3488732722,3488732728,0,57
3488732722,3488732723,0,90
3488732722,3488732731,0,79
3488732723,3488732722,0,77
3488732723,7937903437,0,87
3488732723,13605342549,0,60
3488732724,3488732732,0,95
3488732725,3488732722,0,94
3488732725,3488732732,0,100
3488732725,7937903443,0,81
3488732728,3488732722,0,98
3488732728,7937903429,0,68
3488732728,13605342549,0,64
3488732730,7937903429,0,83
3488732730,2839148880,0,56
3488732730,3488732731,0,55
3488732731,3488732721,0,96
3488732731,3488732732,0,88
3488732731,3488732730,0,88
3488732731,3488732722,0,73
3488732732,3488732733,0,65
3488732732,3488732731,0,92
3488732732,3488732725,0,81
3488732732,3488732724,0,94
3488732733,3488732732,0,77
3496451207,7938695433,0,76
3496451207,3776182350,0,53
3496451207,2839148740,0,90
3496451208,2841299129,0,56
3496451212,2839148506,0,99
3496451362,2837591268,0,67
3496451362,2294633474,0,96
3496451364,3496451365,0,96
3496451364,2833253741,0,67
3496451364,2833253746,0,66
3496451365,2837591267,0,90
3496451365,2837591268,0,82
3496451365,3496451364,0,71
3496451365,2294633474,0,76
3496459075,3496459078,0,92
3496459077,3496460198,0,66
3496459077,7963633674,0,72
3496459078,3496459075,0,55
3496459078,3496460199,0,50
3496459078,3496459079,0,56
3496459079,3496459080,0,95
3496459079,3496459078,0,81
3496459079,3496459082,0,65
3496459080,3496459079,0,87
3496459080,3777691608,0,81
3496459080,3496460202,0,64
3496459082,3777691608,0,87
3496459082,4167304117,0,77
3496459082,3496459079,0,92
3496459084,3430413419,0,67
3496459084,3496459085,0,56
3496459084,3496459087,0,99
3496459085,2839148881,0,95
3496459085,3496459084,0,81
3496459085,3496459086,0,85
3496459086,3496459085,0,88
3496459086,2839148847,0,86
3496459086,4167304121,0,74
3496459087,7872058154,0,88
3496459087,3496459084,0,83
3496459091,2839148901,0,92
3496459092,2839148905,0,74
3496459092,2839148901,0,52
3496459092,2839148953,0,88
3496460197,3496483757,0,56
3496460197,4167304121,0,87
3496460198,3496459077,0,100
3496460198,7871220169,0,91
3496460198,3496460199,0,56
3496460199,3496459078,0,86
3496460199,3496460198,0,56
3496460199,3496460202,0,57
3496460202,3496459080,0,98
3496460202,7871220183,0,65
3496460202,3496460199,0,73
3496460203,3496460205,0,87
3496460203,2839148887,0,93
3496460205,9708719609,0,95
3496460205,2839148887,0,88
3496460205,3496460203,0,76
3496460206,3496460211,0,75
3496460206,4166952666,0,95
3496460206,7871220182,0,97
3496460209,3496460211,0,52
3496460211,3496460206,0,72
3496460211,7871220181,0,91
3496460211,3496460209,0,100
3496460216,3777691605,0,78
3496460218,7871220175,0,79
3496460219,7871220177,0,86
3496479144,3496479145,0,83
3496479144,2841517766,0,52
3496479144,2841517740,0,75
3496479145,2841517760,0,90
3496479145,3496479144,0,97
3496479145,3496479146,0,99
3496479146,3496479147,0,77
3496479146,2841517740,0,92
3496479146,3496479145,0,51
3496479147,2837580330,0,63
3496479147,3496479146,0,86
3496479147,3496479148,0,61
3496479148,3496479147,0,51
3496479149,2841299219,0,90
3496479149,2837580330,0,71
3496479149,11096838736,0,56
3496479153,2841517772,0,68
3496479153,2837580384,0,76
3496479153,2841517792,0,51
3496483748,2841517766,0,96
3496483748,7872634997,0,79
3496483748,3496483750,0,66
3496483750,2841517742,0,72
3496483750,7872634996,0,93
3496483750,3496483748,0,72
3496483752,3664723879,0,72
3496483752,2841299227,0,65
3496483752,2841517779,0,67
3496483753,2837580661,0,78
3496483753,3496483755,0,100
3496483753,2841518211,0,53
3496483754,2837580565,0,70
3496483754,3496483755,0,79
3496483754,2837580621,0,94
3496483755,3496483754,0,90
3496483755,3496483753,0,66
3496483755,2841517997,0,99
3496483757,4461930878,0,100
3496483757,2839148815,0,60
3496483758,3496483768,0,63
3496483758,3496483761,0,85
3496483758,3496483764,0,99
3496483761,3496483758,0,85
3496483761,2833253581,0,91
3496483761,4393402676,0,70
3496483762,7872058157,0,97
3496483764,4461930878,0,75
3496483764,4393402676,0,98
3496483764,7872058157,0,72
3496483764,3496483758,0,99
3496483765,4393402676,0,61
3496483765,10262935212,0,81
3496483765,2833253583,0,55
3496483768,2833253587,0,71
3496483768,3496483758,0,72
3496483768,7872058157,0,89
3496483770,7871811331,0,84
3496483770,2833253589,0,97
3496483770,7871811325,0,64
3496486160,4649904928,0,70
3496486160,2294633454,0,69
3496486163,4393288473,0,56
3496486163,9860050866,0,96
3496486164,4393288473,0,55
3496486695,7937864639,0,90
3496486695,7937864610,0,75
3496486695,4393288481,0,70
3496486696,9720315808,0,89
3496486696,7937864630,0,81
3496486696,7937864616,0,90
3496755905,2839149206,0,61
3496755905,4167258062,0,98
3496755905,3496755908,0,74
3496755908,2839149188,0,62
3496755908,2839149235,0,66
3496755908,4167258067,0,95
3496755908,3496755905,0,81
3496959647,2839149218,0,72
3496959647,3496959648,0,71
3496959647,2839149216,0,78
3496959648,3496959647,0,73
3496959648,2833253669,0,98
3496960039,2833253652,0,60
3498527297,3498527298,0,60
3498527298,2839149164,0,70
3498527298,2839149163,0,51
3498527298,3498527297,0,57
3498527298,2839149203,0,62
3498576117,2600872770,0,87
3498774884,2839149157,0,69
3498774884,3498774885,0,82
3498774884,2841514563,0,94
3498774885,2839149033,0,91
3498774885,2839149145,0,85
3498774885,3498774884,0,68
3498774885,7871811309,0,98
3500418919,4166823705,0,85
3500418919,3500474133,0,84
3500418919,2839149144,0,61
3500445399,4166823709,0,75
3500445399,4166823674,0,89
3500445399,2833253639,0,94
3500474133,3500418919,0,54
3500474133,9625410172,0,62
3500723166,2841518496,0,55
3500723166,3430413605,0,55
3500723166,3430413605,1,95
3501363089,7871074771,0,88
3502291880,2839149604,0,92
3502312824,2841518446,0,75
3502312824,2841518451,0,66
3502312824,2841518444,0,59
3502313269,2841517919,0,95
3502313269,2841517947,0,71
3502313269,3772997039,0,84
3502313804,2841517927,0,72
3502338410,2841517786,0,75
3502338410,2841517799,0,58
3502338410,3772997039,0,74
3502338410,2841517919,0,56
3502372153,7918749099,0,97
3502372153,2839149712,0,68
3502372153,3502372154,0,89
3502372154,3502372153,0,86
3502372154,3502372155,0,55
3502372154,3502372157,0,70
3502372155,3502372154,0,64
3502372155,3502372157,0,78
3502372155,7918749099,0,52
3502372157,3502372158,0,65
3502372157,3502372155,0,85
3502372157,3502372154,0,59
3502372158,3502372157,0,92
3502372158,7918749100,0,67
3502372158,2839149720,0,51
3502372164,4776723239,0,81
3502372164,7918759057,0,64
3502372164,4776756146,0,94
3502466377,4776767126,0,64
3502470543,1880442445,0,65
3502470543,2841518445,0,64
3502470543,2841518427,0,78
3502491521,1880442491,0,91
3502491521,2845678450,0,63
3502491521,7915427852,0,59
3502705217,2841517998,0,50
3502705217,2841517982,0,68
3502705217,3502705218,0,65
3502705218,3502705217,0,51
3502709213,3502725158,0,89
3502709213,2841517998,0,80
3502709213,3502709214,0,78
3502709214,3502709213,0,76
3502725155,2841518237,0,85
3502725158,1880441889,0,85
3502725158,3502709213,0,86
3502725158,2841518229,0,62
3502758212,2841518268,0,76
3502758212,2841518264,0,61
3502758212,3502758214,0,83
3502758214,2837580700,0,87
3502758214,3502832010,0,75
3502758214,3502758212,0,90
3502758218,3502832010,0,86
3502758399,3502758401,0,74
3502758399,3502758632,0,97
3502758399,3502758400,0,66
3502758400,3502758399,0,95
3502758401,2837581114,0,100
3502758401,3502758399,0,73
3502758401,3502758402,0,66
3502758402,3502758401,0,77
3502758632,3502758399,0,73
3502758632,2837581142,0,73
3502758632,3502758633,0,65
3502758633,3502758632,0,70
3502759507,3502830643,0,84
3502823737,2841518424,0,72
3502823737,1880442436,0,54
3502823737,2841518421,0,94
3502830643,3502759507,0,58
3502830643,2837580700,0,70
3502830643,3502830644,0,94
3502830644,3502830643,0,65
3502830644,3502832010,0,100
3502830644,3502832011,0,84
3502830644,3502832823,0,87
3502832010,3502830644,0,58
3502832010,3502758218,0,56
3502832010,3502758214,0,100
3502832011,3502830644,0,82
3502832823,3502830644,0,95
3502850188,3502850189,0,80
3502850188,11843014810,0,84
3502850188,3502850192,0,70
3502850188,2837581114,0,56
3502850189,3502850188,0,88
3502850189,2837580925,0,64
3502850189,3502893623,0,96
3502850192,3502850188,0,72
3502868298,3502868299,0,95
3502868298,2841518229,0,94
3502868298,2841518237,0,91
3502868299,3502868298,0,85
3502879346,3502879347,0,64
3502879346,2841518264,0,79
3502879346,2841518250,0,67
3502879347,3502879346,0,86
3502893623,7918749169,0,53
3502893623,2837580925,0,79
3502893623,3502850189,0,89
3664723879,3496483752,0,78
3664723879,2841517779,0,81
3664723879,2837580508,0,87
3665168922,2843851604,0,77
3665168922,2843851613,0,54
3665168922,3665168923,0,60
3665168922,11047668564,0,51
3665168923,3665168922,0,85
3665168923,2843851626,0,78
3665168923,2843851637,0,85
3724853570,7891749038,0,91
3724853570,2837580090,0,53
3724853570,2837580343,0,72
3724853570,2845678006,0,80
3729645120,2841519025,0,95
3729645120,2841350915,0,59
3729645120,3430413732,0,54
3772964231,4776770722,0,93
3772964231,1880441912,0,72
3772964231,2839149663,0,54
3772964233,2833127311,0,96
3772964233,2833127335,0,67
3772964233,3772964234,0,86
3772964234,2833127313,0,66
3772964234,2833127349,0,96
3772964234,3772964233,0,51
3772964236,2837581357,0,95
3772964236,7911664348,0,88
3772964236,2833127354,0,81
3772964237,4160549577,0,77
3772964237,2837581360,0,95
3772964237,2837581339,0,98
3772977858,3772977864,0,58
3772977858,3772977859,0,75
3772977859,2833127390,0,63
3772977859,3772977865,0,92
3772977864,3772977865,0,78
3772977864,3772977858,0,69
3772977864,12201007306,0,84
3772977865,2833127436,0,94
3772977865,3772977864,0,93
3772977865,3772977859,0,69
3772980663,2845678048,0,71
3772980663,3774507832,0,64
3772980663,2845678046,0,86
3772980663,2845678033,0,82
3772980665,2841517989,0,76
3772980665,2837580521,0,59
3772980665,2841517942,0,99
3772980665,2841517790,0,84
3772997039,3502338410,0,93
3772997039,2841517785,0,87
3772997039,2841517791,0,70
3772997039,3502313269,0,50
3772997045,2839255764,0,89
3773002117,1880441846,0,53
3773002117,3430413473,0,95
3773002117,2839255718,0,98
3773002119,2837580581,0,72
3773002119,3997971809,0,87
3773002119,6649212628,0,57
3773002141,2841299385,0,99
3773002141,7941892810,0,54
3773002141,7941892812,0,89
3773002143,2837582568,0,54
3773002143,2575619514,0,83
3773002143,2575621999,0,76
3773002144,2575619522,0,96
3773002144,3773002148,0,60
3773002144,2837582585,0,96
3773002148,3773002144,0,62
3773002149,2837582753,0,65
3773056156,2837285765,0,88
3773056156,2837285754,0,99
3773056156,2837285851,0,98
3773056263,2837583772,0,61
3773056263,7912298332,0,61
3773056263,7919609024,0,51
3773056263,2837285764,0,91
3773056265,3773056274,0,81
3773056273,10807062447,0,96
3773056273,7919609022,0,57
3773056273,3773056294,0,71
3773056274,7919609020,0,55
3773056274,3773056265,0,56
3773056274,3773056279,0,75
3773056274,10807062447,0,86
3773056279,3773056283,0,94
3773056279,2837285747,0,93
3773056279,3773056274,0,74
3773056283,3773056279,0,76
3773056283,3773056287,0,74
3773056283,3773056304,0,94
3773056287,3773056291,0,80
3773056287,7919609025,0,58
3773056287,3773056283,0,71
3773056290,2837285897,0,61
3773056290,2837285876,0,56
3773056290,7919609017,0,69
3773056291,3773056287,0,72
3773056291,3773056299,0,61
3773056291,2837286059,0,95
3773056294,7919609020,0,77
3773056294,2837286012,0,66
3773056294,3773056273,0,81
3773056299,7919609028,0,55
3773056299,7919609027,0,61
3773056299,3773056310,0,66
3773056299,3773056291,0,75
3773056304,2837286040,0,62
3773056304,7919609020,0,64
3773056304,3773056283,0,72
3773056310,3773056299,0,91
3773056311,2837286157,0,90
3773056311,7920095697,0,55
3773056311,2841299833,0,71
3773056320,2837286293,0,78
3773056320,3773056322,0,98
3773056320,2837286335,0,56
3773056322,3773056327,0,83
3773056322,7919946478,0,66
3773056322,7919946477,0,51
3773056322,3773056320,0,88
3773056327,3773056322,0,53
3773056327,7919946492,0,85
3773056327,7919946486,0,53
3773056327,7919946479,0,93
3773056333,9885091532,0,73
3773056333,3773056347,0,56
3773056333,7919946486,0,60
3773056347,3773056333,0,50
3773056347,3773056362,0,83
3773056347,3773056380,0,50
3773056362,3773056347,0,50
3773056362,3773056380,0,70
3773056362,3773056368,0,74
3773056368,10807062460,0,69
3773056368,3773056379,0,51
3773056368,3773056362,0,86
3773056379,3773056381,0,86
3773056379,3773056422,0,73
3773056379,3773056368,0,54
3773056380,3773056397,0,61
3773056380,3773056362,0,62
3773056380,3773056347,0,90
3773056381,3773056379,0,89
3773056381,3773056427,0,81
3773056381,3773056394,0,61
3773056394,9781573023,0,84
3773056394,3773056458,0,63
3773056394,3773056381,0,72
3773056397,3773056400,0,56
3773056397,3773056408,0,93
3773056397,3773056380,0,59
3773056400,3773056397,0,88
3773056400,3773056448,0,73
3773056400,3773056438,0,86
3773056408,3773107807,0,61
3773056408,3773056397,0,78
3773056408,3773056454,0,95
3773056422,3773056379,0,99
3773056427,3773056381,0,61
3773056438,7920016348,0,82
3773056438,3773056448,0,59
3773056438,3773056400,0,78
3773056448,3773056438,0,51
3773056448,3773056400,0,89
3773056448,3773056454,0,52
3773056454,3773060217,0,84
3773056454,3773056448,0,100
3773056454,3773056408,0,57
3773056458,3773056394,0,69
3773060217,3773056454,0,68
3773060217,3773107813,0,56
3773060217,3773107807,0,72
3773107807,3773107820,0,93
3773107807,3773060217,0,61
3773107807,3773056408,0,87
3773107808,3773107823,0,83
3773107809,3773107830,0,60
3773107813,3773107834,0,56
3773107813,3773107820,0,81
3773107813,3773060217,0,62
3773107814,3773107824,0,88
3773107820,3773107823,0,59
3773107820,3773107813,0,89
3773107820,3773107842,0,71
3773107820,3773107807,0,79
3773107821,3773107832,0,92
3773107823,3773107808,0,85
3773107823,3773107830,0,74
3773107823,3773107820,0,100
3773107823,3773107847,0,78
3773107824,3773107814,0,57
3773107824,3773107843,0,92
3773107824,3773107832,0,85
3773107830,3773107823,0,54
3773107830,3773107809,0,71
3773107830,3773107850,0,65
3773107832,3773107838,0,73
3773107832,3773107821,0,59
3773107832,3773107849,0,65
3773107832,3773107824,0,81
3773107834,3773107813,0,62
3773107834,3773107839,0,100
3773107834,3773107838,0,75
3773107838,3773107832,0,52
3773107838,3773107839,0,72
3773107838,3773107834,0,53
3773107838,3773109064,0,80
3773107839,3773107834,0,92
3773107839,3773107854,0,95
3773107839,3773107838,0,98
3773107839,3773107842,0,87
3773107842,3773107839,0,56
3773107842,3773107847,0,83
3773107842,3773107856,0,55
3773107842,3773107820,0,92
3773107843,3773107824,0,91
3773107847,3773107842,0,70
3773107847,3773108957,0,83
3773107847,3773107850,0,86
3773107847,3773107823,0,86
3773107849,3773107832,0,94
3773107850,3773107847,0,84
3773107850,3773108959,0,83
3773107850,3773107830,0,75
3773107854,3773107839,0,98
3773107856,3773107842,0,84
3773108957,3773107847,0,91
3773108959,3773107850,0,62
3773109003,3773109039,0,68
3773109028,3773109039,0,70
3773109028,3773109051,0,58
3773109028,7919791503,0,78
3773109039,3773109028,0,98
3773109039,7920016309,0,62
3773109039,3773109003,0,68
3773109051,7920016311,0,90
3773109051,7920016309,0,77
3773109051,3773109028,0,75
3773109062,4552551462,0,77
3773109064,7920016308,0,74
3773109064,3773109074,0,55
3773109064,3773107838,0,81
3773109065,3773109098,0,51
3773109073,9781573041,0,81
3773109073,7920016344,0,56
3773109073,7927950605,0,70
3773109073,7927950604,0,85
3773109074,3773109064,0,80
3773109076,3773109090,0,89
3773109078,3773109094,0,74
3773109083,3773109096,0,69
3773109084,3773109100,0,81
3773109087,3773109105,0,100
3773109090,3773109094,0,99
3773109090,9781573041,0,68
3773109090,3773109076,0,99
3773109090,3773109125,0,93
3773109091,3773109104,0,94
3773109094,3773109096,0,53
3773109094,3773109078,0,83
3773109094,3773109090,0,52
3773109094,3773109130,0,62
3773109096,3773109100,0,55
3773109096,3773109094,0,69
3773109096,3773109083,0,87
3773109096,3773109134,0,97
3773109098,7920016340,0,86
3773109098,7920016345,0,84
3773109098,3773109128,0,61
3773109098,3773109065,0,91
3773109100,3773109104,0,70
3773109100,3773109096,0,97
3773109100,3773109084,0,53
3773109100,3773109138,0,84
3773109104,3773109105,0,51
3773109104,3773109100,0,53
3773109104,3773109091,0,69
3773109104,3774826802,0,74
3773109105,3773109111,0,62
3773109105,3773109104,0,72
3773109105,3773109087,0,84
3773109105,3773109153,0,53
3773109107,3773109120,0,93
3773109111,3773109105,0,77
3773109115,3773109118,0,97
3773109118,3773109140,0,82
3773109118,3773109115,0,83
3773109118,3773109123,0,61
3773109119,3773109120,0,82
3773109120,3773109125,0,73
3773109120,3773109119,0,93
3773109120,3773109107,0,94
3773109120,7928289800,0,52
3773109123,3773109143,0,63
3773109123,3773109128,0,56
3773109123,3773109118,0,79
3773109125,3773109130,0,61
3773109125,3773109120,0,64
3773109125,3773109145,0,95
3773109125,3773109090,0,70
3773109126,3774826811,0,54
3773109128,3773109123,0,95
3773109128,3773109098,0,63
3773109128,5446790761,0,81
3773109130,3773109134,0,63
3773109130,3773109125,0,86
3773109130,3773109147,0,90
3773109130,3773109094,0,89
3773109131,3774826816,0,50
3773109134,3773109130,0,52
3773109134,3773109146,0,74
3773109134,3773109138,0,63
3773109134,3773109096,0,94
3773109138,3774826802,0,57
3773109138,3773109134,0,68
3773109138,3773109100,0,50
3773109138,3774826839,0,65
3773109140,3773109118,0,92
3773109143,3773109123,0,71
3773109145,3773109125,0,61
3773109146,3773109134,0,74
3773109147,3773109130,0,64
3773109153,3774826802,0,73
3773109153,3774826808,0,75
3773109153,3773109105,0,52
3773109153,3774826844,0,59
3773196871,3773196880,0,59
3773196871,7915594704,0,88
3773196871,7915594693,0,65
3773196880,3773196881,0,89
3773196880,3430413693,0,92
3773196880,3773196871,0,66
3773196881,2837285697,0,77
3773196881,3773196880,0,93
3773196881,3773196914,0,86
3773196886,2837285697,0,95
3773196886,3773196889,0,90
3773196886,3773196919,0,69
3773196889,3773196890,0,63
3773196889,3773196886,0,91
3773196889,3773265252,0,97
3773196890,3773196889,0,67
3773196890,3773196898,0,76
3773196890,3773196925,0,94
3773196898,3773196900,0,50
3773196898,3773196890,0,76
3773196898,3773196931,0,76
3773196900,3773196904,0,74
3773196900,3773196898,0,67
3773196900,7907460720,0,62
3773196903,2837285735,0,99
3773196903,3773196926,0,81
3773196903,3773196910,0,66
3773196904,7907460719,0,88
3773196904,3773196913,0,50
3773196904,3773196900,0,90
3773196910,3773196903,0,94
3773196913,3773196927,0,75
3773196913,3773196904,0,52
3773196913,3773196947,0,94
3773196914,3773196919,0,99
3773196914,2837285753,0,78
3773196914,3773196881,0,58
3773196919,3773196925,0,92
3773196919,3773196914,0,94
3773196919,3773196886,0,64
3773196925,2837285789,0,54
3773196925,3773196919,0,90
3773196925,3773196890,0,57
3773196926,2837285774,0,57
3773196926,3773196903,0,60
3773196926,3773196945,0,100
3773196926,2837285808,0,81
3773196927,3773196913,0,54
3773196927,3773196953,0,61
3773196931,7907460720,0,84
3773196931,2837285789,0,70
3773196931,3773196898,0,60
3773196945,2837285847,0,97
3773196945,3773196948,0,66
3773196945,3773196926,0,93
3773196947,3773197194,0,95
3773196947,3773196953,0,94
3773196947,7907460719,0,75
3773196947,3773196913,0,68
3773196948,3773196945,0,84
3773196953,3773196927,0,68
3773196953,3773197199,0,68
3773196953,3773196947,0,86
3773197160,3773197171,0,66
3773197162,2837285848,0,56
3773197162,2837285879,0,98
3773197162,2837285833,0,57
3773197162,2837286006,0,75
3773197171,2837286008,0,62
3773197171,2837285889,0,55
3773197171,3773197160,0,85
3773197186,3773197200,0,81
3773197186,2837285889,0,62
3773197186,3773197198,0,58
3773197194,3773197199,0,83
3773197194,2837286019,0,52
3773197194,3773197208,0,80
3773197194,3773196947,0,80
3773197196,2837286005,0,56
3773197196,2837286046,0,57
3773197196,2837286006,0,64
3773197198,2837286008,0,52
3773197198,3773197209,0,74
3773197198,3773197208,0,61
3773197198,3773197186,0,55
3773197199,3773197194,0,98
3773197199,3773196953,0,94
3773197200,2837286046,0,54
3773197200,3773197186,0,65
3773197200,3773197209,0,77
3773197208,3773197218,0,89
3773197208,3773197194,0,73
3773197208,3773197198,0,78
3773197209,3773197198,0,97
3773197209,2837286090,0,59
3773197209,3773197220,0,78
3773197209,3773197200,0,88
3773197218,3773197220,0,99
3773197218,3773197208,0,52
3773197220,2837286117,0,92
3773197220,3773197218,0,82
3773197220,3773197209,0,99
3773197221,2837286140,0,62
3773197221,2837286078,0,99
3773197221,3773197229,0,63
3773197229,2837286090,0,96
3773197229,2837286152,0,70
3773197229,3773197221,0,52
3773197246,2837286186,0,86
3773197246,2837286117,0,50
3773197261,3773197290,0,59
3773197261,2837286186,0,71
3773197261,3773197268,0,66
3773197268,3773197261,0,61
3773197279,2837286218,0,72
3773197279,2837286254,0,79
3773197279,3773197320,0,62
3773197290,2837286289,0,91
3773197290,3773197261,0,53
3773197292,2837286254,0,75
3773197292,2837286271,0,74
3773197292,3773197324,0,59
3773197297,2837286354,0,68
3773197297,2837286219,0,82
3773197297,3773197305,0,54
3773197305,3773197297,0,64
3773197305,3773197339,0,61
3773197305,2837286304,0,90
3773197318,2837286304,0,62
3773197318,2837286327,0,71
3773197318,2837286219,0,92
3773197320,3773197324,0,96
3773197320,2837286292,0,78
3773197320,3773197279,0,51
3773197322,2837286271,0,78
3773197322,2837286342,0,54
3773197324,2837286342,0,65
3773197324,3773197320,0,88
3773197324,3773197292,0,83
3773197339,2837286390,0,68
3773197339,3773197305,0,85
3773197339,2837286354,0,60
3773197340,2837286342,0,59
3773197340,2837286398,0,85
3773197343,3773197353,0,70
3773197343,2837286349,0,53
3773197343,3773197362,0,57
3773197353,2837286429,0,93
3773197353,3773197343,0,54
3773197353,2837286390,0,76
3773197353,7922705370,0,83
3773197360,2837286429,0,84
3773197360,2837286417,0,51
3773197360,2837286446,0,89
3773197362,2837286398,0,96
3773197362,7922705370,0,60
3773197362,3773197343,0,96
3773197365,2837286429,0,70
3773197365,3773197370,0,73
3773197365,2837286486,0,52
3773197370,3773197365,0,59
3773197377,2837286514,0,56
3773197377,2837286501,0,93
3773197377,3773197388,0,64
3773197386,2837286527,0,50
3773197386,3773197388,0,74
3773197386,2837286501,0,50
3773197388,3773197386,0,86
3773197388,2837286539,0,53
3773197388,3773197377,0,74
3773197403,2837286552,0,99
3773197403,2837286551,0,86
3773264236,3773264239,0,57
3773264239,2837285141,0,64
3773264239,3773464286,0,98
3773264239,3773264236,0,90
3773264251,2837285141,0,52
3773265059,3430413636,0,86
3773265059,7915820448,0,84
3773265059,3773265062,0,54
3773265059,2837285147,0,51
3773265062,2837285166,0,91
3773265062,3430413643,0,80
3773265062,3773265059,0,86
3773265062,3773265064,0,91
3773265063,7916210900,0,74
3773265063,2837285174,0,68
3773265063,3773265066,0,93
3773265064,3773265062,0,89
3773265064,2837285208,0,74
3773265066,3773265069,0,78
3773265066,3773265063,0,97
3773265068,7916286637,0,65
3773265068,7915677732,0,93
3773265068,3773265076,0,81
3773265069,3773265066,0,89
3773265069,3773265092,0,66
3773265069,3773265100,0,72
3773265071,3773265103,0,90
3773265071,3430413644,0,79
3773265074,3773265076,0,80
3773265074,3773265078,0,59
3773265074,7916286636,0,79
3773265076,3773265074,0,84
3773265076,3773265107,0,73
3773265076,3773265068,0,64
3773265078,3773265074,0,59
3773265079,3773265083,0,68
3773265080,3773265140,0,90
3773265080,3773265071,0,96
3773265083,3773265079,0,61
3773265083,3773265092,0,74
3773265083,3773265119,0,66
3773265088,3773265195,0,60
3773265092,3773265083,0,73
3773265092,3773265069,0,97
3773265092,3773265119,0,51
3773265097,2837285229,0,77
3773265097,2837285289,0,69
3773265097,3773265122,0,59
3773265100,3773265118,0,52
3773265100,3773265069,0,79
3773265103,3773265071,0,76
3773265107,3773265076,0,95
3773265107,2837285411,0,84
3773265107,3773265174,0,64
3773265118,3773265100,0,75
3773265118,3773265124,0,58
3773265118,3773265139,0,90
3773265119,3773265092,0,72
3773265119,3773265181,0,63
3773265119,3773265083,0,75
3773265122,3773265097,0,76
3773265124,3773265118,0,76
3773265124,3773265145,0,79
3773265139,3773265145,0,96
3773265139,3773265118,0,78
3773265139,3773265153,0,78
3773265140,3773265080,0,74
3773265145,3773265139,0,79
3773265145,3773265124,0,73
3773265145,3773265153,0,71
3773265153,3773265145,0,70
3773265153,3773265139,0,92
3773265153,3773265204,0,75
3773265174,3773265107,0,58
3773265174,3773265181,0,96
3773265181,3773265119,0,83
3773265181,3773265195,0,63
3773265195,3773265088,0,65
3773265195,3773265204,0,63
3773265197,3773265208,0,95
3773265204,7915677726,0,62
3773265204,3773265153,0,86
3773265208,2837285483,0,62
3773265208,3773265197,0,96
3773265220,3773265208,0,92
3773265220,2837285426,0,100
3773265228,3773265234,0,89
3773265228,2837285523,0,73
3773265228,3430413674,0,79
3773265230,3773265232,0,85
3773265232,2837285598,0,98
3773265232,3773265230,0,100
3773265232,3773265238,0,76
3773265232,3430413655,0,73
3773265234,2837285588,0,91
3773265234,3773265228,0,69
3773265234,7915677716,0,63
3773265238,2837285639,0,75
3773265238,3773265232,0,59
3773265238,3773265247,0,80
3773265238,3430413656,0,56
3773265247,3773265238,0,84
3773265247,2837285642,0,91
3773265247,3430413659,0,78
3773265252,7915603765,0,69
3773265252,3773196889,0,99
3773265275,3773265289,0,89
3773265284,2837285697,0,76
3773265289,2837285666,0,53
3773265289,3773265275,0,62
3773265289,2837285642,0,63
3773464275,7916343490,0,71
3773464275,7915820452,0,85
3773464275,7916513479,0,60
3773464277,7915820452,0,92
3773464286,3773264239,0,74
3773464286,3773464294,0,83
3773464286,7915820452,0,77
3773464289,3773464293,0,61
3773464290,3773464293,0,78
3773464291,3773464292,0,51
3773464291,3773464299,0,94
3773464291,7916513473,0,63
3773464292,3773464291,0,74
3773464293,3773464289,0,86
3773464293,3773464290,0,92
3773464293,3773464296,0,61
3773464294,3773464296,0,67
3773464294,7915991495,0,97
3773464294,3773464286,0,93
3773464296,3773464293,0,86
3773464296,3773464294,0,99
3773464296,3773464307,0,59
3773464298,2837285119,0,91
3773464299,3773464301,0,75
3773464299,3773464291,0,86
3773464299,2837285161,0,100
3773464300,3773464303,0,62
3773464301,3773464299,0,59
3773464301,3773464328,0,76
3773464301,3773464302,0,70
3773464302,3773464301,0,79
3773464302,3773464310,0,65
3773464302,7916518502,0,97
3773464303,2575597679,0,58
3773464303,8837863286,0,98
3773464303,3773464300,0,81
3773464304,3773464315,0,70
3773464307,3773464296,0,89
3773464307,7916210906,0,98
3773464309,3773464313,0,89
3773464310,3773464331,0,83
3773464310,3773464302,0,97
3773464310,7916518497,0,90
3773464312,3773464315,0,52
3773464312,2575597679,0,93
3773464312,3773464333,0,56
3773464313,3773464321,0,100
3773464313,2575597679,0,54
3773464313,3773464309,0,55
3773464315,3773464317,0,51
3773464315,3773464312,0,50
3773464315,3773464304,0,53
3773464316,3773464321,0,71
3773464317,3430413630,0,55
3773464317,3773464315,0,70
3773464317,2841299545,0,72
3773464317,9781557109,0,62
3773464321,3773464333,0,97
3773464321,3773464313,0,59
3773464321,3773464316,0,63
3773464323,3773464324,0,69
3773464323,3430413630,0,54
3773464323,3773464335,0,73
3773464324,3773464323,0,89
3773464326,3773464333,0,70
3773464328,3773464301,0,87
3773464331,3773464310,0,78
3773464333,3773464321,0,80
3773464333,3773464349,0,71
3773464333,3773464312,0,95
3773464333,3773464326,0,61
3773464335,2837285159,0,68
3773464335,3430413635,0,69
3773464335,3773464323,0,56
3773464335,3773464457,0,85
3773464337,3773464345,0,60
3773464342,2837285170,0,59
3773464342,2837285213,0,60
3773464342,3773464347,0,76
3773464344,2837285188,0,57
3773464344,2837285159,0,84
3773464344,2841299545,0,89
3773464345,3773464462,0,76
3773464345,3773464337,0,60
3773464345,3773464348,0,85
3773464347,3773464342,0,85
3773464348,3773464349,0,90
3773464348,3773464352,0,80
3773464348,3773464345,0,94
3773464349,2837285200,0,67
3773464349,3773464348,0,94
3773464349,3773464333,0,65
3773464351,2841299576,0,57
3773464351,3773464461,0,92
3773464351,7937080177,0,59
3773464352,2837285209,0,78
3773464352,3773464356,0,56
3773464352,3773464348,0,98
3773464353,3773464462,0,52
3773464356,2837285231,0,58
3773464356,2837285200,0,74
3773464356,3773464352,0,80
3773464457,2837285188,0,74
3773464457,2837285205,0,80
3773464457,3773464335,0,60
3773464461,2837285200,0,99
3773464461,2837285221,0,51
3773464461,3773464351,0,87
3773464462,2837285209,0,94
3773464462,3773464345,0,73
3773464462,3773464353,0,78
3773464464,3773464468,0,87
3773464465,3773464472,0,86
3773464468,2837285209,0,61
3773464468,3773464464,0,78
3773464468,3773464472,0,51
3773464470,2837285256,0,81
3773464470,2837285221,0,92
3773464470,3773464474,0,86
3773464471,2837285244,0,72
3773464471,2837285225,0,71
3773464471,2837285176,0,55
3773464472,3777891593,0,73
3773464472,3773464468,0,54
3773464472,3773464475,0,61
3773464472,3773464465,0,58
3773464474,3773464470,0,89
3773464475,3773464472,0,69
3773464476,3773464483,0,93
3773464476,3773464480,0,75
3773464476,2837285258,0,59
3773464479,7915991498,0,57
3773464479,3773464482,0,100
3773464479,3430413647,0,92
3773464480,12221449322,0,62
3773464480,2837285225,0,90
3773464480,3773464476,0,70
3773464482,7915991505,0,68
3773464482,7915991499,0,95
3773464482,3773464479,0,100
3773464483,3773464476,0,100
3773464483,3773464486,0,55
3773464483,1880442901,0,72
3773464485,2837285298,0,88
3773464486,3773464483,0,81
3773464487,7915991499,0,51
3773464487,7916578168,0,89
3773464487,3773464489,0,87
3773464488,2837285433,0,76
3773464488,2837285441,0,60
3773464488,2837285408,0,73
3773464489,3773464487,0,66
3773464490,2837285441,0,62
3773464490,3773464491,0,82
3773464490,3773464498,0,67
3773464491,3773464490,0,83
3773464491,3773464493,0,51
3773464491,3773464502,0,81
3773464491,7942215923,0,70
3773464492,2837285441,0,60
3773464493,3773464491,0,53
3773464493,3773464507,0,91
3773464493,3773464497,0,65
3773464494,2837285432,0,94
3773464495,3773464504,0,69
3773464497,2837285494,0,66
3773464497,8852126370,0,78
3773464497,3773464493,0,77
3773464498,3773464490,0,71
3773464499,7916578167,0,52
3773464499,3773464513,0,67
3773464499,3773464505,0,97
3773464500,2837285433,0,98
3773464500,2837285497,0,92
3773464500,3773464510,0,79
3773464502,3773464491,0,92
3773464504,7916066552,0,55
3773464504,7916066556,0,71
3773464504,3773464495,0,85
3773464505,7916578168,0,52
3773464505,2837285488,0,58
3773464505,3773464499,0,89
3773464507,3773464493,0,50
3773464509,7916066552,0,97
3773464509,2837285244,0,86
3773464509,3773464522,0,51
3773464510,2837285494,0,69
3773464510,2837285520,0,74
3773464510,3773464500,0,62
3773464511,2837285475,0,80
3773464511,3773464512,0,74
3773464511,2837285491,0,74
3773464512,7916066555,0,52
3773464512,3773464511,0,94
3773464512,7916178298,0,93
3773464513,3773464518,0,67
3773464513,3773464499,0,94
3773464513,3773464522,0,74
3773464518,2837285488,0,71
3773464518,2837285526,0,73
3773464518,3773464513,0,82
3773464521,3773464525,0,100
3773464522,3773464509,0,77
3773464522,2837285548,0,76
3773464522,3773464513,0,95
3773464522,13361357471,0,71
3773464524,2837285537,0,58
3773464524,2837285514,0,72
3773464524,3777891604,0,96
3773464525,2837285537,0,66
3773464525,3773464521,0,85
3773464525,3773464528,0,62
3773464527,3773464528,0,81
3773464528,3773464525,0,68
3773464528,3773464527,0,67
3773464528,3773464532,0,55
3773464532,2837285561,0,78
3773464532,2837285537,0,92
3773464532,3773464528,0,55
3773464533,2837285554,0,92
3773464533,2837285579,0,70
3773464533,9781557108,0,82
3773464534,3773464535,0,57
3773464535,2837285565,0,51
3773464535,3773464534,0,58
3773464539,2837285579,0,98
3773464539,2837285604,0,56
3773464539,9781557108,0,65
3773464540,2837285599,0,54
3773464540,3430413680,0,61
3773464540,3430413673,0,73
3773464542,3773464549,0,54
3773464547,2837285595,0,59
3773464547,2837285629,0,86
3773464547,2837285593,0,65
3773464548,2837285613,0,99
3773464548,2837285599,0,55
3773464548,3773464571,0,54
3773464549,3773464542,0,50
3773464549,3773464551,0,96
3773464549,3773464586,0,50
3773464551,2837285601,0,97
3773464551,2837285656,0,71
3773464551,3773464549,0,89
3773464553,3773464576,0,54
3773464555,3773464577,0,59
3773464556,3773464580,0,87
3773464558,3773464582,0,90
3773464559,2837285655,0,79
3773464560,3773464584,0,90
3773464562,2837285613,0,71
3773464562,3773464581,0,100
3773464562,3430413680,0,92
3773464563,3773464583,0,56
3773464571,2837285624,0,89
3773464571,3430413686,0,57
3773464571,3773464548,0,53
3773464573,3773464585,0,95
3773464576,3773464553,0,58
3773464576,2837285629,0,62
3773464576,3773464577,0,97
3773464577,3773464576,0,55
3773464577,3773464580,0,61
3773464577,3773464555,0,55
3773464580,3773464556,0,95
3773464580,3773464577,0,55
3773464580,3773464582,0,50
3773464581,12506433320,0,77
3773464581,3773464562,0,100
3773464581,3430413686,0,93
3773464582,3773464558,0,64
3773464582,3773464580,0,63
3773464582,3773464583,0,53
3773464583,3773464563,0,95
3773464583,3773464582,0,55
3773464583,3773464584,0,74
3773464584,3773464583,0,70
3773464584,2837285655,0,90
3773464584,3773464560,0,83
3773464585,3773464586,0,62
3773464585,3773464573,0,80
3773464585,2837583505,0,62
3773464586,2837583523,0,95
3773464586,3773464585,0,81
3773464586,3773464549,0,88
3773464587,2837285648,0,95
3773464587,2837285756,0,61
3773464587,2837285656,0,80
3774429798,2837285661,0,68
3774429799,2837285675,0,96
3774429799,9645579397,0,93
3774429799,3774429802,0,87
3774429800,2837583733,0,53
3774429801,9645579397,0,78
3774429801,2837285725,0,61
3774429801,3774429803,0,82
3774429802,3430413698,0,50
3774429802,3774429803,0,55
3774429802,3774429799,0,61
3774429803,3774429802,0,62
3774429803,7908231459,0,66
3774429803,3774429801,0,59
3774429804,3430413707,0,84
3774429804,3430413708,0,86
3774429804,3774429807,0,62
3774429805,2837285880,0,94
3774429806,3774429808,0,57
3774429807,3774429804,0,94
3774429807,7927736467,0,98
3774429807,2837583938,0,54
3774429808,3430413724,0,62
3774429808,3774429806,0,61
3774429808,2837285880,0,70
3774429809,2837286095,0,98
3774429809,7907993586,0,64
3774429809,3774429812,0,60
3774429810,7928188885,0,75
3774429812,2837286130,0,90
3774429812,2837286143,0,87
3774429812,3774429809,0,68
3774429813,7927736688,0,88
3774429813,7927736699,0,76
3774429814,7907983078,0,82
3774429814,2837286222,0,90
3774429814,7907983082,0,68
3774429817,3774429820,0,63
3774429818,7927736686,0,77
3774429818,7927786606,0,66
3774429818,7927736687,0,72
3774429819,2837286248,0,97
3774429819,3430413772,0,65
3774429819,3774429823,0,83
3774429820,3774429817,0,50
3774429820,2837584115,0,91
3774429820,7927736480,0,93
3774429821,7927736688,0,66
3774429821,3774429827,0,68
3774429821,7927736686,0,98
3774429821,7928445790,0,60
3774429822,3774429828,0,54
3774429822,7928445790,0,53
3774429822,3774429824,0,54
3774429823,2837286270,0,81
3774429823,7907983062,0,72
3774429823,3774429819,0,96
3774429824,1880443188,0,53
3774429824,3774429822,0,89
3774429827,3774429821,0,98
3774429827,7927736687,0,77
3774429827,7927786616,0,55
3774429827,7927736700,0,93
3774429828,3774429822,0,98
3774429828,7927786616,0,95
3774429828,3774429829,0,78
3774429828,7927786614,0,50
3774429829,10233024931,0,97
3774429829,3774429828,0,93
3774429830,7907993614,0,55
3774429830,1880443209,0,70
3774429835,3774429840,0,87
3774429835,2837286529,0,99
3774429835,12253739304,0,73
3774429836,3774429840,0,94
3774429837,3774429843,0,93
3774429838,3774429845,0,88
3774429839,3774429842,0,93
3774429840,2837286560,0,54
3774429840,3774429835,0,86
3774429840,3774429836,0,66
3774429842,3774429843,0,96
3774429842,2837584138,0,70
3774429842,3774429839,0,78
3774429843,7928188904,0,72
3774429843,3774429842,0,97
3774429843,3774429837,0,80
3774429845,7928188904,0,73
3774429845,3774429838,0,81
3774429845,3774468357,0,69
3774431770,3774431783,0,98
3774431770,3774431775,0,81
3774431770,2837583711,0,70
3774431774,2837583781,0,84
3774431774,2837583911,0,97
3774431774,7928445787,0,62
3774431775,3774431770,0,64
3774431777,2837583781,0,87
3774431777,2837583911,0,60
3774431777,3774431781,0,52
3774431781,2837583927,0,94
3774431781,7928443957,0,72
3774431781,3774431777,0,76
3774431783,3774431770,0,79
3774431796,2841299802,0,79
3774431797,2837583978,0,70
3774431798,2837583983,0,100
3774435058,2841518926,0,75
3774435058,3774435059,0,79
3774435059,3774435061,0,79
3774435059,7912102295,0,78
3774435061,4150576589,0,59
3774435061,3774435059,0,59
3774435061,3774435066,0,97
3774435066,3774435068,0,98
3774435066,2833303144,0,74
3774435066,3774435061,0,76
3774435068,3774435066,0,51
3774435068,2833303149,0,58
3774435068,3774435069,0,100
3774435069,2833303247,0,70
3774435069,3774435071,0,74
3774435069,3774435068,0,90
3774435071,4041311053,0,59
3774435071,7919552460,0,75
3774435071,3774435069,0,73
3774436881,2837579846,0,50
3774436881,3774507806,0,77
3774436881,11047677825,0,100
3774436881,2845677801,0,92
3774436882,2845678253,0,61
3774436882,2837580901,0,59
3774436882,7891642974,0,87
3774436882,12220743977,0,61
3774436883,7889638430,0,63
3774436883,2843852399,0,56
3774455868,2845678283,0,51
3774455868,2837580697,0,75
3774455868,7891677706,0,80
3774455869,2843852328,0,59
3774455869,12269608002,0,67
3774455869,2845678283,0,71
3774468357,7928191944,0,62
3774468357,7928191967,0,51
3774468357,3774429845,0,81
3774468360,3774468366,0,75
3774468360,2837286560,0,60
3774468360,2837286581,0,69
3774468361,7927786618,0,85
3774468361,7928191967,0,67
3774468362,2837286591,0,64
3774468362,2837286594,0,62
3774468362,2837286579,0,81
3774468363,3774468367,0,88
3774468363,13598718896,0,96
3774468363,13598718897,0,81
3774468363,3774468365,0,77
3774468365,3774468368,0,77
3774468365,13598718895,0,60
3774468365,3774468363,0,81
3774468366,3774468360,0,92
3774468366,2837286608,0,53
3774468366,7907452341,0,72
3774468367,2837584160,0,56
3774468367,3774468368,0,54
3774468367,3774468363,0,70
3774468368,3774468367,0,95
3774468368,3774468365,0,80
3774468368,2837584168,0,88
3774468369,7928191925,0,68
3774468369,2837286653,0,59
3774468371,2837286671,0,65
3774468371,12213592275,0,83
3774468371,2837286641,0,81
3774471472,7919260312,0,63
3774471472,7919260313,0,76
3774471472,3774471473,0,81
3774471472,6866165594,0,50
3774471473,3774471476,0,69
3774471473,7919321043,0,90
3774471473,3774476911,0,60
3774471473,3774471472,0,71
3774471476,3774471473,0,90
3774471476,7919321042,0,69
3774471476,7919321037,0,93
3774471477,2841519556,0,89
3774471477,7919193285,0,77
3774471477,3774471480,0,89
3774471480,3774471477,0,57
3774471484,3774471490,0,88
3774471489,3774471495,0,58
3774471489,6146840839,0,83
3774471489,7920016294,0,68
3774471489,2841519869,0,71
3774471490,3774471493,0,96
3774471490,3774471484,0,73
3774471490,7920016299,0,94
3774471492,7920016313,0,58
3774471492,6146840839,0,73
3774471492,7920016314,0,86
3774471492,3774471497,0,80
3774471493,7920016298,0,54
3774471493,5446790680,0,51
3774471493,3774471490,0,78
3774471495,7920016285,0,73
3774471495,5446790682,0,76
3774471495,3774471489,0,65
3774471497,7920016285,0,63
3774471497,3774471492,0,70
3774471497,3774471503,0,94
3774471503,3774471497,0,64
3774471503,5446790684,0,70
3774476860,2837285806,0,90
3774476860,7919570663,0,80
3774476860,2837286069,0,100
3774476861,3774476862,0,67
3774476861,2837285807,0,85
3774476861,3774476866,0,71
3774476862,3774476863,0,86
3774476862,3774476861,0,100
3774476862,3774476873,0,71
3774476863,2837285818,0,94
3774476863,3774476862,0,62
3774476863,3774476871,0,58
3774476866,3774476861,0,70
3774476869,7919570648,0,100
3774476869,2837285818,0,90
3774476869,3774476871,0,86
3774476871,3774476863,0,64
3774476871,3774476873,0,95
3774476871,3774476876,0,87
3774476871,3774476869,0,89
3774476873,3774476878,0,65
3774476873,3774476871,0,65
3774476873,3774476862,0,81
3774476875,3774476877,0,86
3774476876,3774476871,0,80
3774476877,3774476875,0,51
3774476877,7919466733,0,70
3774476877,3774476887,0,82
3774476878,3774476873,0,56
3774476879,3774476896,0,74
3774476879,2841519000,0,98
3774476879,3774476882,0,59
3774476882,2841519000,0,89
3774476882,2841519049,0,70
3774476882,7919552455,0,55
3774476882,3774476879,0,83
3774476886,3774476887,0,81
3774476886,7919552455,0,79
3774476886,7919552457,0,88
3774476887,3774476886,0,96
3774476887,3774476877,0,67
3774476887,3774476890,0,54
3774476890,2841519009,0,78
3774476890,7919466769,0,74
3774476890,2841519057,0,99
3774476890,3774476887,0,62
3774476892,7919466769,0,100
3774476892,7919466765,0,99
3774476892,7919466767,0,67
3774476892,7919466766,0,95
3774476896,2841519049,0,59
3774476896,2837286106,0,73
3774476896,3774476879,0,99
3774476896,7919466723,0,53
3774476898,7919466763,0,80
3774476898,7919466762,0,65
3774476898,7782847278,0,64
3774476898,7919321073,0,90
3774476900,3774476905,0,50
3774476900,7919791497,0,70
3774476900,7919453895,0,72
3774476901,3774476907,0,89
3774476901,3774476902,0,80
3774476901,7919791526,0,85
3774476902,3774476901,0,59
3774476902,7919946392,0,100
3774476902,7919946411,0,67
3774476905,3774476900,0,70
3774476905,2841519239,0,81
3774476905,2841519252,0,70
3774476905,6866165594,0,88
3774476907,3774476901,0,84
3774476911,7919260322,0,62
3774476911,6866165594,0,91
3774476911,7919260314,0,62
3774476911,3774471473,0,88
3774485857,2841299134,0,88
3774485857,3776237368,0,57
3774485857,4215823040,0,68
3774500659,11578468176,0,96
3774500662,2837582007,0,53
3774500665,2841299754,0,97
3774500665,2841299732,0,62
3774500665,3774500667,0,83
3774500667,2841299754,0,82
3774500667,2833303150,0,68
3774500667,3774500665,0,65
3774507801,2843657617,0,100
3774507801,2843657623,0,74
3774507801,2843657626,0,77
3774507801,2843657614,0,94
3774507802,2843657613,0,50
3774507802,2843657636,0,69
3774507802,2843657620,0,66
3774507802,2843657627,0,63
3774507803,2837579697,0,59
3774507803,2837579683,0,68
3774507803,2837579818,0,51
3774507803,2839148914,0,51
3774507804,4165566566,0,91
3774507804,2843657630,0,91
3774507804,9602208995,0,98
3774507805,2843657644,0,76
3774507805,2843657667,0,55
3774507805,2843657660,0,73
3774507805,2843657649,0,79
3774507806,2837580042,0,99
3774507806,3774436881,0,59
3774507806,2837579824,0,78
3774507806,2843851451,0,90
3774507808,2843657677,0,74
3774507808,2843657660,0,85
3774507808,2843657669,0,60
3774507808,2843657675,0,88
3774507817,2843657681,0,78
3774507817,2837579828,0,98
3774507817,7872648267,0,70
3774507817,2837579850,0,56
3774507820,3774507825,0,67
3774507822,7872635007,0,79
3774507822,2837580396,0,67
3774507825,3774507820,0,62
3774507825,7919237078,0,95
3774507826,2845677899,0,88
3774507826,2837580042,0,79
3774507826,2845677801,0,68
3774507826,2845678009,0,60
3774507828,2837580303,0,87
3774507828,2841299194,0,58
3774507828,7872634991,0,70
3774507828,7872634992,0,51
3774507832,3772980663,0,57
3774507832,2845677896,0,53
3774507832,2845678034,0,70
3774507832,2845678011,0,85
3774513064,3774513065,0,80
3774513064,3774513070,0,73
3774513065,3774513064,0,59
3774513065,7919138093,0,70
3774513065,2837579802,0,96
3774513070,3774513064,0,74
3774513070,3774513071,0,85
3774513071,2845677849,0,51
3774513071,3774513070,0,90
3774513071,7919237078,0,77
3774513071,7919138093,0,91
3774513075,7922104722,0,70
3774513075,2845677849,0,75
3774513075,7891677687,0,61
3774513404,3774513414,0,70
3774513404,3774513405,0,89
3774513404,2837579847,0,98
3774513405,3774513404,0,52
3774513405,3774513411,0,91
3774513405,13439523988,0,68
3774513411,13439523989,0,70
3774513411,3774513405,0,86
3774513411,13439523988,0,98
3774513414,7920173394,0,86
3774513414,3774513404,0,52
3774513414,3774513417,0,82
3774513417,7920173404,0,53
3774513417,3774513419,0,96
3774513417,3774513414,0,95
3774513419,7920173395,0,95
3774513419,3774513417,0,58
3774513419,2837580096,0,81
3774513423,7879069131,0,54
3774513423,2845678098,0,54
3774525565,2839148883,0,58
3774525565,2839148883,1,59
3774525565,2839148863,0,56
3774525567,2839148895,0,83
3774525567,2839148863,0,60
3774525567,3774525569,0,95
3774525569,2839148914,0,65
3774525569,2839148895,0,55
3774525569,3774525567,0,98
3774525570,2839148927,0,73
3774525570,3774525571,0,72
3774525570,2839148979,0,71
3774525571,2839148987,0,55
3774525571,3774525570,0,76
3774525571,2839149061,0,71
3774525572,2839149011,0,98
3774525572,8834964791,0,54
3774525572,7872058152,0,81
3774525572,2839149103,0,75
3774525577,2841299169,0,84
3774525577,2839149109,0,53
3774525577,3774525580,0,83
3774525579,7871296974,0,76
3774525579,7773747514,0,91
3774525579,2839149039,0,100
3774525580,4166823755,0,75
3774525580,3774525581,0,94
3774525580,3774525577,0,59
3774525581,3774525580,0,85
3774525581,4166823854,0,55
3774525581,2839149263,0,63
3774525590,3774525597,0,78
3774525590,7871296959,0,60
3774525591,3774525599,0,57
3774525591,3774525590,0,98
3774525593,7871296944,0,66
3774525593,2839149296,0,64
3774525593,3774525601,0,65
3774525593,4165425472,0,53
3774525594,3774525602,0,91
3774525594,12696387423,0,93
3774525595,3774525604,0,85
3774525595,3774525594,0,51
3774525596,2839149341,0,53
3774525596,3774525595,0,91
3774525597,3774525590,0,94
3774525599,3774525591,0,64
3774525600,7871296960,0,80
3774525601,3774525593,0,52
3774525601,1880441580,0,52
3774525602,2839149345,0,64
3774525602,3774525604,0,98
3774525602,3774525594,0,64
3774525603,7871296959,0,59
3774525604,3774525602,0,58
3774525604,3774525605,0,82
3774525604,3774525595,0,70
3774525605,3774525604,0,70
3774525605,2839149384,0,74
3774525605,2839149341,0,98
3774525605,8840551618,0,90
3774525607,8840551618,0,92
3774525607,7872530327,0,75
3774525607,3774525608,0,51
3774525608,3774525607,0,82
3774525608,2839149463,0,98
3774525608,3774525610,0,68
3774525610,7872530328,0,81
3774525610,7872530320,0,51
3774525610,3774525608,0,92
3774525610,7872530317,0,95
3774534343,3774534348,0,94
3774534343,9708719613,0,76
3774534343,3774534345,0,85
3774534345,7938167201,0,54
3774534345,7937903424,0,52
3774534345,3774534343,0,62
3774534347,2833253623,0,87
3774534347,2833253627,0,52
3774534347,7938167199,0,63
3774534348,2833253622,0,64
3774534348,7937903424,0,87
3774534348,3774534343,0,81
3774826802,3773109153,0,50
3774826802,3773109138,0,72
3774826802,3773109104,0,94
3774826802,3774826839,0,55
3774826803,3774826808,0,87
3774826808,3774826803,0,73
3774826808,3774826811,0,82
3774826808,3773109153,0,60
3774826808,3774826848,0,75
3774826811,3774826816,0,63
3774826811,3774826808,0,59
3774826811,3773109126,0,84
3774826811,3774826850,0,50
3774826816,3774826811,0,90
3774826816,3774826829,0,97
3774826816,3773109131,0,89
3774826829,3774826816,0,68
3774826839,3774826844,0,67
3774826839,5446790687,0,85
3774826839,3773109138,0,73
3774826839,3774826802,0,82
3774826844,5446790688,0,74
3774826844,3774826839,0,60
3774826844,3774826847,0,62
3774826844,3773109153,0,98
3774826847,3774826844,0,88
3774826847,3774826848,0,66
3774826847,5446790689,0,71
3774826848,3774826847,0,62
3774826848,3774826850,0,70
3774826848,3774826808,0,66
3774826850,3774826848,0,75
3774826850,3774826852,0,57
3774826850,3774826811,0,91
3774826852,3774826850,0,68
3774979072,7904195834,0,78
3774979073,7904195834,0,51
3774979073,3774979075,0,78
3774979073,7904195830,0,88
3774979073,3776308815,0,91
3774979075,3774979073,0,92
3774979075,2841520671,0,82
3774979075,2841520607,0,99
3774979076,2841520549,0,75
3774979076,2841520625,0,63
3774979076,2841520654,0,61
3774979076,3774979082,0,57
3774979077,3774979080,0,52
3774979077,2841520647,0,74
3774979078,2841520625,0,56
3774979078,2841520708,0,97
3774979078,3774979082,0,63
3774979080,3774979077,0,62
3774979080,2841520674,0,98
3774979082,3774979076,0,86
3774979082,2841520742,0,97
3774979082,3774979078,0,97
3774979083,3774979087,0,69
3774979083,2841520674,0,94
3774979087,3774979092,0,93
3774979087,3774979083,0,63
3774979092,2841520772,0,87
3774979092,3774979087,0,69
3774979097,2841520725,0,73
3774979097,2841520776,0,79
3774979097,2841520787,0,53
3774979097,3774979107,0,91
3774979102,2841520798,0,90
3774979102,7875000076,0,64
3774979102,3774979117,0,86
3774979107,2841520807,0,66
3774979107,2841520813,0,63
3774979107,3774979097,0,82
3774979108,3774979110,0,51
3774979110,2841520804,0,69
3774979110,2841520835,0,50
3774979110,3774979108,0,63
3774979113,2841520831,0,61
3774979113,2841520836,0,71
3774979113,2841520847,0,63
3774979117,2841520843,0,81
3774979117,2841520853,0,96
3774979117,3774979102,0,74
3774979120,2841520854,0,96
3774979120,3774979125,0,70
3774979120,3774979134,0,79
3774979123,7875000077,0,75
3774979123,2841520880,0,88
3774979123,3774979137,0,98
3774979125,2841520835,0,60
3774979125,2841520878,0,81
3774979125,3774979120,0,80
3774979134,2841520884,0,85
3774979134,3774979120,0,88
3774979134,3774979182,0,68
3774979134,2841520900,0,100
3774979135,3774979137,0,92
3774979135,7875046156,0,65
3774979135,3774979146,0,54
3774979137,3774979135,0,89
3774979137,3774979158,0,56
3774979137,3774979123,0,50
3774979138,2841520901,0,51
3774979138,2841520891,0,89
3774979138,3774979149,0,53
3774979138,4415561417,0,50
3774979142,2841520880,0,67
3774979142,2841520911,0,50
3774979142,3774979148,0,69
3774979143,2841520891,0,78
3774979143,3774979156,0,74
3774979143,3774979149,0,96
3774979143,2841520886,0,86
3774979146,7875000078,0,60
3774979146,3774979135,0,56
3774979146,3774979177,0,53
3774979148,3774979158,0,73
3774979148,3774979142,0,63
3774979148,3774979162,0,91
3774979149,2841520912,0,62
3774979149,3774979143,0,77
3774979149,3774979161,0,97
3774979149,3774979138,0,73
3774979156,3774979143,0,54
3774979156,2841520900,0,67
3774979156,3774979161,0,76
3774979158,3774979137,0,91
3774979158,3774979172,0,51
3774979158,3774979148,0,69
3774979161,3774979149,0,99
3774979161,3774979169,0,52
3774979161,3774979156,0,57
3774979162,3774979148,0,69
3774979162,3774979172,0,59
3774979162,6548049619,0,66
3774979163,2841520917,0,79
3774979163,7875004309,0,63
3774979163,7875000078,0,57
3774979169,2841520915,0,90
3774979169,3774979161,0,97
3774979169,2841520921,0,93
3774979171,11047764793,0,100
3774979172,3774979158,0,51
3774979172,6548049620,0,80
3774979172,7875004309,0,61
3774979172,3774979162,0,50
3774979176,2841520923,0,57
3774979176,7875004303,0,55
3774979176,7875004304,0,96
3774979176,2841520915,0,65
3774979177,3774979181,0,79
3774979177,3774979146,0,87
3774979179,2841520924,0,94
3774979179,13604809961,0,85
3774979179,7875004302,0,67
3774979181,3774979177,0,67
3774979181,2841520922,0,51
3774979181,7875000078,0,94
3774979182,3774979188,0,86
3774979182,3774979134,0,80
3774979182,3774979210,0,54
3774979188,3774979182,0,96
3774979188,2841520914,0,94
3774979188,3774979214,0,59
3774979189,3774979193,0,63
3774979191,3774979205,0,54
3774979191,6548049619,0,75
3774979191,3774979208,0,93
3774979193,3774979189,0,74
3774979193,2841520905,0,51
3774979193,11047764793,0,52
3774979205,6548049620,0,81
3774979205,3774979215,0,77
3774979205,3774979191,0,79
3774979207,2841520925,0,76
3774979207,2841520928,0,61
3774979207,3774979232,0,50
3774979208,3774979215,0,86
3774979208,2841520926,0,52
3774979208,3774979191,0,92
3774979210,3774979219,0,54
3774979210,3774979214,0,99
3774979210,3774979182,0,67
3774979211,2841520917,0,95
3774979211,2841520932,0,68
3774979211,7875000079,0,96
3774979214,3774979220,0,80
3774979214,3774979210,0,62
3774979214,3774979188,0,67
3774979215,3774979205,0,51
3774979215,7875000084,0,92
3774979215,3774979208,0,67
3774979218,2841520922,0,62
3774979218,7875000079,0,65
3774979219,3774979210,0,94
3774979219,11047781085,0,78
3774979219,3774979274,0,50
3774979220,3774979214,0,91
3774979220,2841520927,0,52
3774979220,3774979240,0,86
3774979224,2841520931,0,77
3774979224,3774979233,0,85
3774979224,2841520923,0,94
3774979232,3774979248,0,81
3774979232,2841520939,0,100
3774979232,3774979207,0,64
3774979233,3774979238,0,95
3774979233,10653991774,0,97
3774979233,3774979224,0,53
3774979234,3774979242,0,68
3774979234,3774979280,0,73
3774979234,3774979274,0,55
3774979236,2841520940,0,88
3774979236,2841520934,0,73
3774979236,3774979273,0,79
3774979238,3774979233,0,80
3774979238,3774979263,0,84
3774979238,3774979248,0,60
3774979238,2841520925,0,73
3774979240,3774979259,0,92
3774979240,3774979220,0,73
3774979240,3774979250,0,96
3774979242,3774979234,0,85
3774979242,3774979278,0,84
3774979242,3774979259,0,59
3774979248,3774979232,0,70
3774979248,3774979249,0,97
3774979248,3774979238,0,90
3774979249,3774979248,0,72
3774979249,3774979268,0,76
3774979249,2841520942,0,61
3774979250,10653991774,0,87
3774979250,3774979297,0,75
3774979250,3774979240,0,73
3774979251,2841520934,0,79
3774979251,2841520942,0,72
3774979251,2841520939,0,99
3774979256,3774979263,0,68
3774979256,10653991774,0,59
3774979256,3774979271,0,93
3774979259,3774979240,0,98
3774979259,3774979295,0,81
3774979259,3774979242,0,93
3774979263,3774979256,0,84
3774979263,3774979268,0,76
3774979263,3774979238,0,73
3774979268,3774979263,0,77
3774979268,3774979249,0,55
3774979268,7875646986,0,88
3774979271,3774979277,0,66
3774979271,3774979256,0,58
3774979271,3774979303,0,71
3774979273,2841520944,0,72
3774979273,2841520942,0,91
3774979273,3774979288,0,79
3774979273,3774979236,0,78
3774979274,3774979280,0,98
3774979274,3774979234,0,84
3774979274,3774979219,0,93
3774979277,3774979271,0,60
3774979277,3774979292,0,52
3774979277,3774979315,0,71
3774979278,3774979286,0,82
3774979278,3774979242,0,90
3774979278,3774979295,0,59
3774979280,3774979286,0,88
3774979280,3774979274,0,71
3774979280,3774979234,0,84
3774979286,3774979278,0,90
3774979286,3774979280,0,97
3774979286,3774979312,0,60
3774979288,2841520945,0,86
3774979288,2841520947,0,58
3774979288,3774979273,0,100
3774979292,7875646986,0,63
3774979292,3774979322,0,94
3774979292,3774979277,0,75
3774979293,3774979315,0,55
3774979295,3774979297,0,76
3774979295,3774979259,0,57
3774979295,3774979278,0,82
3774979296,3774979300,0,84
3774979296,2841520945,0,52
3774979296,3774979328,0,83
3774979297,3774979295,0,56
3774979297,3774979303,0,86
3774979297,3774979250,0,50
3774979300,3774979296,0,66
3774979300,3774979306,0,85
3774979300,3774979345,0,92
3774979303,3774979297,0,60
3774979303,3774979312,0,97
3774979303,3774979271,0,64
3774979306,3774979318,0,93
3774979306,3774979300,0,95
3774979306,3774979317,0,100
3774979312,7954082561,0,71
3774979312,3774979303,0,81
3774979312,3774979286,0,57
3774979315,3774979293,0,70
3774979315,3774979277,0,96
3774979315,3774979322,0,73
3774979317,3774979306,0,85
3774979317,3774979345,0,75
3774979318,3774979306,0,83
3774979322,3774979328,0,92
3774979322,3774979292,0,75
3774979322,3774979315,0,64
3774979328,3774979322,0,86
3774979328,3774979296,0,72
3774979328,3774979340,0,97
3774979340,3774979328,0,76
3774979340,7954082561,0,94
3774979345,3774979317,0,98
3774979345,3774979363,0,56
3774979345,3774979300,0,64
3774979363,3774979345,0,90
3775031949,2841520522,0,91
3775031949,2841520445,0,79
3775031949,2841520536,0,59
3775031949,3775044770,0,94
3775031950,3775044757,0,98
3775031950,2841520512,0,62
3775031950,3775031954,0,95
3775031952,2841520562,0,50
3775031952,2841520520,0,100
3775031952,2841520569,0,82
3775031954,3775044762,0,56
3775031954,3775193939,0,81
3775031954,3775031950,0,59
3775031955,2841520565,0,54
3775031955,2841520551,0,94
3775031955,2841520482,0,69
3775031956,2841520553,0,65
3775031956,3775044760,0,98
3775031956,2841520575,0,75
3775044757,3775044764,0,69
3775044757,3775031950,0,63
3775044757,3775044762,0,84
3775044759,2841520561,0,90
3775044760,3775031956,0,56
3775044760,2841520579,0,62
3775044760,2841520550,0,51
3775044762,2841520589,0,51
3775044762,3775031954,0,51
3775044762,3775044757,0,68
3775044764,2841520598,0,57
3775044764,3775044757,0,63
3775044764,3775044771,0,61
3775044765,11205029378,0,99
3775044765,2841520563,0,93
3775044765,2841520548,0,54
3775044769,2841520598,0,54
3775044769,2841520584,0,66
3775044769,3775193937,0,78
3775044770,3775031949,0,57
3775044771,2841520613,0,77
3775044771,2841520589,0,72
3775044771,3775044764,0,92
3775044772,2841520613,0,75
3775044772,2841520598,0,50
3775044772,2841520624,0,94
3775044773,2841520629,0,88
3775044773,3775044796,0,69
3775044773,3775044813,0,71
3775044775,3775044812,0,74
3775044776,2841520631,0,73
3775044776,2841520669,0,63
3775044776,2841520635,0,69
3775044778,2841520651,0,77
3775044778,3775044782,0,89
3775044778,3775044781,0,87
3775044779,3775044819,0,80
3775044780,3775044796,0,90
3775044781,3775044778,0,89
3775044781,3775044787,0,87
3775044781,2841520661,0,52
3775044782,3775044778,0,93
3775044782,2841520702,0,81
3775044782,3775044787,0,52
3775044783,2841520685,0,81
3775044783,3775044809,0,70
3775044783,2841520698,0,72
3775044787,3775044782,0,51
3775044787,3775044781,0,66
3775044787,2841520721,0,94
3775044796,3775044818,0,80
3775044796,3775044773,0,74
3775044796,3775044780,0,98
3775044800,2841520707,0,84
3775044800,3775044803,0,99
3775044800,3775044803,1,56
3775044801,3775044828,0,77
3775044801,3001623592,0,94
3775044801,3775044862,0,87
3775044802,3775044826,0,89
3775044803,3775044800,0,72
3775044803,3775044800,1,93
3775044803,2841520749,0,81
3775044806,2841520727,0,51
3775044807,2841520734,0,74
3775044807,2841520786,0,52
3775044807,3775044827,0,81
3775044809,2841520751,0,98
3775044809,2841520763,0,55
3775044809,3775044783,0,80
3775044812,3775044835,0,66
3775044812,3775044775,0,84
3775044812,3775044819,0,55
3775044813,2841520749,0,55
3775044813,3775044818,0,65
3775044813,3775044773,0,96
3775044818,3775044796,0,95
3775044818,3775044813,0,90
3775044818,3775044825,0,56
3775044819,3775044779,0,79
3775044819,3775044826,0,74
3775044819,3775044812,0,97
3775044822,3775044827,0,71
3775044825,9887273093,0,65
3775044825,3775044818,0,88
3775044825,3775044835,0,80
3775044826,3775044802,0,52
3775044826,3775044839,0,70
3775044826,3775044819,0,69
3775044827,3775044849,0,85
3775044827,2841520749,0,99
3775044827,3775044822,0,95
3775044827,3775044807,0,78
3775044828,3775044801,0,63
3775044835,3775044812,0,89
3775044835,3775044825,0,76
3775044835,2841520821,0,56
3775044837,3775044846,0,50
3775044837,2841520786,0,93
3775044837,3775044869,0,58
3775044839,3775044826,0,87
3775044846,3775044849,0,93
3775044846,3775044869,0,99
3775044846,3775044837,0,51
3775044847,3775044849,0,82
3775044849,3775044846,0,78
3775044849,3775044827,0,54
3775044849,3775044847,0,82
3775044849,3775044871,0,61
3775044855,2841520819,0,79
3775044855,2841520808,0,67
3775044855,3775044860,0,94
3775044860,2841520841,0,86
3775044860,2841520857,0,74
3775044860,3775044855,0,84
3775044862,3775044801,0,91
3775044869,3775044877,0,96
3775044869,3775044871,0,53
3775044869,3775044846,0,66
3775044869,3775044837,0,87
3775044871,3775044869,0,57
3775044871,3775044881,0,94
3775044871,3775044849,0,83
3775044877,3775044869,0,81
3775044881,3775044871,0,61
3775044883,2841520899,0,78
3775044883,3775044890,0,68
3775044883,3775044931,0,60
3775044890,11047764793,0,52
3775044890,3775044883,0,68
3775044890,2841520890,0,88
3775044893,3775044903,0,71
3775044903,2841520786,0,77
3775044903,3775044893,0,57
3775044917,11047781085,0,93
3775044931,3775044883,0,59
3775115645,3775193938,0,54
3775191403,2841519294,0,62
3775191403,2837286566,0,80
3775191403,3775191429,0,81
3775191405,3775191424,0,65
3775191406,2841519439,0,50
3775191406,2841519422,0,74
3775191406,3775191429,0,99
3775191418,3775191424,0,97
3775191418,3775191440,0,91
3775191418,3776125531,0,61
3775191424,3775191405,0,99
3775191424,3775191435,0,74
3775191424,3775191418,0,52
3775191428,3775193579,0,69
3775191429,7904471541,0,61
3775191429,3775191403,0,64
3775191429,3775191406,0,71
3775191430,3775193573,0,93
3775191431,3775191442,0,87
3775191433,2841519470,0,81
3775191433,3775191442,0,64
3775191433,2841519476,0,95
3775191435,3775191424,0,78
3775191438,7904050184,0,94
3775191438,7904050180,0,57
3775191438,3775191446,0,56
3775191440,3775191418,0,60
3775191442,3775191431,0,58
3775191442,3775191445,0,58
3775191442,3775191433,0,97
3775191442,3775191448,0,88
3775191444,3783770594,0,86
3775191445,3775191442,0,51
3775191446,3775191448,0,78
3775191446,3775191438,0,81
3775191446,7904172469,0,73
3775191447,3775193579,0,100
3775191448,3775191446,0,94
3775191448,3775191442,0,77
3775191448,3775193589,0,51
3775191451,7904050180,0,95
3775191451,3775193560,0,83
3775191451,7904050182,0,94
3775191453,7904050180,0,73
3775191453,3775193571,0,90
3775191453,7904172469,0,84
3775191453,3775193560,0,56
3775193560,3775191453,0,76
3775193560,7904172443,0,80
3775193560,3775191451,0,52
3775193570,3775193573,0,67
3775193570,7908462353,0,77
3775193570,5446765695,0,85
3775193571,3775191453,0,94
3775193573,3775193574,0,77
3775193573,3775193570,0,54
3775193573,3775191430,0,54
3775193574,3775193573,0,55
3775193574,3775193579,0,66
3775193574,3775193645,0,92
3775193579,3775191447,0,72
3775193579,3775193574,0,80
3775193579,3775191428,0,75
3775193585,2841519777,0,82
3775193587,3775193629,0,65
3775193589,2841519884,0,58
3775193589,3775191448,0,57
3775193589,3775193598,0,51
3775193594,3775193616,0,60
3775193598,2841519721,0,55
3775193598,3775193600,0,86
3775193598,3775193589,0,61
3775193599,2841519755,0,92
3775193600,3775193598,0,62
3775193600,3775193608,0,78
3775193600,3775193619,0,92
3775193602,2841519819,0,84
3775193602,2841519716,0,73
3775193602,3775193624,0,85
3775193608,3775193600,0,66
3775193608,3775193622,0,80
3775193608,3775193619,0,54
3775193616,7904172458,0,100
3775193616,3775193594,0,92
3775193616,3775193624,0,61
3775193616,3001623541,0,87
3775193619,2841519807,0,76
3775193619,3775193608,0,57
3775193619,3775193600,0,85
3775193622,3775193608,0,52
3775193622,2841519822,0,64
3775193622,3775193626,0,62
3775193623,3775193625,0,59
3775193623,2841519807,0,69
3775193623,3775193628,0,58
3775193624,3775193616,0,97
3775193624,2841519834,0,94
3775193624,3775193602,0,75
3775193625,2841519828,0,50
3775193625,3775193623,0,73
3775193625,3775193631,0,53
3775193626,2841519807,0,82
3775193626,7903994523,0,100
3775193626,3775193622,0,50
3775193628,3775193623,0,57
3775193629,2841519842,0,83
3775193629,2841519828,0,92
3775193629,3775193635,0,67
3775193629,3775193587,0,87
3775193631,3775193625,0,83
3775193632,2841519828,0,50
3775193633,2841519881,0,69
3775193633,2841519842,0,58
3775193633,3775193642,0,70
3775193635,3775193629,0,65
3775193636,3001623545,0,80
3775193642,3775193633,0,63
3775193645,3775193574,0,62
3775193645,7903994533,0,92
3775193646,3775193650,0,80
3775193646,3775193873,0,80
3775193646,2841519875,0,80
3775193650,3775193646,0,63
3775193650,2841519896,0,56
3775193650,3775193876,0,61
3775193651,2841519884,0,74
3775193651,3775193653,0,85
3775193651,3775193879,0,90
3775193653,3775193651,0,90
3775193653,2841520009,0,84
3775193653,3775193881,0,54
3775193866,2841519896,0,59
3775193866,3001623547,0,92
3775193866,3775193870,0,58
3775193870,3775193866,0,82
3775193873,3775193876,0,59
3775193873,3775193646,0,98
3775193873,2841520009,0,54
3775193876,3775193873,0,80
3775193876,7903994522,0,82
3775193876,3775193650,0,54
3775193879,3775193651,0,86
3775193880,3775193887,0,60
3775193880,2841520077,0,65
3775193880,2841520043,0,90
3775193881,3775193653,0,98
3775193887,3775193880,0,76
3775193888,2841520251,0,90
3775193888,2841520097,0,73
3775193888,2841520249,0,64
3775193891,5446790782,0,66
3775193891,2841520251,0,76
3775193892,2841520243,0,53
3775193892,2841520275,0,98
3775193892,2841520273,0,77
3775193893,2841520249,0,52
3775193898,3775193900,0,70
3775193898,3775193901,0,99
3775193898,3775193899,0,75
3775193899,3775193898,0,51
3775193899,7927303212,0,62
3775193899,3775193901,0,92
3775193900,2841520333,0,96
3775193900,3775193904,0,73
3775193900,3775193898,0,75
3775193901,3775193898,0,78
3775193901,2841520348,0,88
3775193901,3775193899,0,64
3775193903,2986597806,0,97
3775193903,3775193924,0,58
3775193904,2841520361,0,80
3775193904,3775193900,0,89
3775193904,2841520357,0,100
3775193906,3775193913,0,82
3775193906,2986597802,0,76
3775193906,2841520367,0,91
3775193911,3775193922,0,98
3775193911,2841520346,0,90
3775193911,2841520352,0,60
3775193913,2986597806,0,65
3775193913,2841520377,0,88
3775193913,3775193906,0,83
3775193915,2841520314,0,68
3775193915,2986597813,0,81
3775193915,2986597812,0,99
3775193916,2841520375,0,54
3775193916,3775193920,0,77
3775193916,2841520361,0,88
3775193917,2841520396,0,51
3775193917,2841520346,0,76
3775193917,7904246739,0,54
3775193920,2841520410,0,85
3775193920,2841520405,0,55
3775193920,3775193916,0,95
3775193921,2841520393,0,99
3775193921,7904246739,0,59
3775193921,3430413852,0,99
3775193922,2841520398,0,91
3775193922,2841520404,0,52
3775193922,3775193911,0,73
3775193923,3775193930,0,67
3775193924,2841520437,0,75
3775193924,2841520444,0,67
3775193924,3775193903,0,79
3775193927,2841520491,0,91
3775193927,2841520479,0,71
3775193927,3775193936,0,69
3775193927,2841520446,0,84
3775193929,7903994495,0,88
3775193929,7903994498,0,70
3775193929,7903994496,0,69
3775193930,2841520493,0,80
3775193930,3775193923,0,82
3775193930,11047707341,0,81
3775193931,2841520513,0,74
3775193931,2841520469,0,98
3775193931,3775193934,0,94
3775193933,7904246734,0,87
3775193933,2841520499,0,94
3775193933,2841520435,0,85
3775193934,2841520481,0,93
3775193934,2841520519,0,88
3775193934,3775193931,0,88
3775193936,2841520512,0,92
3775193936,3775193937,0,100
3775193936,3775193927,0,86
3775193937,3775193936,0,58
3775193937,2841520527,0,80
3775193937,3775044769,0,71
3775193938,7903994498,0,55
3775193938,7903994507,0,94
3775193939,3775031954,0,81
3775193939,2841520497,0,71
3775193939,2841520512,0,84
3775288101,3775288103,0,83
3775288103,3775288101,0,89
3775288103,3775288107,0,90
3775288103,3775288115,0,54
3775288106,3775288114,0,66
3775288107,3775288103,0,90
3775288114,3775288115,0,67
3775288114,2841519468,0,67
3775288114,3775288106,0,68
3775288115,7904050164,0,88
3775288115,3775288114,0,82
3775288115,3775288103,0,64
3775288119,2841519498,0,70
3775288119,7904050164,0,70
3775288119,3776112474,0,65
3775288121,3775288123,0,86
3775288122,3001619220,0,62
3775288122,2841519516,0,72
3775288122,3001619225,0,69
3775288123,3775288121,0,62
3775288123,2841519550,0,71
3775288123,7904172441,0,83
3775288124,2841519537,0,93
3775288124,2841519570,0,76
3775288124,3775288131,0,67
3775288126,3775288133,0,66
3775288126,7904172446,0,88
3775288126,2841519550,0,77
3775288126,7904172443,0,92
3775288127,3775288132,0,92
3775288127,3001619222,0,62
3775288127,2841519579,0,99
3775288130,2841519577,0,89
3775288130,3001619225,0,100
3775288130,2841519535,0,58
3775288131,2841519580,0,99
3775288131,2841519557,0,94
3775288131,3775288124,0,68
3775288132,3775288127,0,62
3775288132,3775288134,0,93
3775288132,2841519587,0,93
3775288133,3775288126,0,73
3775288133,2841519585,0,95
3775288133,2841519583,0,84
3775288134,2841519729,0,85
3775288134,3775288132,0,70
3775288134,3775288137,0,63
3775288136,7904195849,0,79
3775288136,3775288142,0,87
3775288136,3775288139,0,83
3775288136,2841519573,0,61
3775288137,3775288134,0,57
3775288137,2841519703,0,96
3775288137,2841519566,0,96
3775288139,7904172449,0,68
3775288139,7904172448,0,90
3775288139,3775288136,0,65
3775288141,2841519583,0,63
3775288141,2841519723,0,88
3775288141,2841519594,0,100
3775288142,3775288136,0,90
3775288143,3775288144,0,71
3775288143,2841519735,0,61
3775288143,2841519703,0,91
3775288144,3775288143,0,81
3775288144,2841519751,0,73
3775288144,2841519719,0,65
3775288145,2841519731,0,75
3775288145,2841519713,0,80
3775288145,3001623535,0,95
3775288146,2841519768,0,67
3775288146,2841519746,0,86
3775288146,3775288148,0,79
3775288148,2841519778,0,84
3775288148,3775288150,0,71
3775288148,3775288146,0,59
3775288149,2841519781,0,66
3775288149,2841519789,0,88
3775288149,2841519826,0,54
3775288150,2841519793,0,66
3775288150,3775288153,0,57
3775288150,3775288148,0,74
3775288151,2841519817,0,85
3775288151,3775293561,0,75
3775288153,3775288150,0,50
3775288154,3775293567,0,54
3775288154,3775293563,0,62
3775288154,2841519775,0,66
3775293559,3775293574,0,81
3775293561,2841519855,0,79
3775293561,3776308693,0,85
3775293561,3775288151,0,87
3775293563,3001623539,0,67
3775293563,3775288154,0,82
3775293563,3775293570,0,86
3775293563,2841519768,0,76
3775293567,2841519826,0,62
3775293567,3775293570,0,67
3775293567,3775288154,0,53
3775293570,3775293567,0,77
3775293570,3001623540,0,90
3775293570,3775293563,0,81
3775293574,3775293559,0,88
3775293574,3001623540,0,56
3775293574,2841519871,0,80
3775293577,3775293579,0,77
3775293577,2841520004,0,74
3775293577,3776308702,0,70
3775293579,2841520013,0,57
3775293579,2841520006,0,58
3775293579,3775293577,0,61
3775993242,2841299648,0,57
3775996260,2839615485,0,73
3775996260,2839615476,0,98
3775996260,9204376841,0,53
3775996260,2839615488,0,52
3775996262,11047655470,0,54
3775996285,3775996288,0,67
3775996285,7888851963,0,56
3775996285,13393715321,0,85
3775996288,3775996285,0,84
3775996288,3776010693,0,67
3775996289,2841518767,0,58
3775996289,3775996291,0,100
3775996289,2841518904,0,56
3775996289,12255357826,0,97
3775996290,2841518924,0,93
3775996291,3775996289,0,77
3775996291,2841518918,0,63
3775996291,2841518908,0,52
3775996291,2841518906,0,92
3775996294,12261296668,0,86
3775996294,2841518924,0,53
3775996294,2841518774,0,50
3775996295,12261296668,0,57
3775996295,7915731658,0,71
3775996295,3775996296,0,89
3775996296,3775996295,0,96
3775996296,3775996297,0,67
3775996296,12224079170,0,68
3775996297,7915731659,0,77
3775996297,3775996296,0,65
3775996297,12224079170,0,64
3776010689,2837582067,0,64
3776010693,3775996288,0,89
3776010693,1880442934,0,88
3776010693,6583655698,0,86
3776010693,3776010695,0,98
3776010695,12255302742,0,67
3776010695,2833301290,0,85
3776010695,3776010693,0,72
3776015547,7223106056,0,65
3776015547,2837582008,0,59
3776015548,3776015552,0,51
3776015548,2122647143,0,85
3776015550,2837582226,0,87
3776015550,3776015547,0,70
3776015552,8518063530,0,98
3776015552,1890013790,0,64
3776015553,7888978696,0,60
3776015553,3776015550,0,74
3776015556,3776050533,0,63
3776015556,2837581887,0,84
3776015556,8518100578,0,89
3776025967,2839615483,0,51
3776025967,2839616503,0,60
3776025969,1880442600,0,55
3776025969,3776025967,0,86
3776025971,3776025969,0,97
3776025971,1880442620,0,89
3776025972,7915427859,0,67
3776025972,7915427861,0,81
3776025976,2837581879,0,57
3776025976,8518100576,0,56
3776025977,2837581866,0,65
3776025977,3776025976,0,76
3776025983,7223106058,0,64
3776025983,2837582014,0,65
3776025984,3776025983,0,79
3776025984,13153807932,0,89
3776025984,12223159831,0,60
3776032362,2841518469,0,61
3776032362,3997971832,0,64
3776032363,3776032362,0,67
3776032363,2841518456,0,56
3776032366,2837581849,0,50
3776032366,3776032363,0,65
3776032367,3776032366,0,92
3776032367,2837581860,0,69
3776032369,2837581896,0,77
3776032369,7915430885,0,87
3776032371,7127597643,0,88
3776032371,3776032374,0,74
3776032373,2837582027,0,78
3776032373,3776032369,0,63
3776032374,2837581697,0,64
3776032374,3776032379,0,56
3776032378,2837582062,0,55
3776032378,3776032373,0,76
3776032379,2837581871,0,95
3776032379,3776032391,0,78
3776032381,2841518723,0,78
3776032381,3776032378,0,59
3776032382,2841518724,0,97
3776032382,3776032381,0,74
3776032383,2841518725,0,89
3776032383,3776032382,0,98
3776032385,2841518728,0,74
3776032385,3776032383,0,51
3776032386,2841518731,0,84
3776032386,3776032385,0,98
3776032387,3776032386,0,67
3776032387,2841518732,0,63
3776032388,3776032387,0,93
3776032388,3430413639,0,81
3776032391,2837582248,0,77
3776032391,3776032397,0,100
3776032394,3430413639,0,83
3776032394,3776032388,0,71
3776032396,3776032394,0,70
3776032396,3430413639,0,51
3776032397,8390297014,0,81
3776050528,3776050534,0,82
3776050533,3776015556,0,89
3776050533,1890013790,0,74
3776050534,3776050533,0,78
3776050534,3776050528,0,88
3776052772,7888851977,0,63
3776052772,2833303012,0,73
3776052772,2833303012,1,59
3776052805,2841518793,0,95
3776052805,7888680473,0,54
3776112461,3776112462,0,88
3776112461,3776117155,0,94
3776112461,3776117143,0,93
3776112462,2837286399,0,74
3776112462,3776112461,0,60
3776112462,3776117145,0,100
3776112463,2841350965,0,75
3776112463,3776117148,0,63
3776112463,2841350968,0,63
3776112466,3776112471,0,70
3776112466,7904080492,0,72
3776112466,7904080494,0,75
3776112467,2841350982,0,67
3776112467,3430413796,0,65
3776112467,3776112469,0,95
3776112468,2837286523,0,68
3776112468,2837286399,0,64
3776112468,7904172439,0,74
3776112469,2837286473,0,88
3776112469,2837286449,0,80
3776112469,3776112467,0,51
3776112469,3776112472,0,93
3776112470,3776112478,0,86
3776112470,7904080493,0,65
3776112470,3776112471,0,91
3776112471,3776112466,0,94
3776112471,3776112470,0,54
3776112471,7904080491,0,78
3776112472,2837286488,0,95
3776112472,3776112469,0,51
3776112472,2841350993,0,74
3776112472,3430413803,0,86
3776112473,7904080487,0,72
3776112473,7904080488,0,73
3776112473,3776112474,0,74
3776112474,3776112473,0,51
3776112474,3775288119,0,81
3776112474,7919737195,0,77
3776112478,3776112470,0,96
3776112478,3776112482,0,78
3776112478,2837286523,0,77
3776112482,3776112478,0,55
3776117058,2833303192,0,77
3776117058,2833303206,0,66
3776117058,3776117064,0,72
3776117060,2833303251,0,64
3776117060,3776117067,0,67
3776117060,2833303218,0,73
3776117061,3776117071,0,66
3776117061,2837285717,0,80
3776117061,2837285728,0,60
3776117063,2833303251,0,60
3776117063,3776117064,0,64
3776117063,3776117069,0,87
3776117064,3776117063,0,91
3776117064,2833303255,0,83
3776117064,3776117058,0,88
3776117065,2837285708,0,83
3776117065,3776117068,0,62
3776117065,3776117104,0,52
3776117066,2833303255,0,74
3776117066,2833303262,0,73
3776117066,6594425728,0,53
3776117066,3776117078,0,98
3776117067,3776117060,0,64
3776117068,2837285743,0,55
3776117068,2837285783,0,95
3776117068,3776117065,0,60
3776117068,3776117070,0,55
3776117069,3776117063,0,89
3776117070,3776117068,0,94
3776117071,3776117072,0,85
3776117071,3776117061,0,53
3776117071,2841349292,0,66
3776117072,2837286017,0,55
3776117072,2837285717,0,83
3776117072,3776117071,0,66
3776117075,2833303255,0,78
3776117077,3776117079,0,59
3776117078,2833303262,0,68
3776117078,2841349285,0,59
3776117078,3776117066,0,77
3776117079,2837285783,0,67
3776117079,2837285824,0,61
3776117079,3776117077,0,64
3776117081,2837285829,0,76
3776117081,7919717025,0,69
3776117081,7919717022,0,60
3776117081,3776117092,0,83
3776117083,3776117091,0,54
3776117084,3776117092,0,64
3776117084,7919717022,0,55
3776117084,3776117094,0,89
3776117085,3776117087,0,53
3776117087,3776117085,0,86
3776117087,3776117089,0,91
3776117087,3776117101,0,100
3776117088,3776117091,0,100
3776117089,3776117101,0,97
3776117089,3776117087,0,61
3776117089,3776117093,0,68
3776117091,3776117092,0,85
3776117091,3776117083,0,80
3776117091,3776117088,0,77
3776117092,3776117091,0,60
3776117092,3776117084,0,65
3776117092,3776117081,0,51
3776117093,3776117089,0,62
3776117094,3776117084,0,88
3776117101,3776117089,0,95
3776117101,3776117087,0,54
3776117101,2837285884,0,54
3776117104,3776117065,0,99
3776117107,3776117108,0,56
3776117107,3776117114,0,67
3776117107,2837286189,0,100
3776117108,2837286113,0,61
3776117108,3776117107,0,84
3776117108,3776117113,0,57
3776117109,3776125501,0,99
3776117109,7904172440,0,79
3776117109,3776117123,0,85
3776117110,3776117124,0,98
3776117112,3776117119,0,73
3776117112,2837286193,0,96
3776117112,2837286148,0,61
3776117113,3776117108,0,59
3776117113,3430413751,0,84
3776117113,3776117114,0,61
3776117113,3776117131,0,65
3776117114,3776117107,0,100
3776117114,3776117135,0,50
3776117114,3776117113,0,70
3776117114,2837286189,0,60
3776117115,7919717074,0,99
3776117115,3430413759,0,67
3776117115,7919717033,0,82
3776117115,3776117116,0,51
3776117116,2841519079,0,82
3776117116,3776117115,0,82
3776117116,3776117118,0,53
3776117118,2841519076,0,75
3776117118,3776117116,0,58
3776117118,7919717048,0,60
3776117119,2837286215,0,53
3776117119,3430413751,0,80
3776117119,3776117112,0,59
3776117120,2837286193,0,58
3776117120,2837286204,0,65
3776117120,3776117127,0,88
3776117123,3776117124,0,73
3776117123,3776125512,0,86
3776117123,3776117109,0,100
3776117123,7904050159,0,67
3776117124,2837286236,0,79
3776117124,3776117123,0,65
3776117124,3776117110,0,79
3776117127,3430413761,0,61
3776117127,2837286236,0,95
3776117127,3776117137,0,57
3776117127,3776117120,0,95
3776117131,3776117135,0,65
3776117131,2837286263,0,60
3776117131,3776117113,0,90
3776117132,2837286297,0,88
3776117132,3430413761,0,98
3776117132,3776117139,0,52
3776117134,3776117151,0,54
3776117134,3430413769,0,74
3776117134,3776125519,0,58
3776117135,2837286278,0,50
3776117135,3776117131,0,68
3776117135,3776117139,0,79
3776117135,3776117114,0,83
3776117137,3776117153,0,81
3776117137,3776117127,0,93
3776117137,2837286297,0,98
3776117137,3430413769,0,75
3776117139,3776117132,0,85
3776117139,3776117141,0,84
3776117139,3776117146,0,96
3776117139,3776117135,0,75
3776117140,2841519090,0,83
3776117140,2841350946,0,79
3776117140,2841519100,0,91
3776117141,3776117139,0,83
3776117141,2837286323,0,72
3776117141,2837286278,0,100
3776117142,3776117143,0,88
3776117142,2837286297,0,86
3776117142,3776117155,0,95
3776117143,3776117145,0,97
3776117143,3776117142,0,75
3776117143,3776112461,0,98
3776117145,3776117146,0,66
3776117145,3776117143,0,83
3776117145,3776112462,0,76
3776117146,3776117139,0,60
3776117146,2837286323,0,82
3776117146,3776117145,0,81
3776117148,2841350950,0,58
3776117148,2841350953,0,52
3776117148,3776112463,0,63
3776117151,2837286362,0,54
3776117151,3776125525,0,88
3776117151,3776117134,0,73
3776117153,3776117154,0,69
3776117153,2837286362,0,57
3776117153,3776117137,0,88
3776117154,3776117155,0,76
3776117154,3776117153,0,74
3776117154,2837286297,0,74
3776117155,3776112461,0,69
3776117155,3776117154,0,73
3776117155,3776117142,0,51
3776125459,2841518970,0,70
3776125459,3776125460,0,81
3776125459,3776125485,0,62
3776125460,3776125459,0,98
3776125460,7915731597,0,51
3776125460,3776125465,0,63
3776125461,3776125466,0,77
3776125462,3776125468,0,99
3776125463,3776125469,0,90
3776125464,3776125466,0,98
3776125465,3776125460,0,59
3776125466,3776125461,0,78
3776125466,3776125464,0,87
3776125466,3776125468,0,100
3776125467,3776125471,0,98
3776125468,3776125462,0,97
3776125468,3776125466,0,58
3776125468,3776125469,0,91
3776125469,3776125463,0,100
3776125469,3776125468,0,69
3776125469,3776125471,0,75
3776125470,3776125479,0,65
3776125471,3776125467,0,59
3776125471,3776125469,0,51
3776125471,3776125473,0,64
3776125472,3776125480,0,78
3776125473,7915782988,0,66
3776125473,3776125477,0,81
3776125473,3776125471,0,75
3776125474,3776125481,0,79
3776125475,3776125483,0,95
3776125477,3776125473,0,79
3776125477,3776125496,0,73
3776125477,3776125479,0,63
3776125478,3776125489,0,79
3776125479,3776125486,0,58
3776125479,3776125470,0,76
3776125479,3776125477,0,53
3776125479,3776125480,0,65
3776125480,3776125472,0,59
3776125480,3776125479,0,90
3776125480,3776125481,0,56
3776125480,3776125500,0,68
3776125481,3776125474,0,73
3776125481,3776125499,0,53
3776125481,3776125480,0,72
3776125481,3776125483,0,79
3776125482,3776125492,0,74
3776125483,3776125475,0,91
3776125483,3776125498,0,77
3776125483,3776125481,0,54
3776125483,3776125485,0,88
3776125485,3776125459,0,68
3776125485,3776125497,0,72
3776125485,3776125483,0,82
3776125486,3776125479,0,85
3776125488,2841519004,0,80
3776125488,3776125489,0,52
3776125488,7904039960,0,80
3776125489,3776125478,0,54
3776125489,3776125488,0,72
3776125489,3776125492,0,71
3776125492,3776125482,0,62
3776125492,3776125496,0,69
3776125492,3776125489,0,82
3776125496,3776125492,0,60
3776125496,3776125477,0,50
3776125496,3776125500,0,56
3776125497,3776125498,0,59
3776125497,7904039970,0,97
3776125497,3776125485,0,95
3776125498,3776125483,0,85
3776125498,3776125499,0,67
3776125498,3776125497,0,53
3776125499,3776125481,0,51
3776125499,3776125500,0,82
3776125499,3776125498,0,63
3776125500,3776125499,0,90
3776125500,3776125480,0,83
3776125500,3776125496,0,73
3776125501,3776125503,0,51
3776125501,3776117109,0,78
3776125501,3776125512,0,75
3776125503,3776125504,0,71
3776125503,3776125501,0,89
3776125503,3776125511,0,79
3776125504,2837286142,0,72
3776125504,3776125503,0,89
3776125504,3776125508,0,70
3776125508,3776125511,0,68
3776125508,2837286191,0,73
3776125508,3776125504,0,53
3776125511,3776125512,0,83
3776125511,3776125508,0,87
3776125511,3776125503,0,57
3776125511,3776125514,0,78
3776125512,3776117123,0,98
3776125512,3776125511,0,81
3776125512,3776125501,0,77
3776125513,2837286241,0,98
3776125513,2837286191,0,82
3776125513,3776125514,0,52
3776125514,3776125513,0,92
3776125514,3776125511,0,99
3776125514,3776125516,0,85
3776125515,3776125516,0,96
3776125515,2837286241,0,97
3776125515,3776125522,0,86
3776125516,3776125517,0,82
3776125516,3776125515,0,54
3776125516,3776125514,0,59
3776125516,3776125523,0,74
3776125517,3776125519,0,71
3776125517,3776125516,0,92
3776125517,3776125524,0,95
3776125519,3776117134,0,78
3776125519,3776125517,0,96
3776125519,3776125525,0,96
3776125519,7904050159,0,90
3776125522,3776125523,0,67
3776125522,2837286320,0,59
3776125522,3776125515,0,59
3776125523,3776125524,0,98
3776125523,3776125522,0,62
3776125523,3776125516,0,55
3776125524,3776125525,0,89
3776125524,3776125523,0,74
3776125524,3776125517,0,67
3776125525,3776117151,0,75
3776125525,3776125524,0,64
3776125525,3776125519,0,52
3776125526,2837286493,0,52
3776125526,2837286435,0,69
3776125526,7904050161,0,50
3776125527,2837286436,0,58
3776125527,7904050161,0,62
3776125527,3776125528,0,76
3776125528,2837286495,0,86
3776125528,2837286445,0,62
3776125528,3776125527,0,76
3776125530,3776125531,0,59
3776125531,2837286525,0,77
3776125531,3776125530,0,85
3776125531,3775191418,0,86
3776182337,3776216996,0,66
3776182338,3776217000,0,63
3776182339,3776216996,0,50
3776182339,2839148700,0,54
3776182339,3776182344,0,60
3776182344,2839148715,0,52
3776182344,7938695432,0,66
3776182344,3776217000,0,96
3776182344,3776182339,0,80
3776182345,7937823289,0,100
3776182348,7938695432,0,54
3776182348,7939051737,0,64
3776182348,3776182350,0,79
3776182350,7937823289,0,60
3776182350,3496451207,0,93
3776182350,3776217019,0,81
3776182350,3776182348,0,57
3776182351,7937823262,0,55
3776182351,3776182352,0,92
3776182351,2839148715,0,79
3776182352,3776182351,0,71
3776182352,2839148726,0,89
3776182352,2841299045,0,96
3776190202,2839148635,0,73
3776190202,2839148537,0,80
3776190202,3776190206,0,66
3776190206,3776190207,0,86
3776190206,3776190202,0,85
3776190206,3776190909,0,85
3776190207,3776190206,0,97
3776190208,3776190214,0,71
3776190214,4393402629,0,90
3776190214,3776190208,0,92
3776190214,3776190219,0,70
3776190219,2833253564,0,83
3776190219,4393402644,0,59
3776190219,3776190214,0,92
3776190909,7871811348,0,93
3776190909,2839148648,0,95
3776190909,3776190206,0,87
3776190911,7939035497,0,83
3776190911,2839148668,0,93
3776190911,7939035500,0,67
3776216965,2171115899,0,88
3776216965,3776216974,0,99
3776216974,2833253520,0,65
3776216974,2833253521,0,64
3776216974,3776216978,0,51
3776216977,2839148502,0,77
3776216977,3777724207,0,80
3776216977,7872058169,0,67
3776216978,2839148510,0,71
3776216978,2839148528,0,82
3776216978,3776216983,0,69
3776216983,3078491717,0,81
3776216983,7872530334,0,96
3776216983,3954935365,0,75
3776216984,7872571287,0,53
3776216984,2833253523,0,87
3776216984,9708735848,0,69
3776216990,3776216991,0,66
3776216990,1880441459,0,56
3776216991,2839148658,0,59
3776216991,2839148644,0,85
3776216991,3776217025,0,64
3776216994,3776216995,0,100
3776216994,3776217010,0,64
3776216994,2839148685,0,65
3776216995,3776216994,0,79
3776216995,2839148696,0,59
3776216995,3776217011,0,56
3776216996,3776182337,0,94
3776216996,3776182339,0,84
3776216996,3776217000,0,82
3776217000,3776182338,0,73
3776217000,3776182344,0,76
3776217000,7939051737,0,97
3776217000,3776216996,0,75
3776217003,7939051737,0,76
3776217010,2839148710,0,86
3776217010,7937823275,0,71
3776217010,3776216994,0,69
3776217011,7937823275,0,55
3776217011,2841299042,0,65
3776217011,3776216995,0,60
3776217019,3776182350,0,89
3776217019,7937823294,0,80
3776217019,7937823290,0,92
3776217025,7964258779,0,54
3776224059,3776224064,0,99
3776224059,2841518974,0,70
3776224059,7904039954,0,53
3776224060,7888680420,0,77
3776224060,7908563840,0,75
3776224060,7888680467,0,77
3776224061,3776224064,0,59
3776224061,7915731677,0,76
3776224061,11047629077,0,80
3776224063,3776224065,0,51
3776224064,3776224061,0,71
3776224064,3776224065,0,73
3776224064,3776224059,0,57
3776224065,3776224063,0,69
3776224065,2841519004,0,65
3776224065,3776224064,0,81
3776224069,2841519004,0,81
3776224069,7908563840,0,75
3776224069,3776224077,0,87
3776224077,3776224080,0,63
3776224077,12206644198,0,75
3776224077,3776224069,0,77
3776224080,3776224077,0,65
3776231843,2839148338,0,68
3776231843,2839148345,0,65
3776231843,9708728537,0,89
3776231844,2833253508,0,60
3776231844,2839148387,0,71
3776231844,2839148372,0,60
3776231844,7934422124,0,88
3776231845,9708735840,0,70
3776231845,3776231851,0,87
3776231848,3776231856,0,74
3776231850,3776231856,0,55
3776231850,3776231852,0,56
3776231850,9708735840,0,55
3776231851,9708735841,0,55
3776231851,3776231845,0,100
3776231851,3776237357,0,97
3776231852,3776237359,0,50
3776231852,3776231850,0,59
3776231852,3776231854,0,84
3776231854,2833253512,0,77
3776231854,3776231852,0,81
3776231854,2839148467,0,55
3776231856,3776237359,0,100
3776231856,3776231850,0,94
3776231856,3776231848,0,91
3776237357,2839148414,0,59
3776237357,2839148472,0,53
3776237357,3776231851,0,50
3776237359,3776231856,0,80
3776237359,3776231852,0,61
3776237359,3776237363,0,52
3776237363,2839148458,0,58
3776237363,2839148468,0,68
3776237363,3776237359,0,73
3776237364,3776237365,0,93
3776237365,3776237364,0,93
3776237365,7872571291,0,94
3776237365,7872571293,0,72
3776237367,11729477253,0,92
3776237367,2839148812,0,86
3776237367,2839148759,0,55
3776237368,3774485857,0,52
3776237368,2839148850,0,60
3776237368,3776237372,0,69
3776237370,2839148861,0,71
3776237370,2841299141,0,56
3776237370,4215821072,0,52
3776237372,4215823043,0,87
3776237372,7937823363,0,55
3776237372,3776237368,0,52
3776237374,2841299152,0,89
3776237374,7938695456,0,50
3776237374,2841299157,0,62
3776243684,3776243685,0,100
3776243684,9708735866,0,60
3776243684,2839148658,0,75
3776243685,2839148665,0,81
3776243685,3776243684,0,56
3776243685,7964258780,0,67
3776303937,2841519563,0,87
3776303937,7919221071,0,68
3776303937,3776303938,0,89
3776303938,3776303941,0,83
3776303938,3776303937,0,54
3776303938,7919170750,0,89
3776303941,2841519563,0,68
3776303941,3776303938,0,58
3776303941,7919170749,0,54
3776303952,2841519706,0,79
3776303952,3001619230,0,88
3776303954,7919170750,0,66
3776308657,5446790664,0,60
3776308657,2841519706,0,91
3776308660,3776308662,0,99
3776308660,2841519774,0,94
3776308662,3776308660,0,82
3776308662,2841519794,0,56
3776308693,7919791487,0,81
3776308693,3776308702,0,88
3776308693,3775293561,0,64
3776308698,2841520014,0,94
3776308698,2841519873,0,68
3776308698,2841520004,0,52
3776308699,3776308702,0,75
3776308701,3776308709,0,71
3776308701,2841519889,0,92
3776308701,2841519855,0,60
3776308702,3776308699,0,94
3776308702,3775293577,0,80
3776308702,3776308693,0,78
3776308709,3776308701,0,72
3776308709,3776308717,0,82
3776308709,2841520005,0,69
3776308717,2841520010,0,68
3776308717,3776308709,0,91
3776308717,3776308728,0,95
3776308721,2841520010,0,75
3776308721,2841520005,0,76
3776308721,2841520055,0,65
3776308722,2841520008,0,100
3776308722,2841520030,0,69
3776308722,3776308727,0,92
3776308723,2841520023,0,70
3776308723,2841520020,0,63
3776308723,2841519889,0,65
3776308727,2841520021,0,79
3776308727,2841520041,0,59
3776308727,3776308722,0,95
3776308728,2841520048,0,59
3776308728,2841520032,0,52
3776308728,3776308717,0,55
3776308740,2841520217,0,53
3776308740,2841520093,0,87
3776308740,3776308749,0,57
3776308741,2841520206,0,59
3776308741,2841520098,0,56
3776308741,2841520080,0,78
3776308743,2841520068,0,58
3776308743,3776308745,0,59
3776308745,2841520211,0,96
3776308745,3776308743,0,54
3776308749,3776308756,0,68
3776308749,3776308754,0,99
3776308749,3776308740,0,71
3776308750,7904195835,0,94
3776308750,2841520213,0,70
3776308750,2841520248,0,87
3776308754,2841520263,0,65
3776308754,3001623556,0,95
3776308754,3776308749,0,80
3776308754,3776308766,0,77
3776308755,2841520277,0,76
3776308755,2841520242,0,57
3776308755,2841520278,0,91
3776308756,3776308749,0,92
3776308756,2841520250,0,92
3776308756,2841520276,0,85
3776308763,2841520298,0,96
3776308763,2841520261,0,87
3776308763,3776308769,0,69
3776308766,2841520304,0,95
3776308766,2841520285,0,63
3776308766,3776308754,0,80
3776308769,2841520281,0,91
3776308769,2841520311,0,52
3776308769,3776308763,0,73
3776308774,3776308785,0,60
3776308774,2986597804,0,75
3776308774,2841520285,0,62
3776308779,2841520337,0,72
3776308779,2841520298,0,54
3776308779,2841520306,0,53
3776308785,2841520304,0,52
3776308785,2841520347,0,66
3776308785,3776308774,0,74
3776308797,2986597829,0,61
3776308797,3776308806,0,81
3776308797,2986597827,0,79
3776308799,3776308800,0,92
3776308800,2841520414,0,75
3776308800,3776308799,0,100
3776308800,3776308811,0,95
3776308806,2841520439,0,70
3776308806,2841520411,0,78
3776308806,3776308797,0,58
3776308811,2841520448,0,70
3776308811,3776308800,0,97
3776308812,2841520503,0,95
3776308812,2841520471,0,77
3776308812,3776308815,0,92
3776308812,2841520439,0,70
3776308815,3776308812,0,98
3776308815,2841520492,0,86
3776308815,3774979073,0,94
3777691597,2839148653,0,61
3777691597,3777724221,0,50
3777691597,7872563967,0,100
3777691601,7872563967,0,60
3777691601,2839148644,0,66
3777691603,3777691605,0,76
3777691603,3777721158,0,55
3777691605,3777691603,0,81
3777691605,3496460216,0,71
3777691605,4166952666,0,59
3777691608,3496459082,0,52
3777691608,3496459080,0,58
3777691608,2282190200,0,65
3777691613,2282190223,0,82
3777691613,9708719608,0,88
3777691624,7888562540,0,81
3777691624,2841518254,0,67
3777691624,2841518203,0,62
3777691625,7891613886,0,96
3777697241,11581768224,0,61
3777700358,2837579461,0,76
3777700358,2837579473,0,52
3777700358,2837579466,0,99
3777700358,2837579463,0,50
3777700361,12210261199,0,90
3777700361,2837579612,0,73
3777700362,12210295401,0,95
3777700362,2837579622,0,71
3777700362,3777700361,0,89
3777700364,2841299120,0,73
3777700364,2839148737,0,71
3777700364,2841299082,0,50
3777700364,2841299069,0,56
3777700367,7872648257,0,80
3777700367,2837579653,0,99
3777700367,12221794499,0,82
3777704721,7941702692,0,62
3777704721,7941702685,0,63
3777704721,2837580970,0,59
3777704721,7941688182,0,71
3777710791,10696750074,0,93
3777710792,10682715868,0,92
3777710794,2839148365,0,97
3777710794,10682715868,0,97
3777710794,3078491193,0,82
3777710794,3777720933,0,67
3777720932,2839148400,0,83
3777720932,2839148408,0,75
3777720932,2839148350,0,83
3777720933,2839148408,0,87
3777720933,2839148415,0,89
3777720933,3777710794,0,89
3777720934,7872058182,0,62
3777720934,2839148417,0,77
3777720934,3777720935,0,99
3777720935,2839148452,0,96
3777720935,2839148470,0,52
3777720935,3777720934,0,79
3777720936,7872563981,0,96
3777720936,3777720937,0,87
3777720937,7872530345,0,85
3777720937,13011718058,0,68
3777720944,2839148625,0,84
3777720944,3776216990,0,98
3777720945,2839148653,0,79
3777720945,3777720936,0,52
3777721158,7964258778,0,68
3777724207,2839148537,0,71
3777724207,3776216977,0,51
3777724207,7872058166,0,76
3777724209,7872058166,0,87
3777724209,7872058169,0,90
3777724209,2839148593,0,100
3777724210,3777724211,0,54
3777724210,13011718058,0,80
3777724211,2839148625,0,76
3777724211,2839148595,0,79
3777724211,3777724210,0,88
3777724211,3777724216,0,86
3777724212,7872571286,0,64
3777724212,9708735847,0,70
3777724212,7872571287,0,87
3777724213,2833253532,0,64
3777724213,2833253555,0,78
3777724213,3777724219,0,66
3777724216,2839148645,0,69
3777724216,2839148607,0,91
3777724216,3777724211,0,52
3777724217,2839148634,0,64
3777724217,7872530347,0,92
3777724217,7963622080,0,87
3777724219,2833253557,0,66
3777724219,2839148623,0,75
3777724219,3777724213,0,66
3777724221,3777691597,0,50
3777724221,2839148666,0,83
3777724221,2839148673,0,64
3777724226,3777724231,0,52
3777724231,3777724226,0,64
3777724231,1928140328,0,78
3777743729,7940734900,0,65
3777743729,7940794592,0,75
3777743729,3777743733,0,50
3777743731,3777743733,0,77
3777743731,3777743738,0,53
3777743733,3777743731,0,54
3777743733,7940734896,0,67
3777743733,3777743729,0,84
3777743734,7940734896,0,84
3777743734,2843651885,0,76
3777743734,3777743741,0,51
3777743736,2845676556,0,82
3777743736,2839148240,0,96
3777743736,3777743737,0,100
3777743736,7940724278,0,99
3777743737,3777743736,0,90
3777743737,3777743739,0,100
3777743737,2845676740,0,69
3777743737,2843651866,0,99
3777743738,3777743731,0,88
3777743738,3777743741,0,92
3777743738,2845676744,0,53
3777743739,2843651868,0,81
3777743739,3777743737,0,87
3777743739,3777743740,0,63
3777743739,2843651896,0,84
3777743740,2843651869,0,92
3777743740,2843651898,0,85
3777743740,3777743739,0,68
3777743741,7940734908,0,99
3777743741,3777743734,0,57
3777743741,3777743738,0,65
3777743741,2845676761,0,74
3777743747,2843651898,0,85
3777743747,2843651899,0,96
3777743747,3777743754,0,71
3777743750,2843651899,0,61
3777743750,3777743857,0,84
3777743750,2843657202,0,91
3777743751,3777743756,0,62
3777743751,2839148249,0,50
3777743751,3777743754,0,93
3777743752,3777743860,0,77
3777743754,3777743751,0,55
3777743754,3777743858,0,71
3777743754,3777743747,0,91
3777743756,3777743751,0,65
3777743756,3777743858,0,80
3777743756,2839148295,0,51
3777743857,3777743750,0,56
3777743858,3777743756,0,58
3777743858,3777743861,0,97
3777743858,3777743754,0,96
3777743859,7940724274,0,66
3777743860,12203530504,0,60
3777743860,2843657208,0,92
3777743860,3777743752,0,68
3777743861,2839148295,0,92
3777743861,3777743858,0,66
3777743861,12203470579,0,76
3777743864,12203470579,0,60
3777751194,2839148359,0,77
3777751194,7829575113,0,63
3777751194,2839148382,0,96
3777776478,3777776481,0,60
3777776480,3777776482,0,73
3777776480,2839148301,0,56
3777776481,7940724253,0,98
3777776481,7925542884,0,68
3777776481,3777776478,0,69
3777776482,2839148329,0,84
3777776482,7940724245,0,94
3777776482,3777776480,0,85
3777891588,3777891607,0,90
3777891591,3777891601,0,54
3777891591,3777891631,0,54
3777891591,7942215918,0,59
3777891593,3773464472,0,57
3777891597,3777891628,0,50
3777891601,3777891625,0,65
3777891601,3777891591,0,54
3777891601,3777891611,0,99
3777891604,3773464524,0,99
3777891607,3777891588,0,100
3777891607,3777891611,0,98
3777891607,3777891628,0,67
3777891611,3777891607,0,61
3777891611,3777891601,0,57
3777891611,3777891634,0,98
3777891620,3777891635,0,78
3777891625,3777891601,0,71
3777891628,3777891597,0,57
3777891628,3777891635,0,82
3777891628,3777891607,0,99
3777891631,3777891591,0,99
3777891634,3777891611,0,84
3777891635,2841299682,0,79
3777891635,3777891628,0,82
3777891635,3777891620,0,57
3777891638,2841299687,0,80
3777891638,2841299682,0,92
3777891638,3777891648,0,89
3777891648,3777891652,0,67
3777891648,2841299714,0,100
3777891648,3777891638,0,55
3777891652,2841299701,0,72
3777891652,2841299707,0,100
3777891652,3777891648,0,55
3777891655,2837583539,0,72
3777918353,2837582268,0,61
3777918355,2837582296,0,74
3777922965,2837582525,0,62
3777922967,2837582544,0,84
3777922970,2837583044,0,66
3777922971,2837583068,0,96
3777922972,2837583304,0,51
3777925254,2575603081,0,89
3777925254,2837580637,0,100
3777944395,7958466684,0,99
3777944395,5578474775,0,55
3777944398,1880441799,0,54
3777944398,2833127050,0,60
3777944403,2643494864,0,59
3777944403,2575448031,0,71
3777944433,7941711834,0,60
3777944433,2837580576,0,83
3777944433,2841299265,0,94
3777946263,7916518487,0,84
3777946263,7941552880,0,62
3777946263,3777946267,0,80
3777946267,2837581370,0,98
3777946267,2575599577,0,90
3777946267,3777946263,0,72
3777946640,2833127084,0,51
3777946640,2575448061,0,71
3777946640,2841299322,0,74
3783770594,7904050175,0,100
3783770594,7904050176,0,98
3783770594,3775191444,0,77
3942981558,2833127634,0,56
3942981558,2833127625,0,82
3942981558,3942981559,0,99
3942981559,3942981558,0,75
3954895122,2845676879,0,63
3954895122,2839148329,0,60
3954895122,3954895123,0,62
3954895123,3954895122,0,89
3954895123,2839148330,0,90
3954935364,2843657238,0,80
3954935364,7872530333,0,99
3954935364,2839148607,0,87
3954935365,7872530333,0,97
3954935365,2839148580,0,94
3954940706,2839148510,0,54
3954940706,3954940708,0,97
3954940708,3954940706,0,64
3955034760,2837581815,0,92
3955034760,2837581812,0,99
3955034760,3955034762,0,81
3955034762,7916755437,0,85
3955034762,2841518716,0,99
3955034762,3955034760,0,79
3955038294,1880442505,0,74
3955038294,3955038295,0,70
3955038295,3955038294,0,91
3955038295,7222623279,0,73
3955038295,7911789365,0,62
3955043044,2833127050,0,52
3955043044,3955043045,0,52
3955043044,3430413472,0,78
3955043045,2837580551,0,62
3955043045,3955043044,0,50
3955043045,7941659596,0,86
3955043045,2837580522,0,72
3975280055,2837285296,0,51
3975280055,7915991507,0,92
3975280055,3975280056,0,73
3975280056,3975280055,0,91
3978313215,3774429829,0,71
3978313215,7927786614,0,76
3978313215,2837286528,0,97
3997875634,12196333610,0,50
3997875634,7912102352,0,70
3997875636,2841349283,0,79
3997875636,2841349283,1,55
3997875636,7912102341,0,58
3997875641,7912102314,0,56
3997875641,3997886528,0,88
3997875641,2841519000,0,83
3997883946,3997886529,0,85
3997883949,3997886531,0,99
3997883949,2833303244,0,57
3997883949,3997886529,0,87
3997883956,2833303238,0,58
3997883956,3997885759,0,80
3997883956,3997886531,0,81
3997885759,7912102297,0,85
3997885759,3430413691,0,85
3997885759,3997883956,0,96
3997886528,3997886529,0,98
3997886528,3997875641,0,71
3997886528,2841349284,0,57
3997886529,3997886528,0,89
3997886529,3997883949,0,52
3997886529,3997883946,0,100
3997886530,3997886531,0,90
3997886530,2841349284,0,70
3997886530,2841349283,0,65
3997886531,3997883949,0,69
3997886531,3997886530,0,84
3997886531,3997883956,0,77
3997971803,2837284912,0,68
3997971803,2837284910,0,52
3997971803,7953233866,0,56
3997971808,3997971809,0,53
3997971809,2837580590,0,69
3997971812,5446790782,0,92
3997971812,3001623550,0,58
3997971814,3997971812,0,94
3997971814,2841520049,0,66
3997971832,2839149761,0,74
3997971832,4776756150,0,59
3998008031,2833127691,0,67
3998008031,3998008032,0,71
3998008031,2833127694,0,76
3998008032,2833127675,0,54
3998008032,2833127680,0,83
3998008032,3998008033,0,73
3998008032,3998008031,0,54
3998008033,3998008032,0,81
3998009081,2841299662,0,69
3998009082,2841518938,0,97
3998009082,7912815325,0,69
3998009082,7912815290,0,76
4035952061,2841518941,0,51
4041311053,3774435071,0,51
4055899903,2839148604,0,68
4055899903,2839148642,0,70
4055899903,2839148626,0,61
4056524655,2845676944,0,95
4056524655,2845676961,0,55
4056524655,2839148489,0,58
4090981032,2839148320,0,83
4090981032,2839148359,0,88
4108308599,4108308600,0,88
4108308599,2843852190,0,56
4108308600,2837580653,0,73
4108308600,7891576362,0,57
4108308600,4108308599,0,56
4149222579,2837286211,0,66
4149222579,2837286292,0,99
4149222579,2837286218,0,71
4149386092,2833303002,0,70
4149386092,2837582591,0,57
4149386092,2833303068,0,61
4149386093,2833303017,0,86
4149386093,2833303016,0,63
4149386093,2833303006,0,87
4149386151,2833303212,0,55
4149386151,2833303186,0,64
4149386151,2833303116,0,53
4149386158,2833303237,0,67
4149399415,4149399421,0,69
4149399421,2833303248,0,98
4149399421,4149399422,0,85
4149399421,4149399415,0,98
4149399422,4149399421,0,84
4149399422,2833303249,0,55
4149399422,3430413688,0,95
4150576589,3774435061,0,85
4150576589,2841518926,0,86
4150576589,13604774757,0,94
4150576591,2833303128,0,84
4150576591,3430413670,0,69
4150576591,4150576606,0,85
4150576606,4150576591,0,92
4150840503,4150840515,0,69
4150840515,4150840503,0,56
4150840515,2837285211,0,75
4150840515,8844565854,0,98
4150840579,4150840581,0,52
4150840579,4150844650,0,69
4150840579,2837285247,0,76
4150840581,4150840579,0,55
4150840581,4150844650,0,92
4150840581,13607003526,0,71
4150844650,4150840581,0,67
4150844650,4150840579,0,97
4150844650,13607003525,0,53
4150844669,13607003525,0,58
4150844669,2837582570,0,54
4150844669,2837582539,0,56
4150844687,2837582727,0,87
4150844688,2841299694,0,50
4151179008,2833127410,0,56
4151179008,2833127451,0,80
4151179008,2833127434,0,52
4152714113,2841299382,0,80
4153023298,4160457527,0,73
4153023298,4160457528,0,75
4153023298,4160457530,0,84
4153147536,12200843488,0,56
4154777085,2837285580,0,66
4154777085,10302690962,0,60
4154777085,10302690960,0,87
4154777085,2841299740,0,85
4156801017,2841299334,0,100
4156801017,2833127335,0,65
4156801017,2833127309,0,55
4156801017,4160437057,0,71
4160437044,4160437045,0,60
4160437044,2837284924,0,61
4160437044,2833127094,0,91
4160437045,2833127094,0,86
4160437045,4160437044,0,94
4160437045,1880442364,0,56
4160437046,2841299349,0,90
4160437046,2837581147,0,51
4160437048,2833127322,0,80
4160437048,3430413492,0,63
4160437048,2837581106,0,96
4160437048,7911664337,0,95
4160437052,3430413492,0,58
4160437052,2833127339,0,60
4160437052,4160437058,0,97
4160437052,4160437054,0,93
4160437054,2837581339,0,82
4160437054,2833127339,0,65
4160437054,4160437052,0,76
4160437056,2833127357,0,50
4160437056,7911664348,0,93
4160437056,2171064411,0,83
4160437057,2833127375,0,67
4160437057,3430413594,0,86
4160437057,4156801017,0,100
4160437058,3430413596,0,96
4160437058,4160437052,0,99
4160437058,4160549577,0,62
4160437060,3430413600,0,81
4160437060,6146884322,0,85
4160440927,2833127439,0,65
4160440927,11119000657,0,53
4160440928,3430413608,0,77
4160440931,2833127507,0,63
4160440931,2833127468,0,89
4160440936,2841299508,0,92
4160457522,2841518751,0,74
4160457523,2841518762,0,62
4160457526,2833127672,0,83
4160457526,13087246206,0,68
4160457526,2833127675,0,72
4160457527,2841518777,0,58
4160457527,2841299629,0,75
4160457527,4153023298,0,87
4160457528,4153023298,0,76
4160457530,2833127670,0,87
4160457530,4153023298,0,68
4160549577,3772964237,0,67
4160549577,6146884322,0,65
4160549577,4160437058,0,89
4165424454,4166823854,0,57
4165424454,4166823898,0,95
4165424454,2839149279,0,76
4165424724,2839149263,0,66
4165424724,2839149201,0,91
4165424724,2839149144,0,88
4165424753,2839149179,0,81
4165424780,2839149224,0,50
4165424780,7871225906,0,57
4165424780,2839149244,0,75
4165425179,2839149296,0,87
4165425406,2839149244,0,62
4165425472,3774525593,0,97
4165566566,2843657641,0,66
4165566566,3774507804,0,94
4165566566,4167284391,0,58
4165673451,2843657416,0,86
4165673451,2843657421,0,61
4165673451,2843657413,0,91
4166823627,4166823705,0,87
4166823627,3500474133,0,57
4166823629,2839149082,0,92
4166823629,2839149159,0,65
4166823674,3500445399,0,58
4166823674,2841299169,0,95
4166823674,4166823854,0,52
4166823705,3500418919,0,64
4166823705,2839149170,0,65
4166823705,4166823627,0,97
4166823709,2839149155,0,52
4166823709,3500445399,0,96
4166823709,4166823898,0,54
4166823755,2839149170,0,93
4166823755,3774525580,0,75
4166823755,2839149109,0,58
4166823829,7871225906,0,63
4166823854,3774525581,0,67
4166823854,4165424454,0,57
4166823854,4166823674,0,86
4166823898,4165424454,0,50
4166823898,2839149224,0,91
4166823898,4166823709,0,63
4166878578,2833253614,0,95
4166878580,4167304126,0,57
4166878580,2841514559,0,94
4166878580,2839148948,0,50
4166878583,2839148990,0,76
4166878583,2839148953,0,56
4166878583,2839148942,0,71
4166878584,2839148962,0,63
4166878584,2839148983,0,78
4166878584,4166878585,0,59
4166878585,2839149017,0,59
4166878585,3430413422,0,96
4166878585,4166878584,0,91
4166905490,2833253630,0,100
4166952637,4166952666,0,57
4166952666,3496460206,0,73
4166952666,4166952637,0,70
4166952666,3777691605,0,76
4166979711,2837579492,0,74
4166979711,2418718378,0,92
4166979711,2843657404,0,83
4167154045,2837579671,0,93
4167154045,2837579621,0,67
4167154106,2837579671,0,78
4167171692,4167171694,0,92
4167171694,2839148914,0,62
4167171694,3430413416,0,90
4167171694,4167171692,0,59
4167258055,4167258056,0,63
4167258055,2833253632,0,74
4167258056,4167258055,0,72
4167258061,2839149150,0,62
4167258061,2839149134,0,92
4167258061,2839149121,0,92
4167258062,2839149188,0,65
4167258062,2839149150,0,81
4167258062,3496755905,0,81
4167258067,2839149222,0,67
4167258067,2839149187,0,77
4167258067,3496755908,0,53
4167284368,2843657466,0,66
4167284368,2843657454,0,50
4167284368,2843657411,0,77
4167284388,2841299159,0,79
4167284388,2843657472,0,60
4167284388,4167284389,0,53
4167284388,2843657466,0,100
4167284389,2841299161,0,53
4167284389,2843657486,0,97
4167284389,4167284388,0,79
4167284389,11047633975,0,83
4167284390,2843657630,0,68
4167284390,4167284391,0,63
4167284390,2843657486,0,76
4167284391,2837579681,0,57
4167284391,4165566566,0,68
4167284391,4167284390,0,59
4167287563,2839148601,0,68
4167287563,2839148592,0,67
4167287563,6154157005,0,61
4167296216,2843657450,0,77
4167296216,2841299159,0,99
4167296216,2843657466,0,50
4167304117,3496459082,0,80
4167304121,3496459086,0,100
4167304121,4167304122,0,98
4167304121,3496460197,0,83
4167304122,4167304121,0,54
4167304126,2833253634,0,87
4167304126,2833253630,0,79
4167304126,4167304127,0,72
4167304126,4166878580,0,69
4167304127,4167304126,0,91
4167451830,2843657654,0,64
4167451830,2839149149,0,78
4168929241,1880441541,0,62
4168929241,4168930351,0,94
4168930351,2837580308,0,67
4168930351,7937877992,0,80
4168930351,4168929241,0,74
4169370949,7874467006,0,67
4169370949,2843852004,0,60
4169370949,12221605918,0,80
4169372507,2833253750,0,64
4169424517,2833253693,0,78
4169424517,2839149347,0,58
4169424517,2837580318,0,51
4169452995,4169453018,0,99
4169452995,3486029860,0,65
4169453018,1880441757,0,91
4169453018,4169452995,0,81
4170787628,4170787653,0,74
4170787628,2837591273,0,64
4170787628,3430413453,0,85
4170787653,2839149525,0,82
4170787653,2839149491,0,91
4170787653,4170787628,0,59
4170813823,2837580385,0,57
4170813823,4170813833,0,67
4170813833,3430413466,0,96
4170813833,2837580374,0,73
4170813833,4170813823,0,83
4171204682,2833253794,0,66
4171204682,2833253755,0,94
4171204682,4171229198,0,56
4171229198,2833253759,0,67
4171229198,4171204682,0,92
4173907774,2833253725,0,83
4174015476,2837579867,0,69
4174015476,4174015477,0,97
4174015476,4174016731,0,75
4174015477,4174015483,0,51
4174015477,4174015476,0,54
4174015477,2837579892,0,86
4174015478,2837579867,0,56
4174015478,2839149139,0,65
4174015478,4174016679,0,68
4174015483,2837580026,0,66
4174015483,4174015477,0,65
4174015483,4174015488,0,98
4174015488,4174016656,0,92
4174015488,2837579892,0,85
4174015488,4174015483,0,89
4174016656,4174015488,0,86
4174016656,2837580058,0,83
4174016656,2837580026,0,61
4174016679,2837580051,0,90
4174016679,2837580018,0,81
4174016679,4174015478,0,83
4174016731,2837580043,0,50
4174016731,2837580054,0,59
4174016731,4174015476,0,51
4174016852,2837580078,0,70
4174016852,2837580072,0,99
4174016852,4174016858,0,94
4174016855,2837580058,0,99
4174016855,4174016858,0,85
4174016855,2837580078,0,76
4174016858,2837580305,0,86
4174016858,4174016852,0,71
4174016858,4174016855,0,50
4188956829,4188956830,0,80
4188956830,2839149115,0,62
4188956830,2839149130,0,61
4188956830,4188956829,0,56
4215821072,4215822995,0,96
4215821072,7938695458,0,69
4215821072,3776237370,0,96
4215821074,2839148795,0,98
4215821074,4215822813,0,77
4215821074,4215822853,0,66
4215822800,7937823310,0,94
4215822800,4215822878,0,67
4215822800,9576044158,0,87
4215822813,4215821074,0,62
4215822813,2841299097,0,90
4215822813,4393497646,0,75
4215822826,7937823365,0,92
4215822826,7937823287,0,88
4215822826,1880441488,0,86
4215822826,4215823043,0,86
4215822853,2839148792,0,72
4215822853,4215821074,0,56
4215822853,7939051733,0,74
4215822878,7937823309,0,80
4215822878,4653450995,0,89
4215822878,4215822800,0,62
4215822995,4215821072,0,65
4215822995,7937823308,0,70
4215822995,4215823040,0,52
4215823040,4215823043,0,71
4215823040,3774485857,0,72
4215823040,4215822995,0,80
4215823043,3776237372,0,98
4215823043,4215823040,0,65
4215823043,4215822826,0,84
4247888869,2837582075,0,71
4247888869,4247888871,0,81
4247888870,2837582253,0,64
4247888870,2837582080,0,77
4247888870,4247888873,0,85
4247888871,4247888869,0,51
4247888872,2837582064,0,94
4247888873,4247888879,0,54
4247888873,4247888870,0,56
4247888873,4247888876,0,86
4247888876,2837582080,0,58
4247888876,4247888873,0,64
4247888878,2837582075,0,76
4247888879,4247888881,0,52
4247888879,4247888882,0,63
4247888879,4247888873,0,79
4247888881,4247888879,0,76
4247888882,4247888879,0,84
4258130064,2833253722,0,97
4258130064,4258130070,0,54
4258130064,2839149459,0,56
4258130066,7912725286,0,93
4258130066,2841299213,0,85
4258130066,4258130069,0,78
4258130069,4258130070,0,95
4258130069,2841299213,0,58
4258130069,4258130066,0,64
4258130069,4258130197,0,97
4258130070,4258130069,0,63
4258130070,4258130064,0,63
4258130070,4258130195,0,73
4258130078,2841299213,0,56
4258130195,4258130070,0,52
4258130197,4258130069,0,66
4258561108,2837579831,0,50
4258561108,2837579855,0,87
4258561108,4258561110,0,76
4258561108,4258561109,0,57
4258561109,4258561108,0,67
4258561109,11047621375,0,91
4258561109,11047621376,0,87
4258561110,4258561108,0,78
4393288455,2418718371,0,63
4393288455,10262935212,0,55
4393288466,2294633454,0,71
4393288466,2418718379,0,65
4393288466,4649904928,0,89
4393288470,7871811324,0,57
4393288470,4393288471,0,55
4393288471,2833253621,0,66
4393288471,8834977241,0,100
4393288472,2833253622,0,88
4393288472,9860050865,0,84
4393288473,3496486164,0,97
4393288473,3496486163,0,90
4393288473,2833253631,0,98
4393288475,7937903426,0,65
4393288475,2839148928,0,52
4393288479,4393288480,0,80
4393288479,9708719612,0,94
4393288480,6354264773,0,67
4393288480,6354264774,0,84
4393288481,3496486695,0,60
4393288481,4393288482,0,92
4393288482,6354264769,0,98
4393288482,4393288485,0,94
4393288485,1880441505,0,96
4393288485,4393289489,0,50
4393289489,7937877987,0,81
4393289489,7937864684,0,63
4393295460,1880441514,0,100
4393295460,12725299500,0,76
4393295467,6357870906,0,71
4393295474,1880441541,0,56
4393295474,4393295480,0,55
4393295480,2839149363,0,82
4393295480,4393295487,0,87
4393295487,1880441712,0,64
4393295487,4393296791,0,86
4393296791,1880441740,0,67
4393296791,1880441712,0,50
4393296791,4393296798,0,77
4393296798,1880441720,0,94
4393296798,2837580354,0,72
4393296798,4393296799,0,72
4393296799,2837580344,0,98
4393296799,2837580358,0,78
4393296799,4393296800,0,85
4393296800,3485765656,0,94
4393296800,3485765655,0,60
4393296800,6566842801,0,51
4393296801,2839149495,0,97
4393296801,4393296803,0,56
4393296803,4643798868,0,90
4393402629,4393402630,0,86
4393402629,3776190214,0,51
4393402629,4393402644,0,92
4393402630,4393402629,0,67
4393402630,4393402636,0,62
4393402630,2833253560,0,61
4393402636,4393402639,0,60
4393402636,4393402641,0,64
4393402636,4393402630,0,97
4393402639,2833253570,0,52
4393402639,4393402636,0,96
4393402639,13607129878,0,61
4393402641,2833253567,0,62
4393402641,2833253560,0,63
4393402641,4393402636,0,62
4393402644,3776190219,0,58
4393402644,4393402650,0,68
4393402644,4393402629,0,79
4393402650,4393402644,0,53
4393402650,2833253586,0,92
4393402650,2833253570,0,78
4393402676,3496483765,0,64
4393402676,3496483764,0,89
4393402676,3496483761,0,58
4393488382,2841299001,0,52
4393488382,11801632087,0,57
4393488382,2841299005,0,96
4393488890,7937823257,0,96
4393488890,7939035519,0,63
4393488890,4393488893,0,73
4393488893,4393488898,0,90
4393488893,2839148599,0,98
4393488893,4393488890,0,98
4393488898,2839148602,0,69
4393488898,4393488893,0,93
4393488898,4462483448,0,77
4393488905,2841299026,0,59
4393488905,2841299029,0,94
4393488905,7937823355,0,54
4393488921,1928140186,0,60
4393488921,4393488925,0,80
4393488921,9708719615,0,74
4393488921,7937903407,0,50
4393488925,4393488921,0,60
4393488925,4393488928,0,73
4393488925,9708719616,0,52
4393488928,4393488931,0,84
4393488928,4393488925,0,61
4393488928,9708728518,0,93
4393488931,2841299026,0,76
4393488931,4393488933,0,56
4393488931,4393488928,0,55
4393488933,7937823274,0,98
4393488933,4393488931,0,60
4393488933,7937823355,0,63
4393497634,2839148738,0,54
4393497634,7937823358,0,59
4393497634,7937823277,0,76
4393497637,2839148760,0,56
4393497637,7937823358,0,77
4393497637,7938695445,0,64
4393497646,7937823286,0,94
4393497646,2839148818,0,60
4393497646,4215822813,0,67
4415561417,2841520856,0,95
4415561417,2841520865,0,83
4415561417,2841520847,0,95
4415561417,3774979138,0,85
4415614618,2841520092,0,93
4415614618,2841520230,0,83
4415614618,2841520206,0,87
4415614618,3001623552,0,87
4461930878,3496483764,0,71
4461930878,3496483757,0,78
4461930878,8389760071,0,60
4462483448,2841299008,0,88
4462483448,7937903407,0,84
4462483448,4393488898,0,92
4552551462,3773109062,0,86
4552551462,5446790761,0,63
4554680661,2837583978,0,78
4554680661,2841299815,0,77
4554680661,2837286013,0,61
4608293365,10673531928,0,89
4608293365,7941892796,0,100
4608293365,10673531927,0,78
4641625866,1880441785,0,67
4641625866,7941000189,0,70
4641625872,7941089438,0,66
4641625885,4641625866,0,88
4641625885,4641625997,0,63
4641625887,4641625885,0,96
4641625888,1880441811,0,99
4641625888,4641625887,0,51
4641625989,4641625888,0,62
4641625997,1880441844,0,75
4641626014,4643955589,0,68
4641626014,1880441742,0,74
4641626015,11595164571,0,99
4641626015,11595080765,0,84
4641626016,11595080765,0,79
4641626016,708920890,0,55
4641626023,4641626014,0,87
4643798868,3485765662,0,57
4643798868,4643798870,0,100
4643798870,4643886299,0,94
4643798870,2837580349,0,58
4643884991,4393295474,0,53
4643884991,6649244972,0,64
4643886297,4643884991,0,97
4643886297,2833253660,0,94
4643886299,4641626023,0,84
4643886299,4643886300,0,57
4643886300,4643955589,0,85
4643886300,2837580349,0,80
4643955589,9565508992,0,75
4649904928,2418718380,0,91
4649904928,3496486160,0,87
4649904928,4393288470,0,95
4649948643,2833253614,0,97
4649948643,4393288466,0,58
4649948643,7871811331,0,53
4650003425,2839149036,0,83
4650003425,3488732710,0,61
4650003425,4393288479,0,84
4650036954,2841349264,0,64
4650036954,4393295467,0,58
4653377990,1928143220,0,65
4653391593,4653450495,0,53
4653422890,4653391593,0,82
4653422890,4653450989,0,88
4653450494,4653377990,0,84
4653450494,4653377990,1,54
4653450495,4653450494,0,65
4653450495,1928145744,0,84
4653450498,7939035545,0,85
4653450498,4653450995,0,55
4653450498,4653451691,0,71
4653450989,4655024989,0,83
4653450995,4653450498,0,84
4653450995,7939035546,0,55
4653450995,4215822878,0,66
4653451691,7939035544,0,66
4653451691,4653450498,0,71
4653451691,4655020792,0,85
4654979291,4653422890,0,58
4654979291,1928143220,0,61
4655020791,7939035542,0,52
4655020791,4655020792,0,77
4655020791,4655025589,0,81
4655020792,7939035543,0,63
4655020792,4653451691,0,58
4655020792,4655020791,0,100
4655024989,2282190221,0,64
4655025589,4655020791,0,94
4655025589,7939035541,0,90
4655025589,2839148743,0,55
4776723232,2839255708,0,83
4776723232,4776756131,0,59
4776723233,2837580527,0,89
4776723233,4776756133,0,78
4776723233,2833253814,0,54
4776723234,2833253844,0,77
4776723234,2833253808,0,96
4776723234,4776723233,0,90
4776723235,3430413471,0,84
4776723235,4776766925,0,55
4776723236,4776756135,0,97
4776723236,1880441878,0,98
4776723236,2837580570,0,70
4776723237,2837580647,0,79
4776723237,4776756138,0,60
4776723237,2837580511,0,93
4776723238,7923076398,0,67
4776723238,2839149661,0,71
4776723239,2837581168,0,51
4776723239,4776756146,0,52
4776723239,3502372164,0,98
4776723240,4776767127,0,50
4776723240,2839149713,0,99
4776756127,2837580375,0,51
4776756127,2837580368,0,99
4776756127,2294633478,0,92
4776756128,2837284099,0,94
4776756128,4776766923,0,51
4776756128,2837284093,0,96
4776756129,2833253831,0,51
4776756129,8374388073,0,55
4776756130,2833253833,0,70
4776756130,4776756129,0,60
4776756130,2833253800,0,98
4776756131,2837580510,0,97
4776756131,2839149621,0,90
4776756131,4776766924,0,87
4776756132,2839149632,0,55
4776756132,2837580391,0,55
4776756132,4776723232,0,94
4776756133,2837580386,0,62
4776756133,4776756132,0,80
4776756134,2833253832,0,56
4776756134,4776770721,0,78
4776756135,4776770821,0,100
4776756135,2839149612,0,84
4776756136,1880441895,0,91
4776756136,2837580608,0,73
4776756136,4776766926,0,53
4776756137,8835095217,0,100
4776756137,2837580634,0,90
4776756137,4776756136,0,97
4776756138,2841299297,0,88
4776756138,4776756137,0,51
4776756138,2833253840,0,96
4776756139,2839149677,0,59
4776756139,3772964231,0,72
4776756139,7911517133,0,70
4776756140,2839149679,0,74
4776756140,4776756139,0,93
4776756140,3430413476,0,57
4776756141,4776766928,0,100
4776756141,13077902286,0,82
4776756142,4776756141,0,91
4776756142,2839149678,0,68
4776756143,9645626608,0,98
4776756143,2841518284,0,68
4776756144,4776756143,0,66
4776756144,2841518292,0,60
4776756145,1880442415,0,55
4776756145,7918749092,0,84
4776756145,7918667384,0,59
4776756146,4776756145,0,88
4776756146,3502372164,0,92
4776756147,2839149703,0,86
4776756147,4776723239,0,84
4776756148,2839149720,0,80
4776756148,4776766929,0,68
4776756149,2839149718,0,81
4776756149,4776756148,0,83
4776756150,2837581330,0,99
4776756150,4776723240,0,54
4776756150,2839149753,0,59
4776766923,2837284098,0,61
4776766923,2837284094,0,98
4776766923,4776756127,0,68
4776766924,2833253834,0,82
4776766924,4776756130,0,89
4776766924,2833253795,0,100
4776766925,2833253829,0,52
4776766925,4776756134,0,70
4776766926,2837580579,0,74
4776766926,2837580606,0,80
4776766926,4776723236,0,52
4776766927,3430413476,0,82
4776766927,2839149683,0,77
4776766927,4776756140,0,79
4776766928,4776767125,0,51
4776766928,2839149670,0,52
4776766929,2839149712,0,88
4776766929,4776756147,0,53
4776767124,4776723235,0,50
4776767124,2839149616,0,92
4776767125,2839149671,0,66
4776767125,4776723238,0,65
4776767126,4776756144,0,74
4776767126,3502466377,0,72
4776767127,4776756149,0,90
4776767127,2839149710,0,71
4776770721,2837580540,0,55
4776770721,2833253804,0,73
4776770721,4776723234,0,96
4776770722,2839149666,0,83
4776770722,2837580654,0,67
4776770722,4776723237,0,83
4776770821,4776767124,0,59
4776770821,3430413468,0,75
5307890600,1880443188,0,74
5307890600,2837286394,0,86
5405097133,5405097135,0,57
5405097133,7871539683,0,65
5405097133,2839148761,0,76
5405097135,7871539622,0,59
5405097135,5405097133,0,67
5405097135,7871539682,0,82
5407858959,5407858962,0,64
5407858959,5407858961,0,70
5407858959,2839148543,0,73
5407858961,5407858959,0,92
5407858962,7872648240,0,53
5407858962,2839148531,0,73
5407858962,5407858959,0,69
5446765691,2841519884,0,60
5446765691,3997971814,0,100
5446765695,3775193645,0,86
5446765695,3775193570,0,74
5446765696,5446765849,0,96
5446765849,7903994540,0,52
5446765849,11047650579,0,85
5446790662,3001619228,0,95
5446790662,5446790772,0,52
5446790670,7919221063,0,90
5446790670,2841519752,0,80
5446790671,2841519815,0,53
5446790671,5446790672,0,76
5446790672,2841519796,0,63
5446790672,5446790673,0,65
5446790673,2841519860,0,76
5446790673,5446790674,0,88
5446790674,2841519867,0,89
5446790674,5446790675,0,85
5446790675,2841519872,0,79
5446790675,7919193286,0,89
5446790676,5446790679,0,72
5446790679,7919791490,0,100
5446790679,7919321019,0,51
5446790680,3774471493,0,99
5446790680,7920016296,0,89
5446790681,5446790682,0,99
5446790681,2841519851,0,90
5446790682,3774471503,0,83
5446790682,3774471495,0,61
5446790684,4552551462,0,58
5446790684,7920016332,0,54
5446790686,10807062470,0,53
5446790686,7927950605,0,67
5446790687,3774826839,0,53
5446790687,5446790688,0,57
5446790688,3774826844,0,75
5446790688,5446790689,0,66
5446790689,3774826847,0,83
5446790689,3774826852,0,57
5446790760,7920016299,0,85
5446790760,7919321011,0,83
5446790761,7920016346,0,97
5446790761,3773109128,0,50
5446790770,2841519872,0,66
5446790770,7919174380,0,90
5446790772,7979513728,0,96
5446790782,5446791851,0,66
5446791851,5446791852,0,91
5446791851,2841520400,0,61
5446791851,7927303212,0,85
5446791852,3997971812,0,80
5578474775,7941089438,0,81
5578474775,11944136028,0,65
5936573341,11581768224,0,83
5936573341,6354265184,0,62
6146840832,7919321010,0,74
6146840832,7919321013,0,95
6146840836,7919260335,0,98
6146840836,7919321036,0,62
6146840836,7919321013,0,83
6146840839,3774471492,0,91
6146840839,3774471489,0,54
6146840839,7920016285,0,75
6146840839,7919791503,0,67
6146847852,6146847853,0,65
6146847852,13393769936,0,59
6146847853,7911858415,0,93
6146847853,7911858409,0,54
6146847853,6146847852,0,59
6146847857,6146847860,0,94
6146847857,6146847862,0,75
6146847857,7911858409,0,89
6146847860,7911858422,0,93
6146847860,7911858426,0,68
6146847860,6146847857,0,96
6146847860,9781573055,0,60
6146847861,6146847862,0,83
6146847861,7911858421,0,86
6146847861,7911858414,0,91
6146847862,6146847861,0,92
6146847862,6146847857,0,92
6146847862,7911858415,0,96
6146874997,7222567569,0,69
6146874997,7222623452,0,76
6146875007,6146879024,0,69
6146875007,10267077004,0,60
6146875010,6146875011,0,51
6146875010,2841299531,0,65
6146875011,2841299525,0,76
6146875011,2833127584,0,98
6146875017,2837581856,0,95
6146875018,7222623227,0,58
6146875018,6146875007,0,73
6146875037,1880442589,0,96
6146879024,7222623384,0,96
6146879024,11118998075,0,83
6146879026,7911664331,0,77
6146884322,7222567565,0,63
6146884322,4160549577,0,56
6146884325,2833127375,0,69
6146884325,6153028466,0,99
6146884325,7222623236,0,66
6146889051,8390297010,0,55
6146889051,10017344626,0,79
6147067475,2833127690,0,52
6147067475,7376781889,0,74
6147067475,6147067482,0,68
6147067476,2841299691,0,90
6147067476,7376781890,0,74
6147067476,6147067477,0,60
6147067476,2833127669,0,72
6147067477,7376781889,0,98
6147067477,2841299731,0,73
6147067477,2841518957,0,98
6147067477,6147067476,0,68
6147067481,2833127684,0,52
6147067481,2833127658,0,61
6147067481,2841299633,0,75
6147067482,7912679468,0,100
6147067482,2841518909,0,64
6147067482,6147067475,0,96
6147102388,2833127658,0,93
6147102388,2833127625,0,73
6147102388,8831507055,0,71
6153028466,6146884325,0,84
6153028466,2833127387,0,93
6153028466,7222623331,0,61
6153028466,7222623273,0,68
6154146781,3777724231,0,62
6154146781,7872563967,0,96
6154156987,2839148742,0,51
6154156987,6154156988,0,92
6154156987,9647693957,0,55
6154156988,2839148753,0,80
6154156988,6154156990,0,74
6154156990,7871539641,0,69
6154156990,6154156993,0,76
6154156993,2843851110,0,100
6154156993,6154156994,0,67
6154156994,6154156996,0,68
6154156994,11096762306,0,82
6154156996,6154156997,0,86
6154156996,7871539691,0,83
6154156997,9855062184,0,82
6154156997,2839148713,0,51
6154156999,6154157000,0,99
6154156999,2845677268,0,64
6154157000,7871539660,0,96
6154157000,6154157001,0,56
6154157001,7872607467,0,73
6154157001,7872607469,0,65
6154157002,6154157003,0,85
6154157003,7872648244,0,94
6154157003,2839148606,0,82
6154157004,2839148592,0,83
6154157004,6154157005,0,61
6154157005,6154157006,0,67
6154157005,4167287563,0,71
6154157006,6154157007,0,96
6154157006,2839148582,0,58
6154157007,6154157008,0,79
6154157007,2839148573,0,89
6154157008,7978095580,0,94
6154157008,2837579470,0,53
6154157009,2839148550,0,93
6154157009,9909460376,0,94
6154157010,2845677157,0,71
6154157010,6154157013,0,52
6354226230,2843852315,0,68
6354226242,2837581374,0,93
6354226242,2837581345,0,90
6354226242,7927123898,0,53
6354264748,11411551675,0,68
6354264748,7938328027,0,65
6354264757,1880441568,0,63
6354264757,7938328055,0,63
6354264758,7938328007,0,63
6354264758,11608007559,0,98
6354264768,11411551675,0,72
6354264769,6354264772,0,62
6354264771,1880441497,0,83
6354264771,2839149136,0,66
6354264772,1880441497,0,87
6354264772,6354264771,0,70
6354264773,7937864641,0,95
6354264774,6354264773,0,57
6354264774,7937864639,0,75
6354265102,7916799348,0,96
6354265102,9569961551,0,64
6354265103,6354265102,0,59
6354265104,6354265103,0,56
6354265104,1880441720,0,55
6354265105,6354265104,0,56
6354265105,6354265103,0,95
6354265131,2600872773,0,88
6354265131,12628076594,0,79
6354265149,6354265131,0,83
6354265149,7928555510,0,79
6354265159,6649244966,0,96
6354265159,6649244973,0,100
6354265171,9565508990,0,57
6354265171,660699705,0,84
6354265184,8261348739,0,53
6354265184,1880441614,0,88
6354265184,7940981056,0,62
6354338524,6354338526,0,65
6354338525,2843657464,0,87
6354338525,2843657476,0,55
6354338525,6354338526,0,90
6354338526,6354338524,0,93
6354338526,6354338525,0,62
6354338526,2843657464,0,81
6354338529,6354338530,0,63
6354338529,2839148806,0,58
6354338530,6354338529,0,75
6354338530,7872607475,0,91
6354338530,2841299110,0,70
6354338538,2845678079,0,64
6354338564,7939035488,0,52
6354338564,7937823256,0,76
6354338564,7939035519,0,52
6354338565,9869618735,0,96
6354338565,2839148773,0,54
6354338567,2839148709,0,55
6354338580,2839149394,0,98
6354338580,2839149439,0,89
6354338580,2839149400,0,98
6354340093,7937823260,0,82
6354340093,7937823259,0,81
6354340093,12000942333,0,98
6357868964,11409495365,0,70
6357868964,1880441532,0,74
6357868966,1880441585,0,56
6357868967,1880441600,0,79
6357868967,6357868973,0,82
6357868973,6357868966,0,76
6357868973,6357870910,0,99
6357868975,6357868967,0,85
6357870905,1880441532,0,96
6357870905,11409495365,0,83
6357870906,6357870905,0,50
6357870906,4643884991,0,50
6357870907,7938167131,0,61
6357870907,6354264757,0,63
6357870909,6354264757,0,51
6357870909,6357870907,0,51
6357870910,6357870909,0,87
6357870910,1880441591,0,56
6444391444,7911603778,0,71
6444391444,1880442465,0,99
6444391444,2837581322,0,76
6444846565,2837581326,0,57
6444846565,2839149751,0,85
6444846565,2839255751,0,58
6548049619,6548049620,0,88
6548049619,3774979162,0,83
6548049619,3774979191,0,50
6548049620,3774979172,0,65
6548049620,3774979205,0,94
6548049620,6548049619,0,74
6566802897,7928359027,0,71
6566802897,7688291353,0,80
6566802900,2841299236,0,90
6566802900,6566802921,0,94
6566802916,1880441755,0,81
6566802916,11581768224,0,66
6566802916,7941285706,0,96
6566802921,7941000189,0,68
6566802921,1880441747,0,88
6566842801,2839149563,0,57
6566842801,4393296801,0,96
6566842805,1880441747,0,76
6583655698,2837582078,0,50
6583655698,3776010693,0,89
6594425725,2841349281,0,93
6594425728,3776117066,0,63
6594425728,6594425729,0,75
6594425728,7912102288,0,73
6594425728,2833303213,0,89
6594425729,2833303192,0,100
6594425729,2833303255,0,72
6594425729,6594425728,0,58
6649204670,1880442433,0,53
6649204672,8855614419,0,54
6649204672,6649204677,0,69
6649204677,8855614420,0,88
6649204677,1880442486,0,54
6649204677,6649204679,0,57
6649204679,1880442477,0,83
6649204679,1880442465,0,90
6649204679,6649212586,0,99
6649204684,2833127348,0,86
6649204684,6649204670,0,68
6649212586,2833127366,0,56
6649212586,6649204684,0,84
6649212595,6649212596,0,68
6649212595,6649212603,0,64
6649212596,2837580964,0,64
6649212596,6649212595,0,75
6649212597,6649212622,0,83
6649212597,3997971808,0,80
6649212598,2171064388,0,71
6649212598,6649212597,0,51
6649212600,2171064393,0,87
6649212600,6649212598,0,58
6649212601,2841299303,0,98
6649212601,6649212600,0,76
6649212602,2171064395,0,62
6649212602,6649212601,0,60
6649212603,6649212602,0,96
6649212603,2171064397,0,60
6649212607,2837581119,0,63
6649212607,2837580954,0,88
6649212615,2837284916,0,88
6649212615,6649212632,0,82
6649212622,6649212623,0,59
6649212623,3997971808,0,54
6649212623,6649212628,0,65
6649212628,6649212615,0,78
6649212630,2171064388,0,67
6649212630,6649212622,0,71
6649212632,2837284924,0,71
6649212632,1880441906,0,76
6649244966,6354265149,0,54
6649244972,3430413437,0,55
6649244972,6649244966,0,66
6649244973,6649244972,0,52
6649244973,4393295474,0,94
6694729479,2837286535,0,97
6694729479,2841351004,0,96
6694729479,2841519286,0,68
6866111149,2841519473,0,58
6866111149,7919237994,0,83
6866111149,6866165606,0,84
6866111149,7919237987,0,76
6866111150,6866165606,0,97
6866111150,7919321070,0,52
6866111150,2841519268,0,73
6866111157,6866111158,0,90
6866111158,2841519478,0,51
6866111158,2841519473,0,99
6866111158,6866111157,0,100
6866165594,6866165598,0,71
6866165594,3774476911,0,65
6866165594,3774476905,0,81
6866165594,3774471472,0,75
6866165597,7919321047,0,77
6866165597,7919260317,0,77
6866165597,7919321052,0,100
6866165598,7919321058,0,97
6866165598,6866165594,0,52
6866165598,6866165599,0,83
6866165599,6866165598,0,94
6866165601,7919321072,0,56
6866165606,6866111150,0,57
6866165606,7918985603,0,97
6866165606,6866111149,0,58
6866165606,7918985601,0,77
7127597643,4247888869,0,99
7127597643,3776032371,0,51
7127776510,8390297010,0,52
7127776510,7222567582,0,62
7222567538,7222567543,0,53
7222567539,2837285271,0,83
7222567543,7222567538,0,63
7222567543,7916815893,0,73
7222567543,2837582520,0,74
7222567558,2833127377,0,75
7222567558,7222623312,0,88
7222567565,2837581189,0,55
7222567565,7222623248,0,98
7222567569,2841299536,0,51
7222567569,6146875010,0,74
7222567575,1880442644,0,59
7222567575,2837582084,0,93
7222567575,6146874997,0,79
7222567582,1880442646,0,54
7222567582,1880442591,0,70
7222567582,7222567575,0,97
7222623221,2841299574,0,63
7222623221,2833127644,0,56
7222623221,2833127669,0,61
7222623226,2833127496,0,99
7222623226,7222623227,0,63
7222623226,2837581856,0,66
7222623227,7222623226,0,71
7222623227,7918749225,0,72
7222623227,6146875018,0,53
7222623228,2837581820,0,77
7222623233,2833127657,0,82
7222623233,13087246206,0,85
7222623233,2833127615,0,61
7222623236,2833127460,0,77
7222623236,7912815300,0,86
7222623237,3430413594,0,56
7222623248,2837581200,0,81
7222623248,6146884325,0,90
7222623273,7222623236,0,81
7222623273,6153028466,0,77
7222623279,3955038295,0,98
7222623279,1880442473,0,85
7222623294,11119000657,0,91
7222623294,2841299378,0,59
7222623294,7222623304,0,89
7222623304,2841299387,0,63
7222623304,7222623294,0,83
7222623304,2833127441,0,66
7222623305,2833127416,0,68
7222623305,7911664335,0,97
7222623311,11080507726,0,52
7222623311,2837581394,0,57
7222623311,7222623305,0,65
7222623312,2833127384,0,69
7222623312,7911664336,0,85
7222623323,7222623329,0,50
7222623323,7222623351,0,100
7222623326,7222623323,0,83
7222623326,7222623331,0,78
7222623326,7222623384,0,99
7222623329,6146884325,0,62
7222623329,7222623331,0,71
7222623331,7222623326,0,69
7222623331,2833127468,0,65
7222623331,6153028466,0,80
7222623345,7911858436,0,92
7222623345,1880442497,0,85
7222623345,1880442511,0,97
7222623351,2833127385,0,83
7222623351,7222623329,0,58
7222623379,2841518498,0,76
7222623380,2841518704,0,52
7222623382,6146875007,0,63
7222623382,7222623384,0,64
7222623382,7222623452,0,91
7222623384,1880442604,0,73
7222623384,7222623382,0,89
7222623384,7222623326,0,96
7222623399,9708719571,0,57
7222623399,8375367240,0,53
7222623418,10267077006,0,56
7222623418,7222623424,0,92
7222623418,10267077004,0,73
7222623419,2841299388,0,78
7222623420,2833127519,0,94
7222623421,6146875018,0,94
7222623421,2837581857,0,51
7222623422,2833127528,0,88
7222623423,2841299517,0,53
7222623424,2841299389,0,82
7222623424,10267077005,0,73
7222623424,7222623418,0,86
7222623452,7222623382,0,87
7222623452,1880442672,0,95
7223106056,12264648817,0,54
7223106056,7888977757,0,68
7223106056,7223106057,0,68
7223106057,7223106056,0,86
7223106057,2837582226,0,61
7223106058,7223163283,0,51
7223106058,7223106059,0,95
7223106059,13153807932,0,78
7223106059,7223106058,0,66
7223106060,2837581846,0,87
7223163283,7223163284,0,60
7223163283,2837582037,0,75
7223163284,7223163285,0,98
7223163284,13153807939,0,88
7223163285,7223163284,0,95
7223163285,7223106059,0,86
7376781889,6147067477,0,89
7376781889,7376781890,0,90
7376781889,6147067475,0,76
7376781889,2841518963,0,99
7376781890,2833127690,0,89
7376781890,7376781889,0,86
7376781890,2841299619,0,74
7376781890,6147067476,0,99
7416451127,2833127078,0,92
7416451127,2575448032,0,68
7416451127,7416451128,0,85
7416451128,7416451127,0,91
7416451128,7416451130,0,88
7416451128,2575448051,0,98
7416451130,2833127056,0,88
7416451130,2841299266,0,97
7416451130,7416451128,0,96
7601260506,7889638402,0,93
7601260506,3140039581,0,93
7601260510,2845678410,0,98
7601260510,3140039581,0,79
7678777488,2841519057,0,55
7678777488,7919466753,0,83
7678777488,7920095735,0,68
7678777488,7782847271,0,59
7688291351,7688291353,0,84
7688291353,7688291351,0,100
7688291353,6566802897,0,73
7688406728,2837286672,0,87
7688406728,7907717479,0,74
7773747514,12696387423,0,90
7773747514,2839149327,0,86
7773747519,7872530310,0,65
7773747519,2839149443,0,59
7773747519,7773747520,0,71
7773747520,2841517748,0,86
7773747520,7872530311,0,56
7773747520,7773747519,0,68
7782847271,7919466764,0,51
7782847271,7678777488,0,99
7782847271,7782847278,0,82
7782847278,3774476898,0,69
7782847278,7782847271,0,86
7782847278,7919453777,0,89
7829575113,2839148485,0,100
7829575113,2845677113,0,62
7829575113,3777751194,0,61
7870864115,2839149496,0,62
7870864115,2839149471,0,56
7870864115,3430413454,0,61
7870864115,2839149457,0,99
7870864120,7870864121,0,64
7870864120,7871296945,0,68
7870864120,2839149330,0,99
7870864121,7870864120,0,59
7870864121,2839149342,0,99
7870864121,2839149312,0,77
7870864122,7870864123,0,75
7870864123,7870864122,0,86
7870864123,2839149312,0,85
7870864124,7871220155,0,53
7870864124,7870864126,0,76
7870864124,7871539594,0,89
7870864126,7870864124,0,94
7871074732,2833253704,0,51
7871074732,1880441612,0,85
7871074737,2833253723,0,80
7871074737,2839149344,0,59
7871074741,1880441586,0,75
7871074741,2833253683,0,90
7871074741,7871074744,0,57
7871074744,2839149325,0,79
7871074744,2833253696,0,98
7871074746,2833253706,0,76
7871074746,7937823341,0,51
7871074748,2833253679,0,91
7871074748,9570156482,0,78
7871074748,2833253682,0,61
7871074765,2833253657,0,97
7871074765,11664696192,0,63
7871074769,7871074765,0,69
7871074769,7871074770,0,85
7871074770,2833253652,0,96
7871074770,7871074781,0,64
7871074770,2833253646,0,83
7871074771,7871074781,0,88
7871074771,2833253652,0,64
7871074774,2839149162,0,70
7871074774,9708719599,0,92
7871074774,9872189439,0,92
7871074775,1880441528,0,88
7871074775,7871074774,0,73
7871074777,2833253644,0,91
7871074777,3501363089,0,65
7871074781,2833253645,0,83
7871074781,11096444885,0,58
7871220136,7871225896,0,92
7871220136,4166823629,0,85
7871220137,2839149022,0,98
7871220137,2839149135,0,51
7871220138,1880441509,0,68
7871220139,7871225897,0,50
7871220154,7871220136,0,72
7871220155,7871225898,0,76
7871220155,7870864124,0,92
7871220155,2839149135,0,57
7871220157,7871220139,0,59
7871220157,7871220154,0,94
7871220158,7871220138,0,86
7871220158,7871220162,0,89
7871220162,2841349261,0,77
7871220162,2841514566,0,71
7871220165,2841299169,0,51
7871220165,7871220166,0,85
7871220165,2841299164,0,100
7871220166,7871220165,0,59
7871220166,7871225896,0,75
7871220167,3430413422,0,87
7871220167,9625410172,0,98
7871220167,7871220166,0,72
7871220168,2839148973,0,84
7871220168,2839149001,0,93
7871220168,7871220167,0,59
7871220169,3496460198,0,77
7871220169,9593473482,0,92
7871220169,7871220168,0,67
7871220175,3496460218,0,55
7871220175,7871220177,0,100
7871220177,3496460219,0,85
7871220177,7871220181,0,74
7871220181,3496460211,0,86
7871220181,7871220182,0,74
7871220182,3496460206,0,72
7871220182,3430413417,0,76
7871220183,3496460202,0,90
7871220183,7871220169,0,54
7871225896,7871220158,0,63
7871225897,7871220137,0,50
7871225897,7871225898,0,85
7871225898,7871220157,0,80
7871225898,7871225914,0,77
7871225906,4165424780,0,56
7871225906,4166823829,0,93
7871225906,2839149273,0,93
7871225911,7871225927,0,59
7871225914,7871225929,0,99
7871225918,7871220157,0,62
7871225918,7871225914,0,83
7871225927,7870864123,0,70
7871225927,7871296938,0,86
7871225929,7871539594,0,71
7871225929,7871225911,0,98
7871296938,7871225918,0,57
7871296942,2839149244,0,66
7871296942,2839149273,0,62
7871296944,3774525593,0,99
7871296944,2839149320,0,67
7871296944,7871296942,0,75
7871296945,7871296944,0,84
7871296945,7870864120,0,59
7871296948,2839149396,0,65
7871296948,7871296950,0,87
7871296950,2839149327,0,100
7871296950,2839149355,0,99
7871296950,12218252417,0,69
7871296959,3774525603,0,82
7871296959,7871296960,0,67
7871296960,3774525600,0,90
7871296960,7871296974,0,52
7871296963,7871296964,0,51
7871296963,1880441580,0,60
7871296963,2839149376,0,80
7871296964,2839149339,0,98
7871296964,12218256203,0,64
7871296974,3774525579,0,50
7871296974,7871296975,0,50
7871296974,7969158206,0,92
7871296975,7871296976,0,82
7871296975,8518172786,0,77
7871296976,7871296977,0,88
7871296976,1880441510,0,75
7871296977,2843851607,0,74
7871296977,2845677727,0,54
7871296978,2843657650,0,53
7871296978,4167451830,0,57
7871304689,2843851406,0,98
7871304689,2418718382,0,74
7871304689,7922104751,0,82
7871304690,2839148974,0,62
7871304690,7922104751,0,54
7871304691,2843657609,0,55
7871304691,7879069135,0,92
7871304692,2843657614,0,62
7871304692,7871304691,0,89
7871304693,3140039550,0,71
7871304693,7871304692,0,51
7871304694,2843657618,0,53
7871304694,9859709763,0,54
7871304695,2843657628,0,74
7871304695,7871304694,0,83
7871304696,2843657634,0,53
7871304696,2843657608,0,89
7871304696,2837579692,0,91
7871304698,9602208996,0,67
7871304698,2837579805,0,55
7871304698,2845677737,0,68
7871304702,2839149014,0,90
7871304702,12221766208,0,88
7871304702,2837579669,0,54
7871539586,9708719599,0,97
7871539586,1880441528,0,70
7871539594,7870864124,0,53
7871539594,7871539586,0,79
7871539595,2839148663,0,76
7871539595,7871539596,0,99
7871539595,9853390373,0,61
7871539596,2841299030,0,90
7871539596,7871539609,0,83
7871539598,7872648284,0,62
7871539598,12210218792,0,87
7871539600,2418718368,0,78
7871539600,7871539598,0,91
7871539609,2837579488,0,76
7871539609,2841299028,0,90
7871539609,7872648250,0,59
7871539612,6154157002,0,53
7871539612,9853390374,0,96
7871539622,5405097135,0,73
7871539622,9598891634,0,64
7871539622,7871539682,0,90
7871539623,2839148737,0,67
7871539623,7872607466,0,67
7871539623,7872607474,0,51
7871539624,2839148709,0,81
7871539624,7871539623,0,78
7871539641,7871539687,0,78
7871539641,6154156990,0,88
7871539656,2837579632,0,68
7871539656,7871539694,0,75
7871539660,6154157000,0,60
7871539660,7871539624,0,53
7871539661,12204696004,0,95
7871539661,7871539660,0,78
7871539665,8375454330,0,58
7871539665,2839148767,0,96
7871539666,2839148773,0,75
7871539666,9869618735,0,98
7871539669,7871539681,0,76
7871539669,2837579488,0,92
7871539675,12204712702,0,58
7871539675,7871539669,0,88
7871539680,2837579604,0,58
7871539680,1880441463,0,72
7871539681,2837579613,0,51
7871539681,7871539600,0,85
7871539682,5405097135,0,55
7871539682,7871539683,0,97
7871539683,5405097133,0,81
7871539683,7871539684,0,96
7871539684,2839148761,0,90
7871539684,7871539685,0,80
7871539685,2839148742,0,74
7871539685,7883953570,0,53
7871539686,2839148753,0,60
7871539686,7871539622,0,86
7871539687,2839148753,0,94
7871539687,7871539686,0,88
7871539688,2839148794,0,54
7871539688,11096669493,0,99
7871539689,2839148785,0,99
7871539689,2839148809,0,66
7871539689,7871539688,0,51
7871539690,7871539689,0,75
7871539690,2843851000,0,83
7871539691,6154156996,0,93
7871539691,7871539690,0,84
7871539692,7871539691,0,66
7871539692,2839148713,0,54
7871539693,2839148716,0,62
7871539693,7871539692,0,62
7871539694,2839148796,0,62
7871539694,2839148806,0,79
7871539694,7871539665,0,64
7871811309,3430413424,0,55
7871811309,2839149135,0,58
7871811309,3498774885,0,70
7871811320,2839148919,0,72
7871811320,2841514559,0,95
7871811320,2833253630,0,60
7871811324,4393288470,0,62
7871811324,2839148836,0,72
7871811324,3486302024,0,75
7871811325,3496483770,0,56
7871811325,2839148788,0,79
7871811325,7871811337,0,84
7871811325,7871811331,0,55
7871811331,3496483770,0,79
7871811331,4649948643,0,50
7871811331,7871811325,0,63
7871811335,2833253566,0,60
7871811335,7871811342,0,93
7871811335,2839148735,0,56
7871811336,2839148735,0,55
7871811337,2833253586,0,88
7871811337,7871811325,0,60
7871811337,7871811338,0,50
7871811337,2833253589,0,74
7871811338,7871811337,0,57
7871811342,7871811335,0,64
7871811342,7871811343,0,98
7871811342,7939035521,0,77
7871811343,7871811342,0,65
7871811344,2839148648,0,82
7871811344,7871811345,0,92
7871811344,7871811348,0,70
7871811345,7871811344,0,58
7871811346,7871811348,0,79
7871811348,3776190909,0,81
7871811348,7871811344,0,84
7871811348,7871811346,0,86
7871811349,7871811372,0,72
7871811349,7871811354,0,74
7871811349,7871811351,0,57
7871811351,7871811378,0,62
7871811351,7871811365,0,63
7871811351,7871811349,0,78
7871811353,7871811361,0,54
7871811353,7871811354,0,92
7871811353,7871811365,0,84
7871811354,2839148536,0,68
7871811354,7871811349,0,69
7871811354,7871811356,0,66
7871811354,7871811353,0,87
7871811356,7871811354,0,53
7871811361,2839148536,0,96
7871811361,7871811353,0,60
7871811361,2841299005,0,87
7871811361,2841299001,0,70
7871811365,7871811351,0,53
7871811365,2841299005,0,59
7871811365,7871811353,0,75
7871811367,2841298994,0,68
7871811368,7871811370,0,82
7871811368,2839148484,0,52
7871811368,7871811369,0,56
7871811369,7871811368,0,77
7871811370,7871811372,0,67
7871811370,7871811368,0,68
7871811370,7871811371,0,53
7871811371,7871811370,0,65
7871811372,7871811349,0,78
7871811372,7871811370,0,63
7871811372,7871811373,0,93
7871811373,7871811372,0,66
7871811375,2839148514,0,56
7871811375,7871811376,0,75
7871811375,7871811378,0,80
7871811376,2839148547,0,84
7871811376,7871811378,0,56
7871811376,7871811375,0,59
7871811378,7871811376,0,79
7871811378,7871811351,0,97
7871811378,7871811375,0,100
7872058141,2839149392,0,81
7872058141,2839149413,0,92
7872058141,2839149382,0,82
7872058144,2839149485,0,60
7872058144,7872058145,0,61
7872058144,2839149481,0,54
7872058145,7872058144,0,50
7872058150,2839149144,0,60
7872058150,2839149179,0,90
7872058150,7872058151,0,55
7872058151,7872058150,0,81
7872058152,2839148961,0,87
7872058152,3774525572,0,84
7872058154,8389760072,0,61
7872058154,7872058156,0,56
7872058156,7872058154,0,90
7872058157,3496483764,0,62
7872058157,3496483762,0,66
7872058157,3496483768,0,83
7872058166,3777724209,0,76
7872058166,7872058167,0,60
7872058166,3777724207,0,86
7872058167,2839148593,0,84
7872058167,7872058166,0,71
7872058167,2839148537,0,97
7872058169,2839148548,0,81
7872058169,3777724209,0,100
7872058169,3776216977,0,96
7872058175,9708728526,0,93
7872058175,7872058177,0,88
7872058175,2839148488,0,78
7872058177,9708728531,0,64
7872058177,7872058180,0,98
7872058177,7872058175,0,77
7872058179,9708728531,0,64
7872058180,2839148401,0,84
7872058180,7872058177,0,65
7872058180,9708728526,0,57
7872058181,2839148444,0,82
7872058181,7874466997,0,61
7872058181,9708728527,0,84
7872058182,3777720934,0,93
7872058182,2839148431,0,70
7872058182,9708728529,0,76
7872058183,2839148425,0,51
7872058183,2833253508,0,71
7872058183,2839148391,0,64
7872058183,2839148433,0,86
7872530310,7872530313,0,98
7872530310,7773747519,0,78
7872530310,7872530311,0,97
7872530311,7773747520,0,51
7872530311,2841517745,0,81
7872530311,7915347263,0,100
7872530311,7872530310,0,94
7872530313,7874614420,0,87
7872530313,7872530310,0,84
7872530313,2841517737,0,96
7872530316,2841517751,0,90
7872530316,7872530317,0,77
7872530316,7915347253,0,75
7872530317,7872530325,0,93
7872530317,2841517739,0,57
7872530317,7872530316,0,79
7872530317,3774525610,0,80
7872530320,2839149479,0,94
7872530320,3774525610,0,53
7872530320,7872530325,0,75
7872530325,7872530317,0,81
7872530325,7915347249,0,65
7872530325,7872530320,0,75
7872530325,7915347253,0,83
7872530327,3774525607,0,99
7872530327,2839149374,0,59
7872530327,7872530328,0,100
7872530328,2839149409,0,50
7872530328,3774525610,0,73
7872530328,7872530327,0,98
7872530330,2839149103,0,50
7872530333,3954935365,0,74
7872530333,3954935364,0,84
7872530333,7872530334,0,59
7872530333,2839148595,0,55
7872530334,3776216983,0,92
7872530334,7872530337,0,60
7872530334,7872530333,0,61
7872530337,7872530334,0,64
7872530337,2843657238,0,90
7872530337,2839148528,0,72
7872530342,7872530343,0,70
7872530342,7872530344,0,93
7872530342,9708735865,0,60
7872530343,7872530342,0,55
7872530343,2171115899,0,75
7872530343,2839148502,0,93
7872530344,2833253521,0,92
7872530344,7872530342,0,73
7872530344,2839148548,0,50
7872530345,3078491717,0,99
7872530345,7872530346,0,71
7872530346,7872530345,0,84
7872530347,2843657244,0,78
7872530347,3777724217,0,56
7872530347,7872530349,0,93
7872530349,2833253568,0,66
7872530349,2843657258,0,75
7872530349,7872530347,0,86
7872563967,3777691597,0,59
7872563967,3777691601,0,96
7872563967,6154146781,0,54
7872563973,2839148673,0,83
7872563981,7872563984,0,91
7872563981,3777720936,0,99
7872563981,7872563983,0,61
7872563983,2839148628,0,54
7872563983,2839148653,0,86
7872563983,7872563981,0,58
7872563984,7872563981,0,70
7872563984,11080475001,0,86
7872563984,7872571286,0,75
7872571286,2839148628,0,79
7872571286,3777724212,0,98
7872571286,7872563984,0,88
7872571287,2833253529,0,52
7872571287,3776216984,0,85
7872571287,3777724212,0,87
7872571290,11080475001,0,84
7872571290,2833253523,0,99
7872571290,9708735848,0,93
7872571291,3776237365,0,67
7872571291,2833253523,0,65
7872571291,7872571292,0,77
7872571292,7872571291,0,89
7872571293,3776237365,0,88
7872571293,2839148481,0,84
7872571293,2839148467,0,68
7872571300,13289780358,0,100
7872571300,11080410075,0,84
7872571300,9708735837,0,51
7872571301,2833253525,0,60
7872571301,2839148562,0,58
7872571301,13289780357,0,52
7872607426,11047648856,0,71
7872607427,11047648856,0,52
7872607427,2839148409,0,88
7872607444,2839148483,0,94
7872607444,2839148449,0,96
7872607444,7872607446,0,64
7872607446,7872607444,0,92
7872607448,13289780358,0,84
7872607448,2839148490,0,77
7872607448,9708735839,0,96
7872607450,7872607451,0,88
7872607451,2839148493,0,95
7872607451,7872607450,0,94
7872607451,2839148504,0,66
7872607456,11080410075,0,82
7872607459,2845677176,0,68
7872607459,2839148566,0,91
7872607459,2839148519,0,58
7872607462,2839148574,0,69
7872607463,2839148589,0,88
7872607463,2839148586,0,71
7872607463,2833253547,0,97
7872607466,6154156999,0,89
7872607466,7871539623,0,82
7872607467,6154157001,0,85
7872607467,2839148663,0,90
7872607467,7872607469,0,54
7872607469,7871539612,0,91
7872607469,7872607467,0,55
7872607474,7871539693,0,68
7872607474,2839148716,0,72
7872607475,7872648253,0,78
7872607475,2841299121,0,90
7872607475,6354338530,0,84
7872607476,2841299096,0,82
7872607476,7872607477,0,79
7872607477,2841299066,0,98
7872607479,2841299136,0,52
7872607479,2841299143,0,94
7872607479,7872607476,0,91
7872607481,7872607479,0,78
7872607481,2841299131,0,55
7872607482,7874467004,0,72
7872607482,7872607481,0,61
7872607484,2843657479,0,65
7872607484,7874467007,0,84
7872607484,7872607482,0,75
7872634986,7872648260,0,78
7872634986,7879069134,0,74
7872634987,2837579805,0,80
7872634987,9602208996,0,62
7872634987,7872634986,0,84
7872634991,3774507828,0,99
7872634991,7872635007,0,92
7872634992,7872634991,0,61
7872634992,3774507828,0,51
7872634993,2841299198,0,89
7872634993,7872634992,0,78
7872634994,2841517735,0,67
7872634994,7872634993,0,74
7872634995,2841517742,0,99
7872634995,7872634994,0,54
7872634996,3496483750,0,89
7872634996,7872634995,0,54
7872634997,3496483748,0,96
7872634997,7872634996,0,90
7872634998,2841517766,0,92
7872634998,7872634997,0,79
7872634999,2841517774,0,81
7872634999,7872634998,0,89
7872635000,2841517797,0,84
7872635000,7872634999,0,81
7872635007,2837580002,0,74
7872635007,3774507822,0,84
7872635007,2841517719,0,59
7872635016,2843657604,0,89
7872635016,2837579676,0,86
7872635016,2837579668,0,77
7872635018,2841299136,0,82
7872648236,7872648237,0,81
7872648236,2839148430,0,95
7872648236,7872648238,0,59
7872648236,9708735827,0,58
7872648237,2845676942,0,70
7872648237,2845676932,0,83
7872648237,7872648236,0,86
7872648237,9708735827,0,62
7872648238,7872648236,0,81
7872648238,7872648240,0,97
7872648238,7872648242,0,52
7872648239,7872648242,0,100
7872648240,5407858962,0,91
7872648240,7872648238,0,84
7872648240,2839148430,0,70
7872648240,7872648241,0,93
7872648241,2839148518,0,83
7872648241,2839148379,0,50
7872648241,7872648240,0,75
7872648242,7872648238,0,91
7872648242,7872648239,0,61
7872648242,9708735827,0,93
7872648243,2839148582,0,90
7872648243,2839148601,0,100
7872648243,2839148615,0,65
7872648244,6154157004,0,73
7872648244,7964258777,0,53
7872648244,7872648247,0,94
7872648247,2839148610,0,67
7872648247,2839148631,0,51
7872648247,7872648248,0,92
7872648247,7872648244,0,73
7872648248,2839148661,0,98
7872648248,2839148640,0,74
7872648248,7872648247,0,74
7872648249,12204712702,0,96
7872648249,2837579483,0,89
7872648249,2843657254,0,71
7872648250,2837579497,0,93
7872648250,7871539681,0,79
7872648251,2837579497,0,86
7872648251,2837579613,0,52
7872648251,7872648252,0,51
7872648252,7872648251,0,93
7872648253,2841299069,0,57
7872648253,7872607475,0,60
7872648253,7872648254,0,67
7872648254,7872648253,0,84
7872648254,12204886563,0,61
7872648254,2841299050,0,99
7872648255,2843657488,0,97
7872648255,2843657608,0,71
7872648255,7872648256,0,73
7872648256,2837579658,0,67
7872648256,2843657602,0,66
7872648256,7872648257,0,61
7872648256,7872648255,0,83
7872648257,2837579680,0,75
7872648257,3777700367,0,79
7872648257,7872648256,0,87
7872648258,2843657471,0,75
7872648258,7872648259,0,62
7872648258,2843657499,0,58
7872648259,2837579652,0,72
7872648259,7872648258,0,89
7872648259,2837579677,0,68
7872648260,2837579661,0,61
7872648260,7872634986,0,90
7872648260,2843657494,0,65
7872648261,2843657655,0,90
7872648261,2837579692,0,58
7872648262,7872648266,0,93
7872648266,7871304695,0,84
7872648266,7872648262,0,97
7872648267,2843657675,0,86
7872648267,3774507817,0,67
7872648267,2845677737,0,100
7872648267,2837579854,0,75
7872648269,2843657670,0,64
7872648269,2843851606,0,62
7872648269,2843657661,0,84
7872648270,2845677811,0,86
7872648270,2845677805,0,56
7872648270,2843657681,0,71
7872648272,2837580310,0,75
7872648272,2845678021,0,60
7872648272,2843657690,0,66
7872648276,2845677875,0,55
7872648276,7872648280,0,93
7872648276,7872648277,0,93
7872648277,7872648276,0,70
7872648277,2845678014,0,61
7872648277,2837580085,0,84
7872648280,7872648276,0,98
7872648280,2845677859,0,71
7872648280,2837580085,0,96
7872648280,2845677832,0,80
7872648281,2837579628,0,61
7872648281,2839148828,0,71
7872648281,7874568423,0,74
7872648284,2882561407,0,60
7872648284,7879069140,0,86
7872672385,2839148797,0,60
7872672385,2837579629,0,75
7872672385,7874568420,0,87
7874466992,7934422118,0,64
7874466992,9708728531,0,94
7874466992,7874466997,0,64
7874466997,7872058181,0,71
7874466997,2839148397,0,83
7874466997,7874466992,0,88
7874466999,2839148555,0,100
7874466999,7874467000,0,93
7874466999,2839148590,0,73
7874467000,7874466999,0,56
7874467000,7874467002,0,64
7874467000,7874467001,0,82
7874467001,7874467000,0,56
7874467002,7874467000,0,85
7874467004,2843657455,0,95
7874467004,7872607482,0,75
7874467004,2843657474,0,73
7874467005,7874467006,0,73
7874467006,7874467005,0,51
7874467006,2845677896,0,91
7874467006,4169370949,0,81
7874467007,7872607484,0,83
7874467007,2837579667,0,66
7874495854,7874495860,0,74
7874495860,2839148623,0,85
7874495860,2833253529,0,70
7874495860,7874495854,0,51
7874568417,2843657451,0,89
7874568418,2843657436,0,70
7874568418,7874568420,0,98
7874568418,7874568419,0,81
7874568419,2843657459,0,99
7874568419,3140039545,0,93
7874568419,7874568418,0,68
7874568420,2837579624,0,66
7874568420,7874568421,0,64
7874568420,7872672385,0,50
7874568421,2839148797,0,62
7874568421,3140039544,0,69
7874568423,7874568421,0,90
7874568423,2837579624,0,89
7874614420,7872530313,0,57
7874875927,7875000076,0,93
7874875927,2841520777,0,82
7874875927,2841520864,0,86
7875000076,2841520815,0,54
7875000076,7874875927,0,57
7875000076,3774979102,0,80
7875000076,2841520830,0,88
7875000077,2841520864,0,80
7875000077,3774979123,0,60
7875000077,2841520861,0,53
7875000078,3774979163,0,62
7875000078,3774979146,0,83
7875000078,3774979181,0,95
7875000079,3774979211,0,71
7875000079,7875000080,0,87
7875000079,3774979218,0,65
7875000080,2841520922,0,67
7875000080,2841520917,0,100
7875000080,7875000079,0,52
7875000082,7875000083,0,55
7875000082,2841520944,0,73
7875000083,7875000084,0,63
7875000083,7875000082,0,75
7875000083,2841520935,0,69
7875000084,2841520932,0,55
7875000084,3774979215,0,70
7875000084,7875000083,0,68
7875000084,7875004309,0,79
7875004302,3774979179,0,56
7875004302,7875004305,0,70
7875004302,2841520903,0,70
7875004303,3774979176,0,62
7875004303,7875004307,0,56
7875004303,2841520888,0,63
7875004304,2841520924,0,96
7875004304,3774979176,0,61
7875004304,7875004305,0,73
7875004305,7875004302,0,89
7875004305,7875004307,0,63
7875004305,7875004306,0,76
7875004305,7875004304,0,80
7875004306,2841520898,0,96
7875004306,2841520903,0,83
7875004306,7875004305,0,56
7875004307,7875004305,0,65
7875004307,7875004303,0,77
7875004307,7875004308,0,78
7875004308,2841520892,0,70
7875004308,2841520896,0,52
7875004308,7875004307,0,51
7875004309,3774979163,0,89
7875004309,3774979172,0,67
7875004309,7875000084,0,59
7875046156,2841520864,0,94
7875046156,3774979135,0,91
7875646986,2841520945,0,56
7875646986,3774979268,0,68
7875646986,3774979292,0,99
7879069131,2845678047,0,100
7879069131,7920173395,0,55
7879069131,3774513423,0,52
7879069134,2837579667,0,99
7879069134,7872607484,0,72
7879069135,7871304702,0,61
7879069136,7879069135,0,79
7879069136,3140039547,0,74
7879069137,2839148894,0,89
7879069137,7920190474,0,83
7879069137,7920190470,0,57
7879069138,7879069137,0,94
7879069138,2837579640,0,87
7879069138,2843657459,0,83
7879069139,7879069138,0,80
7879069139,2837579636,0,85
7879069139,2843657436,0,53
7879069140,2837579626,0,88
7879069140,2837579629,0,96
7879069140,7879069139,0,58
7883953566,6154156987,0,98
7883953570,7883953571,0,80
7883953570,7883953566,0,50
7883953571,7871220175,0,67
7883953575,7883953566,0,73
7883953575,7883953571,0,58
7887064915,9909460375,0,65
7887064915,7887064920,0,82
7887064920,7887064923,0,83
7887064920,7887064915,0,85
7887064920,2845676879,0,99
7887064923,7887064920,0,72
7887064923,2845676944,0,75
7887064923,2845676897,0,60
7887064925,2837579493,0,58
7887064925,2837579489,0,71
7887064925,2841299014,0,85
7887064936,2841299019,0,99
7887064936,2837579490,0,77
7887064936,7919206777,0,76
7888562523,7922104729,0,53
7888562523,7922104721,0,70
7888562523,7891749047,0,99
7888562530,2841299329,0,87
7888562530,10213932436,0,82
7888562540,3777691624,0,76
7888562540,7888562541,0,100
7888562540,7888978586,0,98
7888562541,7888562542,0,78
7888562541,2282190412,0,84
7888562542,571470125,0,78
7888562542,7888562543,0,67
7888562543,2837580617,0,69
7888562543,2837580653,0,60
7888562543,4108308599,0,58
7888562548,2837580400,0,81
7888562548,12706561269,0,95
7888562557,2845678094,0,71
7888562557,2845678145,0,82
7888562560,7891576378,0,71
7888562560,2843852190,0,97
7888562560,7891576381,0,92
7888680417,2841518948,0,67
7888680417,7915731664,0,84
7888680417,12666221948,0,90
7888680420,3776224060,0,71
7888680420,7888680426,0,96
7888680420,7888680423,0,87
7888680423,7908462361,0,77
7888680423,7888680420,0,73
7888680423,7888680432,0,100
7888680426,7888680435,0,70
7888680426,7888680420,0,100
7888680426,7888680432,0,95
7888680432,7888680426,0,89
7888680432,7908462358,0,68
7888680432,7888680423,0,61
7888680435,7888680426,0,82
7888680435,7888680445,0,58
7888680435,12224120011,0,69
7888680439,7888680445,0,89
7888680445,7888680439,0,57
7888680445,7888680447,0,55
7888680445,7888680435,0,94
7888680446,7888680447,0,77
7888680447,7888680446,0,71
7888680447,7888680445,0,51
7888680447,12224120012,0,58
7888680453,2841518790,0,50
7888680456,7888680457,0,52
7888680457,7888680456,0,52
7888680457,3140039600,0,59
7888680457,7888680460,0,69
7888680460,12224120003,0,73
7888680460,7888680463,0,90
7888680460,7888680457,0,64
7888680463,7888680460,0,87
7888680467,3776224060,0,91
7888680471,7888680473,0,64
7888680473,7888680471,0,54
7888680473,3776052805,0,65
7888851956,2841518776,0,58
7888851956,12224094673,0,91
7888851956,7888851961,0,57
7888851961,7888851956,0,70
7888851963,3775996285,0,70
7888851977,3776052772,0,54
7888977754,7888977759,0,63
7888977754,7888977757,0,50
7888977754,7888977765,0,70
7888977757,3776025984,0,71
7888977757,7888977754,0,80
7888977759,7888977754,0,52
7888977765,7888977754,0,83
7888977766,2837581809,0,63
7888977766,2837581869,0,90
7888977766,7888977767,0,90
7888977767,7888977766,0,77
7888977768,2837581885,0,85
7888977768,12264648817,0,97
7888977768,2837582008,0,61
7888978586,7888562540,0,93
7888978586,2837581887,0,56
7888978586,7888978591,0,68
7888978591,7888978586,0,69
7888978681,2837581900,0,68
7888978681,7888978698,0,83
7888978681,7888978682,0,83
7888978682,2837581900,0,89
7888978682,7888978697,0,74
7888978682,7888978681,0,74
7888978696,7888978697,0,87
7888978696,3776015553,0,89
7888978696,7888978698,0,95
7888978697,7888978682,0,81
7888978697,7888978696,0,59
7888978697,7888978698,0,81
7888978698,7888978697,0,94
7888978698,7888978696,0,64
7888978698,7888978681,0,77
7889094705,7969158211,0,78
7889094705,2843852557,0,90
7889638402,3140039582,0,100
7889638402,7927123899,0,78
7889638405,7889638406,0,96
7889638405,2845678410,0,68
7889638405,2837580924,0,91
7889638406,7889638405,0,76
7889638406,2837581171,0,59
7889638406,2843852370,0,97
7889638411,2837581104,0,50
7889638425,7889638426,0,58
7889638426,2837581632,0,73
7889638426,2837581374,0,82
7889638426,7889638425,0,97
7889638427,2843852399,0,95
7889638427,2837581190,0,60
7889638427,7889638430,0,73
7889638430,12269583149,0,68
7889638430,3774436883,0,63
7889638430,7889638427,0,54
7891576356,2841518254,0,83
7891576356,2841518203,0,63
7891576356,7891576357,0,61
7891576357,7891576356,0,95
7891576362,2843852258,0,84
7891576362,4108308600,0,56
7891576362,7891576378,0,97
7891576362,7891576370,0,58
7891576370,2845678247,0,62
7891576370,2843852258,0,54
7891576370,7891576362,0,58
7891576378,2843852258,0,62
7891576378,7888562560,0,88
7891576378,7891576362,0,59
7891576381,7891576382,0,91
7891576381,2845678212,0,50
7891576381,2837580506,0,90
7891576381,7888562560,0,69
7891576382,7888562548,0,89
7891576382,7891576381,0,55
7891613885,2845678280,0,53
7891613885,7891613886,0,74
7891613885,7601260506,0,97
7891613886,7891613885,0,50
7891613886,3777691625,0,55
7891613886,7891613891,0,83
7891613890,7891613895,0,65
7891613890,2990086902,0,76
7891613891,2990086904,0,66
7891613891,2843852222,0,81
7891613892,2990086908,0,60
7891613892,2990086905,0,63
7891613895,7891613899,0,95
7891613895,2843852138,0,85
7891613896,2845678042,0,79
7891613896,3774513423,0,72
7891613898,2845678115,0,51
7891613898,7891613900,0,84
7891613898,7891613896,0,60
7891613899,2845678157,0,99
7891613899,7891613898,0,80
7891613900,7891613898,0,75
7891613900,2845678105,0,83
7891613900,7891613902,0,95
7891613902,7891613900,0,55
7891613902,7891613899,0,92
7891642959,7891642964,0,79
7891642959,2843852273,0,61
7891642959,7891642967,0,100
7891642959,11047680206,0,61
7891642960,2990086904,0,72
7891642960,12220944860,0,80
7891642960,7891642962,0,79
7891642961,2843852200,0,70
7891642961,2990086903,0,66
7891642961,7891642963,0,97
7891642962,7891642960,0,73
7891642962,7891642967,0,85
7891642962,7891642963,0,90
7891642963,7891642962,0,67
7891642963,7891642961,0,80
7891642963,7891642964,0,58
7891642964,7891749054,0,74
7891642964,7891642959,0,59
7891642964,7891642963,0,86
7891642964,7891642966,0,52
7891642966,7891749063,0,70
7891642966,2843852225,0,59
7891642966,7891642964,0,89
7891642967,7891642962,0,55
7891642967,7891642959,0,82
7891642967,12221054877,0,99
7891642968,7891642970,0,92
7891642968,2845678253,0,97
7891642968,12221054878,0,79
7891642970,7891642968,0,74
7891642974,7891642976,0,92
7891642974,3774436882,0,85
7891642974,7891642975,0,65
7891642975,2843852280,0,96
7891642975,2843852270,0,56
7891642975,7891642974,0,75
7891642976,7891642974,0,53
7891642977,7891642982,0,85
7891642977,7891642980,0,61
7891642977,2843852270,0,95
7891642979,7891642980,0,78
7891642980,7891642979,0,57
7891642980,7891642977,0,91
7891642980,7891642983,0,80
7891642981,7891642983,0,61
7891642982,2845678213,0,54
7891642982,7891642977,0,79
7891642982,7891642983,0,93
7891642983,7891642981,0,63
7891642983,7891642980,0,62
7891642983,7891642982,0,78
7891677685,2843852353,0,100
7891677686,2843852270,0,95
7891677687,7922104724,0,96
7891677687,7919229993,0,63
7891677689,7891749072,0,86
7891677689,7891749067,0,91
7891677689,7891753994,0,87
7891677694,2845678177,0,61
7891677703,2845678213,0,51
7891677704,2843852227,0,70
7891677704,2845678213,0,61
7891677704,7891677705,0,61
7891677705,7891677704,0,59
7891677706,2845678241,0,86
7891677706,7891677714,0,86
7891677706,3774455868,0,89
7891677714,7891677706,0,63
7891677714,7891677720,0,97
7891677714,7891677720,1,76
7891677715,2837580689,0,60
7891677715,2837580697,0,56
7891677715,7891677720,0,96
7891677720,7891677714,0,77
7891677720,7891677714,1,70
7891677720,7891677715,0,92
7891749009,2845678119,0,87
7891749009,2845678131,0,54
7891749009,2845678103,0,90
7891749011,2845678048,0,69
7891749011,2837580324,0,65
7891749011,2845678100,0,85
7891749017,2837580380,0,85
7891749017,7891749018,0,59
7891749017,2837580504,0,65
7891749018,2845678170,0,60
7891749018,2845678148,0,70
7891749018,7891749017,0,91
7891749020,2845678156,0,73
7891749020,2845678100,0,94
7891749020,11047668807,0,65
7891749026,7891749027,0,100
7891749027,2845678078,0,86
7891749027,2845678055,0,84
7891749027,7891749026,0,63
7891749028,2845678061,0,70
7891749028,7891749029,0,85
7891749028,2845678109,0,69
7891749028,2845678055,0,67
7891749029,2843852119,0,76
7891749029,2845678115,0,57
7891749029,7891749028,0,81
7891749033,2843852169,0,96
7891749033,2843852119,0,91
7891749033,7891749034,0,79
7891749034,2845678157,0,97
7891749034,7891749033,0,97
7891749037,7891613895,0,81
7891749037,11047655251,0,64
7891749038,2845678042,0,60
7891749038,3724853570,0,75
7891749038,2845678094,0,68
7891749047,7891749065,0,65
7891749047,7891749048,0,51
7891749047,7888562523,0,86
7891749048,7891749049,0,71
7891749048,7891749047,0,66
7891749048,2843852134,0,66
7891749048,2843852175,0,86
7891749049,7891749048,0,99
7891749049,7891749050,0,81
7891749049,2843852184,0,89
7891749050,7891749049,0,95
7891749052,2843852178,0,96
7891749053,7891749054,0,57
7891749054,2843852184,0,61
7891749054,7891642964,0,78
7891749054,7891749053,0,88
7891749054,7891749063,0,87
7891749063,2843852178,0,78
7891749063,7891642966,0,50
7891749063,7891749054,0,61
7891749064,7891749065,0,86
7891749064,7888562523,0,61
7891749065,2843852145,0,78
7891749065,7891749047,0,54
7891749065,7891749064,0,60
7891749067,2843852105,0,53
7891749067,7891749070,0,71
7891749067,7891677689,0,65
7891749070,7891749075,0,92
7891749070,7891749067,0,88
7891749070,7891749072,0,79
7891749072,7891677689,0,98
7891749072,7952247035,0,83
7891749072,7891749070,0,81
7891749072,7891753988,0,96
7891749075,7891749070,0,57
7891749075,7952247035,0,63
7891749075,2843852155,0,81
7891749082,7952247035,0,95
7891749082,7952247035,1,70
7891749082,2843852178,0,58
7891753988,7891749072,0,87
7891753989,7891753994,0,85
7891753994,2845678202,0,83
7891753994,7891677689,0,65
7891753994,7891753989,0,58
7891754000,2843852127,0,59
7891754000,2990086901,0,51
7891754000,2843852122,0,93
7891754006,2843852095,0,98
7891754006,2843852073,0,56
7891754006,2843852105,0,58
7891754006,2990086901,0,100
7903994494,7903994495,0,73
7903994495,3775193929,0,75
7903994495,7903994494,0,96
7903994496,3775193929,0,100
7903994497,7903994498,0,96
7903994498,3775193929,0,53
7903994498,7903994497,0,85
7903994498,3775193938,0,62
7903994503,7903994512,0,61
7903994504,7903994510,0,52
7903994504,7903994508,0,52
7903994504,7903994507,0,66
7903994507,7903994517,0,98
7903994507,7903994504,0,85
7903994508,7903994504,0,81
7903994509,7903994510,0,88
7903994510,7903994504,0,93
7903994510,7903994512,0,79
7903994510,7903994509,0,83
7903994511,7903994512,0,82
7903994512,7903994510,0,82
7903994512,7903994503,0,86
7903994512,7903994511,0,78
7903994513,7903994519,0,72
7903994517,5446791852,0,93
7903994517,7903994519,0,63
7903994518,7903994519,0,94
7903994519,7903994513,0,97
7903994519,7903994518,0,96
7903994519,7903994517,0,95
7903994522,3775193876,0,73
7903994523,3775193626,0,92
7903994523,7904195850,0,82
7903994523,2841519822,0,72
7903994524,2841519816,0,61
7903994532,7903994533,0,65
7903994533,5446765691,0,90
7903994533,7903994532,0,84
7903994540,5446765695,0,75
7903994540,7903994541,0,53
7903994541,7903994540,0,98
7903994551,2837286194,0,100
7903994551,2837286178,0,99
7903994551,2837286214,0,52
7903994553,2837286165,0,62
7903994553,2837286282,0,51
7903994553,2837286178,0,67
7904039932,2841519271,0,69
7904039932,7904039933,0,65
7904039932,2837286525,0,74
7904039933,2841519248,0,91
7904039933,2841519249,0,55
7904039933,7904039932,0,86
7904039954,7915783007,0,100
7904039954,3776224059,0,86
7904039954,7915783008,0,70
7904039955,7904039962,0,57
7904039955,7904039965,0,79
7904039955,7904039963,0,54
7904039960,7904039962,0,72
7904039960,3776125488,0,60
7904039960,7915782998,0,63
7904039961,7904039962,0,96
7904039962,7904039960,0,86
7904039962,7904039955,0,55
7904039962,7904039961,0,51
7904039963,7904039955,0,99
7904039964,7904039965,0,59
7904039965,7904039955,0,91
7904039965,7904039967,0,86
7904039965,7904039964,0,60
7904039966,7904039967,0,99
7904039967,7904039965,0,96
7904039967,7904039969,0,87
7904039967,7904039966,0,97
7904039968,7904039969,0,72
7904039969,7904039967,0,92
7904039969,7915783007,0,51
7904039969,7904039968,0,55
7904039970,3776125497,0,69
7904039970,2841519037,0,62
7904039970,7904039972,0,80
7904039972,2841519037,0,67
7904039972,2841518982,0,91
7904039972,7904039970,0,97
7904039979,7904039984,0,82
7904039979,7904195844,0,62
7904039979,7904195841,0,53
7904039980,7904039981,0,89
7904039980,2841518993,0,62
7904039980,7904039983,0,50
7904039981,2841519035,0,86
7904039981,7904039980,0,76
7904039981,2841518986,0,80
7904039983,7904039984,0,55
7904039983,7904039980,0,63
7904039983,7904195841,0,93
7904039984,2841518993,0,87
7904039984,7904039979,0,81
7904039984,7904039983,0,55
7904039984,7904043686,0,88
7904043686,7904039984,0,57
7904043687,7904043688,0,59
7904043688,7904043700,0,75
7904043688,7904043687,0,53
7904043688,7904043695,0,90
7904043695,7904043700,0,59
7904043695,7904043699,0,96
7904043695,7904043696,0,59
7904043695,7904043688,0,57
7904043696,7904043703,0,63
7904043696,7904043697,0,60
7904043696,7904043695,0,57
7904043696,7915731646,0,93
7904043697,7904043702,0,94
7904043697,7904043705,0,79
7904043697,7904043696,0,76
7904043697,7915731647,0,79
7904043698,7904043705,0,98
7904043698,7904195841,0,92
7904043698,7927123904,0,58
7904043699,7904043695,0,53
7904043699,7915731646,0,57
7904043699,7915731650,0,88
7904043700,7904043701,0,99
7904043700,7904043695,0,97
7904043700,7904043688,0,93
7904043700,7904043703,0,55
7904043701,7904043700,0,57
7904043702,7904043697,0,57
7904043702,7904043712,0,74
7904043702,7904043703,0,75
7904043702,7904043705,0,56
7904043703,7904043696,0,58
7904043703,7904043711,0,61
7904043703,7904043700,0,52
7904043703,7904043702,0,57
7904043705,7904043698,0,89
7904043705,7904043697,0,96
7904043705,7904043702,0,52
7904043705,7915731647,0,78
7904043711,7904043703,0,58
7904043712,7904043702,0,96
7904050159,3776117123,0,71
7904050159,3776125519,0,92
7904050159,7904050160,0,97
7904050160,7904050159,0,83
7904050160,3430413769,0,98
7904050160,2837286236,0,78
7904050161,3776125526,0,65
7904050161,3776125527,0,62
7904050161,2837286396,0,89
7904050164,3775288119,0,97
7904050164,3775288115,0,96
7904050164,7904050165,0,63
7904050165,7904050164,0,52
7904050165,2841519520,0,68
7904050165,2841519491,0,86
7904050168,2841519468,0,62
7904050168,7904050175,0,77
7904050168,7904050169,0,74
7904050169,7904050168,0,71
7904050170,7904050175,0,63
7904050175,7904050168,0,84
7904050175,3783770594,0,50
7904050175,7904050170,0,92
7904050176,3783770594,0,61
7904050176,2837286566,0,79
7904050176,7904050179,0,91
7904050179,7904050176,0,92
7904050180,3775191451,0,69
7904050180,3775191438,0,99
7904050180,3775191453,0,83
7904050182,3775191451,0,56
7904050183,7904050184,0,59
7904050184,3775191438,0,98
7904050184,7904471541,0,100
7904050184,7904050183,0,68
7904080485,7904080487,0,61
7904080485,7904080490,0,56
7904080485,7904080488,0,55
7904080487,7904080485,0,68
7904080487,3776112473,0,51
7904080487,7919737195,0,100
7904080488,7904080485,0,85
7904080488,7904080489,0,93
7904080488,3776112473,0,75
7904080489,7904080490,0,90
7904080489,7904080491,0,83
7904080489,7904080488,0,58
7904080490,7904080485,0,71
7904080490,7904080492,0,50
7904080490,7904080489,0,86
7904080491,7904080492,0,92
7904080491,3776112471,0,70
7904080491,7904080489,0,58
7904080492,7904080490,0,59
7904080492,3776112466,0,88
7904080492,7904080491,0,68
7904080493,7904080494,0,74
7904080493,7904172439,0,58
7904080493,3776112470,0,51
7904080494,7904080493,0,87
7904080494,3776112466,0,62
7904080494,2837286399,0,94
7904172420,2837286524,0,73
7904172420,7904172425,0,72
7904172420,7904172421,0,96
7904172421,2837286509,0,74
7904172421,2837286516,0,100
7904172421,2841519247,0,54
7904172421,7904172420,0,97
7904172422,2837286502,0,97
7904172422,2837286489,0,91
7904172422,7904172423,0,50
7904172423,3430413804,0,63
7904172423,2841519247,0,95
7904172423,7904172424,0,92
7904172423,7904172422,0,86
7904172424,2837286498,0,88
7904172424,2837286491,0,72
7904172424,7904172423,0,58
7904172425,7904172420,0,99
7904172425,2841519288,0,94
7904172425,2837286516,0,87
7904172438,7904172439,0,81
7904172439,7904172438,0,51
7904172439,3776112468,0,99
7904172439,7904080493,0,56
7904172440,3776117109,0,64
7904172440,2837286121,0,79
7904172440,2837286148,0,57
7904172441,3775288123,0,59
7904172441,2841519529,0,67
7904172441,7904172442,0,62
7904172442,7904172441,0,77
7904172443,2841519505,0,72
7904172443,3775193560,0,85
7904172443,3775288126,0,70
7904172446,2841519573,0,84
7904172446,3775288126,0,73
7904172446,7904172451,0,74
7904172447,2841519573,0,69
7904172448,3775288139,0,98
7904172449,3775288139,0,58
7904172451,7904172446,0,63
7904172458,3775193616,0,51
7904172458,2841519754,0,66
7904172458,7904172461,0,54
7904172461,7904172458,0,97
7904172468,7904172469,0,99
7904172469,7904172468,0,59
7904172469,3775191446,0,51
7904172469,3775191453,0,59
7904195830,2841520671,0,80
7904195830,3774979073,0,53
7904195830,2986582827,0,77
7904195834,3774979072,0,57
7904195834,3774979073,0,73
7904195834,2841520492,0,89
7904195835,2841520281,0,60
7904195835,2841520261,0,80
7904195835,3776308750,0,64
7904195836,2841520028,0,85
7904195836,2841520205,0,81
7904195836,2841520082,0,67
7904195841,7904039983,0,53
7904195841,7904043698,0,60
7904195841,7904039979,0,88
7904195844,7904039979,0,89
7904195847,2841519291,0,53
7904195847,2841519298,0,78
7904195847,2841519407,0,96
7904195848,2841519443,0,96
7904195848,2841519429,0,55
7904195848,7904246775,0,77
7904195849,3775288136,0,77
7904195850,7903994523,0,87
7904195850,2841519896,0,51
7904195850,7904195851,0,76
7904195851,2841519822,0,64
7904195851,2841519875,0,58
7904195851,7904195850,0,58
7904195854,7904195855,0,68
7904195854,2841520476,0,83
7904195854,2986582827,0,91
7904195855,2841520491,0,56
7904195855,7904195854,0,71
7904195855,7904195856,0,70
7904195856,7904471545,0,66
7904195856,7904471547,0,60
7904195856,7904195855,0,93
7904246725,2841520317,0,90
7904246725,2986597810,0,91
7904246726,2841520422,0,50
7904246726,7904246731,0,64
7904246731,3775193903,0,94
7904246731,2841520338,0,95
7904246734,2841520490,0,68
7904246734,3775193933,0,52
7904246734,2841520430,0,65
7904246739,2841520348,0,53
7904246739,3775193921,0,57
7904246739,3775193917,0,51
7904246756,2841520061,0,89
7904246756,2841520070,0,73
7904246762,3001623571,0,75
7904246762,2841520531,0,81
7904246762,2841520520,0,86
7904246775,7904195848,0,99
7904246775,2841519407,0,90
7904246775,7904246777,0,78
7904246776,2841519461,0,73
7904246776,2841519476,0,77
7904246776,2841519457,0,100
7904246777,2841519449,0,69
7904246777,7904246775,0,89
7904246777,2841519438,0,54
7904246780,2841519409,0,73
7904246780,2841519421,0,78
7904246780,3430413823,0,87
7904246781,2841519272,0,93
7904471539,7904471541,0,99
7904471541,7904050184,0,72
7904471541,3775191429,0,73
7904471541,7904471539,0,68
7904471544,2841520627,0,77
7904471544,7904471545,0,61
7904471544,2841520613,0,65
7904471545,2841520589,0,66
7904471545,7904195856,0,80
7904471545,7904471544,0,56
7904471546,2841520655,0,58
7904471546,2841520627,0,66
7904471546,7904471547,0,79
7904471547,7904195856,0,77
7904471547,7904471546,0,50
7904471547,2986582827,0,57
7904471549,2841519599,0,52
7904471549,2841519740,0,85
7904471549,2841519731,0,53
7904575782,2986597805,0,99
7904575782,2986597802,0,57
7904575782,2986597799,0,100
7904691738,2837581170,0,82
7904691738,2837581170,1,57
7904691738,2837581344,0,52
7907452341,3774468366,0,63
7907452341,2837286581,0,51
7907452341,7907717469,0,97
7907452355,2837286551,0,100
7907452355,7907452356,0,76
7907452356,7907452355,0,85
7907452360,2837286528,0,64
7907452360,7907983056,0,56
7907452360,7907452361,0,78
7907452361,7907452363,0,75
7907452361,7907452362,0,67
7907452361,7907452360,0,98
7907452362,7907452361,0,55
7907452363,7907452361,0,81
7907452363,8361651596,0,60
7907452363,2837286450,0,77
7907452375,2837286010,0,83
7907452375,2837286037,0,52
7907452375,7907452376,0,84
7907452376,2837286066,0,50
7907452376,2837286085,0,83
7907452376,7907452377,0,56
7907452376,7907452375,0,96
7907452377,7907452376,0,92
7907452377,2837286089,0,73
7907452377,2837286109,0,78
7907452378,2837286004,0,56
7907452378,2837286024,0,59
7907452378,7907452380,0,87
7907452380,2837286004,0,51
7907452380,2837286093,0,96
7907452380,2837286037,0,56
7907452380,7907452378,0,71
7907452383,2837286024,0,95
7907452383,2837286034,0,53
7907452383,7907452384,0,79
7907452384,7907452383,0,55
7907460685,8852197512,0,62
7907460685,2837286125,0,82
7907460685,2837286154,0,52
7907460688,2837286156,0,76
7907460688,2837286118,0,78
7907460688,7907993587,0,56
7907460693,2837285776,0,65
7907460693,2837285873,0,53
7907460693,7907460695,0,79
7907460695,7907460693,0,95
7907460703,2837285801,0,64
7907460704,2837285785,0,71
7907460705,2837286085,0,55
7907460705,2837286109,0,53
7907460705,2837286126,0,68
7907460711,2837285808,0,73
7907460711,3430413717,0,83
7907460711,2837285847,0,67
7907460712,2837285833,0,81
7907460712,2837285808,0,69
7907460712,2837285848,0,62
7907460719,3773196947,0,75
7907460719,7907460720,0,61
7907460719,3773196904,0,57
7907460719,2837286019,0,95
7907460720,7907460719,0,62
7907460720,3773196931,0,51
7907460720,3773196900,0,51
7907460720,2837286008,0,86
7907717468,7907717469,0,77
7907717468,7907717474,0,61
7907717468,7907717472,0,72
7907717469,7907717468,0,84
7907717469,7907717471,0,83
7907717469,3430413831,0,93
7907717469,7907452341,0,72
7907717471,7907717469,0,78
7907717471,3430413832,0,77
7907717471,7907717472,0,95
7907717472,7907717468,0,77
7907717472,7907717475,0,88
7907717472,7907717471,0,66
7907717474,7907717468,0,81
7907717475,7907717472,0,51
7907717476,2837286669,0,63
7907717476,12213592275,0,57
7907717476,7927947184,0,85
7907717479,7907725485,0,50
7907717479,7688406728,0,71
7907725485,7907725487,0,62
7907725485,7907717479,0,92
7907725487,7907725491,0,99
7907725487,7907725485,0,62
7907725490,7907725502,0,88
7907725490,7907725492,0,75
7907725490,7907725491,0,60
7907725491,7907725487,0,78
7907725491,7907725490,0,66
7907725492,7907725490,0,77
7907725502,7907725490,0,75
7907983056,2837286550,0,77
7907983056,2837286541,0,59
7907983056,7907452360,0,55
7907983057,2837286541,0,72
7907983058,2837286560,0,87
7907983059,7907993614,0,54
7907983062,3774429823,0,83
7907983062,2837286417,0,65
7907983062,2837286325,0,58
7907983062,2837286354,0,94
7907983063,2882561409,0,80
7907983063,2837285711,0,51
7907983063,7907993585,0,52
7907983073,2837286317,0,53
7907983073,7907983079,0,67
7907983077,2837286252,0,75
7907983077,2837286317,0,76
7907983078,3774429814,0,77
7907983078,7907983077,0,56
7907983079,2837286154,0,69
7907983079,2837286133,0,71
7907983080,2837286130,0,90
7907983080,7907983083,0,87
7907983081,2837286181,0,51
7907983081,2837286222,0,98
7907983081,7907983082,0,54
7907983082,2837286159,0,100
7907983082,7907983083,0,57
7907983082,7907983081,0,53
7907983082,3774429814,0,78
7907983083,7907983078,0,87
7907983083,7907983082,0,81
7907983084,3430413713,0,92
7907983084,7907993588,0,79
7907993585,2837285795,0,57
7907993585,7907983084,0,66
7907993586,3774429809,0,52
7907993586,7907983080,0,51
7907993586,2837286073,0,97
7907993587,7907993586,0,91
7907993587,7907460688,0,66
7907993588,2837286011,0,87
7907993588,7907993587,0,65
7907993594,2837286446,0,84
7907993594,9805344770,0,99
7907993606,2837286425,0,85
7907993606,7907993594,0,54
7907993607,1880443209,0,95
7907993607,7907993606,0,86
7907993608,2837286089,0,98
7907993608,1880443188,0,94
7907993608,8361651597,0,95
7907993613,7907993614,0,90
7907993614,3774429830,0,94
7907993614,7907993613,0,67
7907993614,7907983059,0,86
7908231459,3774429803,0,50
7908462337,12157661326,0,70
7908462337,7908462342,0,65
7908462337,12209002367,0,92
7908462342,12157661325,0,95
7908462342,7908462346,0,54
7908462342,7908462337,0,70
7908462344,12157661323,0,100
7908462344,12157661326,0,61
7908462346,7908462353,0,52
7908462346,7908462342,0,66
7908462346,7908462347,0,89
7908462347,5446765696,0,88
7908462347,7908462346,0,82
7908462353,7908462346,0,52
7908462353,3775193570,0,87
7908462353,11047650579,0,69
7908462353,12209002376,0,91
7908462358,7888680432,0,88
7908462358,10570371179,0,81
7908462358,7915731666,0,75
7908462361,7888680423,0,100
7908462367,12206606496,0,88
7908462367,2886954808,0,83
7908462367,12206644198,0,81
7908563840,3776224060,0,90
7908563840,3776224069,0,64
7908563840,7908563844,0,91
7908563843,7908563844,0,54
7908563844,7908563840,0,62
7908563844,7908563851,0,79
7908563844,7908563843,0,87
7908563851,7908563844,0,78
7908563856,12209002385,0,93
7908563861,2886954808,0,57
7911475585,2841517996,0,76
7911475585,2839149651,0,74
7911475585,2839149622,0,88
7911475595,2841299221,0,85
7911475595,2841299225,0,97
7911475595,7912679484,0,68
7911517116,2833253773,0,56
7911517116,2833253792,0,76
7911517116,2839149553,0,74
7911517116,2833253830,0,56
7911517119,2839149642,0,59
7911517119,2839149645,0,63
7911517119,2833253830,0,81
7911517119,7911517122,0,68
7911517122,2839149663,0,53
7911517122,2839149664,0,81
7911517122,7911517119,0,80
7911517125,2841299274,0,86
7911517125,2841299257,0,67
7911517125,2841299283,0,65
7911517126,2833253769,0,64
7911517126,2833253757,0,61
7911517126,7911517129,0,98
7911517129,2833253725,0,70
7911517129,1880441725,0,77
7911517129,7911517126,0,61
7911517130,2841299222,0,63
7911517130,2833253735,0,97
7911517130,2841299208,0,94
7911517133,4776756139,0,82
7911517133,2839149643,0,92
7911517133,2839149663,0,87
7911603778,2837581317,0,88
7911603778,6444391444,0,68
7911603778,2837581314,0,87
7911603781,2841518478,0,86
7911603781,3430413598,0,57
7911603781,2839255766,0,89
7911606253,2837580683,0,78
7911606253,2837580664,0,50
7911606253,2837580651,0,54
7911606257,2837580939,0,95
7911606263,2837580639,0,66
7911606263,2837580923,0,60
7911606263,2839255726,0,77
7911664325,7918749225,0,92
7911664325,7911664326,0,58
7911664325,8855614420,0,51
7911664326,2841299389,0,63
7911664326,2837581811,0,79
7911664326,7911664325,0,53
7911664331,2837581692,0,82
7911664331,2837581644,0,79
7911664331,6146879026,0,84
7911664335,7222567558,0,60
7911664335,2833127416,0,56
7911664336,3430413600,0,55
7911664336,4160437060,0,76
7911664337,2833127332,0,53
7911664337,4160437048,0,60
7911664337,7911664339,0,92
7911664339,3430413492,0,92
7911664339,2833127351,0,92
7911664339,7911664340,0,51
7911664339,7911664337,0,90
7911664340,3430413596,0,92
7911664340,3430413595,0,90
7911664340,7911664339,0,66
7911664344,2837581351,0,56
7911664344,2837581355,0,84
7911664344,7911664350,0,55
7911664348,3772964236,0,65
7911664348,4160437056,0,73
7911664348,2837581372,0,93
7911664350,2833127403,0,94
7911664350,7911664355,0,98
7911664350,7911664344,0,89
7911664350,2837581372,0,86
7911664353,12201013539,0,82
7911664353,3430413486,0,88
7911664353,2833127345,0,82
7911664355,7911664358,0,99
7911664355,7911664350,0,87
7911664358,2841299369,0,78
7911664358,2837581365,0,59
7911664364,2171064401,0,57
7911664364,3430413487,0,55
7911664364,13607010453,0,78
7911697768,2833127464,0,51
7911697768,2833127438,0,96
7911697770,2171064423,0,84
7911697770,7912773549,0,82
7911697770,7912815300,0,90
7911697778,2839149788,0,87
7911697780,2833127505,0,68
7911697784,2837582222,0,92
7911697784,3430413626,0,82
7911697784,2841518742,0,51
7911717988,7911717989,0,54
7911717988,7911717989,1,84
7911717988,2839149788,0,75
7911717989,2833127626,0,66
7911717989,7911717988,0,69
7911717989,7911717988,1,84
7911789357,2833127408,0,58
7911789357,2833127462,0,60
7911789357,3430413608,0,98
7911789359,7912679478,0,57
7911789359,2833127546,0,78
7911789359,3430413614,0,72
7911789365,3955038295,0,83
7911789365,2833127516,0,82
7911789365,2833127478,0,97
7911789366,2833127478,0,64
7911789366,2833127462,0,86
7911789366,3430413608,0,78
7911789376,2841299663,0,82
7911789376,2833127677,0,73
7911789376,7911789377,0,78
7911789377,2833127657,0,50
7911789377,2833127660,0,84
7911789377,7911789376,0,61
7911791291,2833127639,0,53
7911791291,2841299573,0,51
7911791291,2841299618,0,66
7911791292,2833127623,0,84
7911858409,2841299507,0,52
7911858409,6146847853,0,76
7911858409,6146847857,0,80
7911858414,7911858415,0,70
7911858414,7911858418,0,80
7911858414,6146847861,0,92
7911858415,6146847853,0,55
7911858415,7911858414,0,61
7911858415,6146847862,0,62
7911858415,7911858417,0,74
7911858417,7911858415,0,86
7911858418,7911858414,0,55
7911858419,7911858421,0,69
7911858421,6146847861,0,88
7911858421,7911858422,0,75
7911858421,7911858419,0,55
7911858422,7911858421,0,98
7911858422,6146847860,0,91
7911858422,7911858423,0,92
7911858423,7911858422,0,55
7911858424,9781573055,0,60
7911858426,6146847860,0,82
7911858433,2841299397,0,81
7911858433,2841299533,0,93
7911858433,7911858435,0,87
7911858433,7911858436,0,67
7911858435,2841299507,0,100
7911858435,2841299533,0,60
7911858435,7911858433,0,88
7911858436,7222623345,0,92
7911858436,2841299397,0,77
7911858436,7911858433,0,85
7912102288,2833303262,0,82
7912102288,2833303213,0,59
7912102288,6594425728,0,79
7912102289,3430413691,0,96
7912102289,7912102290,0,98
7912102289,2841349286,0,75
7912102290,7912102289,0,87
7912102295,1880443006,0,92
7912102295,12196333612,0,80
7912102297,2833303151,0,92
7912102297,3997885759,0,90
7912102310,7912102362,0,53
7912102312,7912102314,0,67
7912102314,3997875641,0,52
7912102314,7912102368,0,87
7912102314,7912102312,0,72
7912102341,7912102352,0,64
7912102341,7912102344,0,95
7912102341,3997875636,0,57
7912102344,7912102341,0,66
7912102344,7912102345,0,100
7912102344,7912102346,0,55
7912102345,7912102344,0,100
7912102346,7912102344,0,87
7912102352,7912102341,0,77
7912102352,7912102355,0,57
7912102352,3997875634,0,72
7912102355,7912102356,0,77
7912102355,12196333612,0,52
7912102355,7912102352,0,81
7912102356,7912102355,0,85
7912102361,7912102362,0,91
7912102362,7912102310,0,65
7912102362,7912102361,0,61
7912102362,7912102368,0,81
7912102363,7912102368,0,68
7912102368,7912102314,0,93
7912102368,7912102362,0,94
7912102368,7912102363,0,85
7912184280,2833303033,0,85
7912184280,2833303061,0,64
7912184280,2833303053,0,71
7912199190,3430413670,0,96
7912199190,2837583084,0,74
7912199190,7912199191,0,72
7912199191,2841299746,0,56
7912199191,2833303110,0,99
7912199191,7912199190,0,79
7912199194,2833303176,0,87
7912199194,2833303135,0,92
7912199194,7912199196,0,92
7912199196,2833303225,0,91
7912199196,2833303222,0,75
7912199196,7912199194,0,61
7912199199,2833303135,0,68
7912199199,2833303128,0,90
7912199199,2833303222,0,52
7912199204,2833303057,0,88
7912199204,3430413660,0,76
7912199204,2833303006,0,94
7912199209,2833303112,0,90
7912199209,2833303105,0,68
7912199209,7912298370,0,89
7912298329,7919609018,0,74
7912298329,2837285876,0,74
7912298329,7919609022,0,84
7912298330,2837285615,0,65
7912298330,2837583363,0,96
7912298330,7912298331,0,66
7912298331,7912298330,0,89
7912298332,2837583706,0,77
7912298332,2837583589,0,51
7912298332,3773056263,0,67
7912298333,2837583532,0,78
7912298340,2833303066,0,82
7912298340,2837582706,0,69
7912298340,2837582706,1,59
7912298346,2837285226,0,54
7912298346,2837285198,0,78
7912298346,3430413648,0,50
7912298356,2837285150,0,59
7912298356,2837285146,0,85
7912298357,2837285165,0,71
7912298357,2837285189,0,56
7912298357,7912298359,0,74
7912298359,2837285146,0,59
7912298359,2837285189,0,60
7912298359,7912298357,0,72
7912298360,7912815308,0,87
7912298360,7912773535,0,98
7912298360,13009243223,0,65
7912298362,2833301298,0,90
7912298362,7912298363,0,76
7912298362,2833303014,0,67
7912298363,7912298362,0,84
7912298369,2833303044,0,84
7912298370,7912199209,0,58
7912298372,2833303066,0,50
7912303853,3001634737,0,82
7912303853,7912303854,0,86
7912303853,2837582592,0,100
7912303854,7912303853,0,99
7912679459,7912679461,0,64
7912679461,7912679466,0,67
7912679461,7912679465,0,84
7912679461,7912679459,0,75
7912679465,7912679461,0,84
7912679466,7912679461,0,94
7912679466,7916755416,0,82
7912679466,1880443006,0,64
7912679468,6147067482,0,89
7912679468,2833127684,0,52
7912679468,7912679469,0,77
7912679469,7912679468,0,58
7912679472,13009243231,0,66
7912679472,8354695512,0,75
7912679476,2841299384,0,80
7912679476,2833127541,0,59
7912679476,7912679478,0,98
7912679478,2833127574,0,83
7912679478,7911789359,0,78
7912679478,7912679476,0,88
7912679479,6649212595,0,86
7912679479,2837580675,0,54
7912679484,2841299217,0,77
7912679484,2841299211,0,51
7912679484,7912725286,0,89
7912679484,7911475595,0,54
7912725286,2839149459,0,55
7912725286,4258130066,0,69
7912725286,7912679484,0,54
7912725289,7912725290,0,63
7912725289,2841299226,0,57
7912725289,2833253722,0,87
7912725290,7912725289,0,98
7912725291,2839149543,0,96
7912773535,1880442722,0,65
7912773535,2833301283,0,72
7912773535,7912298360,0,92
7912773542,7912773543,0,98
7912773542,7912815301,0,88
7912773543,6146875037,0,90
7912773543,7912877629,0,60
7912773549,2833127425,0,63
7912773549,7911697770,0,95
7912773549,7912773558,0,76
7912773558,1880442383,0,56
7912773558,2833127323,0,64
7912815290,2833127694,0,63
7912815290,7912815327,0,80
7912815290,3998009082,0,96
7912815300,7912815301,0,76
7912815300,7912773543,0,50
7912815301,1880442505,0,71
7912815301,13009243226,0,61
7912815308,2833127611,0,65
7912815308,7912298360,0,52
7912815308,7912877637,0,66
7912815325,1880442941,0,70
7912815325,3998009082,0,85
7912815325,13009243227,0,82
7912815327,13009243231,0,56
7912815327,1880442935,0,75
7912815327,7912815290,0,71
7912877629,2833127517,0,99
7912877629,7912773549,0,94
7912877630,1880442607,0,51
7912877630,7912773542,0,60
7912877631,2837285198,0,73
7912877631,2833301283,0,67
7912877631,1880442722,0,98
7912877637,2833127670,0,69
7912877637,7912815325,0,81
7915347239,2839149505,0,59
7915347249,2841517747,0,66
7915347249,7872530325,0,57
7915347249,7915347252,0,89
7915347252,2841517764,0,56
7915347252,7915347253,0,77
7915347252,7915347249,0,70
7915347253,7915347252,0,91
7915347253,7872530316,0,52
7915347253,7872530325,0,62
7915347255,7915347263,0,94
7915347255,7915347257,0,68
7915347255,8823755423,0,67
7915347257,2841517781,0,51
7915347257,2841517754,0,100
7915347257,7915347255,0,86
7915347260,2841517771,0,76
7915347260,7915347261,0,75
7915347260,7915347263,0,54
7915347260,8823755423,0,80
7915347261,7915347260,0,98
7915347261,7915347270,0,97
7915347261,2841517777,0,80
7915347261,7915347268,0,97
7915347263,2841517754,0,54
7915347263,7872530311,0,99
7915347263,7915347255,0,83
7915347263,7915347260,0,58
7915347268,2841517777,0,94
7915347268,2841517771,0,66
7915347268,7915347261,0,88
7915347270,7915347261,0,84
7915347273,1880441801,0,86
7915347278,2841517778,0,98
7915347278,7915347282,0,84
7915347278,7915347280,0,90
7915347280,7915347278,0,52
7915347281,2839149607,0,84
7915347282,7915347278,0,84
7915347282,1880441790,0,96
7915347282,2839149607,0,50
7915347283,7915347284,0,75
7915347284,2839149607,0,79
7915347284,7915347283,0,85
7915347284,3430413463,0,59
7915347284,1880441790,0,56
7915350686,2841517974,0,67
7915350686,2841517919,0,55
7915350686,2841517956,0,78
7915350689,2839149570,0,67
7915350692,2839149577,0,76
7915387187,2841518220,0,83
7915387189,2841518267,0,56
7915387189,2841518280,0,100
7915387189,8833928788,0,64
7915387191,2837580641,0,70
7915387191,2837580618,0,89
7915387191,8833928788,0,61
7915427852,2841299361,0,75
7915427852,2841518462,0,90
7915427852,3502491521,0,74
7915427855,7915427858,0,66
7915427855,2841299372,0,84
7915427855,7915427856,0,77
7915427856,7915427855,0,89
7915427856,2845678450,0,92
7915427856,7915427864,0,84
7915427858,2841518462,0,89
7915427858,7915427855,0,65
7915427858,2845678450,0,94
7915427859,3776025972,0,87
7915427859,7915427867,0,75
7915427859,2845678452,0,94
7915427860,2837581879,0,89
7915427860,7915427867,0,85
7915427860,12282616408,0,78
7915427861,3776025971,0,69
7915427861,7915427864,0,82
7915427864,1880442600,0,74
7915427864,7915427856,0,86
7915427864,7915427861,0,69
7915427866,7915427867,0,94
7915427866,3776025972,0,55
7915427867,7915427860,0,70
7915427867,7915427859,0,71
7915427867,7915427866,0,87
7915427871,7915427872,0,66
7915427871,7915427880,0,70
7915427871,3430413612,0,92
7915427872,7915427871,0,53
7915427880,7915427871,0,57
7915427882,2841518477,0,57
7915427882,7915427883,0,89
7915427882,2837581387,0,58
7915427883,2841518484,0,96
7915427883,7915427882,0,88
7915427883,3430413612,0,93
7915427884,7915430885,0,61
7915430885,7915427884,0,53
7915430885,3776032367,0,93
7915594689,660700040,0,99
7915594693,7915677726,0,80
7915594693,3773196871,0,73
7915594704,3773196871,0,65
7915603764,7915603765,0,94
7915603765,7915594693,0,74
7915603765,7915603764,0,94
7915612554,660700031,0,52
7915612554,7915612555,0,72
7915612555,2837285517,0,57
7915612555,7915612556,0,54
7915612556,3430413674,0,80
7915612556,7915612557,0,55
7915612557,2837285622,0,77
7915612557,2837285638,0,93
7915612558,2837285672,0,96
7915612558,7915612560,0,53
7915612560,2837285687,0,64
7915612560,7907983063,0,88
7915677705,2837285523,0,84
7915677705,7915677706,0,98
7915677705,3430413653,0,99
7915677706,7915677705,0,85
7915677706,7915677716,0,75
7915677706,7915677709,0,63
7915677709,7915677706,0,76
7915677711,7915677716,0,70
7915677716,7915677706,0,65
7915677716,3773265234,0,76
7915677716,7915677711,0,95
7915677726,3430413659,0,91
7915677726,3773265204,0,58
7915677732,2283890956,0,56
7915677732,3773265068,0,82
7915731592,2841518961,0,87
7915731592,2841518964,0,66
7915731592,7915731593,0,70
7915731593,2841518972,0,73
7915731593,3430413690,0,88
7915731593,7915731595,0,53
7915731593,7915731592,0,74
7915731595,7915731597,0,81
7915731595,2841518983,0,50
7915731595,7915731593,0,53
7915731597,3776125460,0,51
7915731597,7915731595,0,88
7915731597,2841518972,0,91
7915731598,2841518960,0,91
7915731599,2841518951,0,86
7915731599,2841518960,0,69
7915731599,7915731600,0,58
7915731600,7915731599,0,69
7915731601,7915731608,0,83
7915731601,2841518951,0,87
7915731601,7915782987,0,66
7915731602,2841518970,0,61
7915731602,2841518951,0,53
7915731602,7915782987,0,68
7915731603,7915782987,0,74
7915731604,7915782988,0,74
7915731604,7916755403,0,93
7915731604,12994335673,0,67
7915731607,7915731608,0,100
7915731607,7915763482,0,97
7915731607,7915782986,0,85
7915731608,7915731613,0,89
7915731608,7915731601,0,77
7915731608,7915731607,0,77
7915731609,7915782986,0,81
7915731610,7916755403,0,76
7915731610,7915731611,0,53
7915731610,7915782985,0,70
7915731611,7915763482,0,100
7915731611,7915731610,0,77
7915731611,7915731613,0,66
7915731613,7915731626,0,60
7915731613,7915731608,0,50
7915731613,7915731611,0,100
7915731614,7915731628,0,69
7915731614,7915731626,0,70
7915731614,7915731617,0,77
7915731616,7915731617,0,73
7915731617,7915731619,0,81
7915731617,7915731614,0,98
7915731617,7915731616,0,78
7915731619,12994335673,0,71
7915731619,7915731617,0,84
7915731619,7915731620,0,51
7915731620,7915731619,0,86
7915731620,7915731621,0,78
7915731620,7915731622,0,100
7915731621,7915731620,0,69
7915731622,7915731620,0,99
7915731626,7915731614,0,70
7915731626,7915731613,0,64
7915731626,7915731627,0,62
7915731627,7915731626,0,100
7915731628,7915731633,0,82
7915731628,7915731614,0,88
7915731628,7915731629,0,51
7915731629,7915731628,0,77
7915731630,7915731631,0,58
7915731631,7915731633,0,65
7915731631,7915731630,0,100
7915731631,7915783017,0,73
7915731632,7915731633,0,66
7915731633,7915731631,0,75
7915731633,7915731628,0,74
7915731633,7915731632,0,100
7915731634,1880442934,0,58
7915731634,1880442964,0,90
7915731634,2833303065,0,61
7915731637,1880442964,0,99
7915731637,2837285531,0,76
7915731637,2837285500,0,71
7915731639,7915731640,0,94
7915731640,1880442964,0,68
7915731640,7915731639,0,53
7915731640,2837285453,0,56
7915731641,2837582740,0,75
7915731646,7915731647,0,90
7915731646,7904043699,0,71
7915731646,7904043696,0,88
7915731647,7915731646,0,88
7915731647,7904043697,0,72
7915731647,7904043705,0,64
7915731650,7904043699,0,53
7915731658,3775996295,0,50
7915731659,3775996297,0,94
7915731662,7915731664,0,93
7915731663,7915743495,0,77
7915731664,7888680417,0,60
7915731664,7915731662,0,61
7915731664,7915731665,0,57
7915731664,7915743495,0,61
7915731665,7915731664,0,59
7915731666,7908462358,0,68
7915731669,12224079170,0,61
7915731669,7915731670,0,98
7915731669,7915743495,0,78
7915731670,7915731669,0,77
7915731670,7915731671,0,80
7915731670,7915743493,0,94
7915731671,7915731670,0,92
7915731675,12219234831,0,80
7915731675,12224079174,0,69
7915731675,7915731677,0,75
7915731677,12219234827,0,58
7915731677,7915731675,0,98
7915731677,3776224061,0,70
7915743486,12224079174,0,89
7915743486,2841518971,0,54
7915743486,7915743488,0,74
7915743488,7915743486,0,51
7915743493,7915731670,0,56
7915743493,12219234831,0,55
7915743493,7915743494,0,61
7915743494,7915743493,0,67
7915743495,7915731664,0,95
7915743495,7915731663,0,56
7915743495,7915731669,0,55
7915743498,7915743499,0,73
7915743498,2841518947,0,82
7915743498,7915743504,0,66
7915743499,7915743498,0,84
7915743500,7915743501,0,83
7915743500,7918667379,0,90
7915743500,2841518947,0,74
7915743501,7915743500,0,53
7915743502,2841518941,0,50
7915743502,7915743503,0,98
7915743502,2841518919,0,84
7915743503,7915743502,0,50
7915743503,12224080755,0,56
7915743503,12224080754,0,80
7915743504,7915743505,0,87
7915743504,7915743498,0,83
7915743504,2841518929,0,75
7915743505,7915743504,0,80
7915743506,7915743531,0,95
7915743506,7918667379,0,81
7915743506,2841518974,0,85
7915743514,7915743522,0,58
7915743514,12224084917,0,62
7915743514,7915743517,0,55
7915743517,7915743514,0,61
7915743522,7915743514,0,86
7915743522,7915743523,0,88
7915743522,7915743524,0,72
7915743522,7915743525,0,78
7915743523,7915743522,0,100
7915743524,7915743522,0,50
7915743525,7915743527,0,67
7915743525,7915743526,0,78
7915743525,7915743522,0,58
7915743526,7915743525,0,95
7915743527,7915743525,0,76
7915743527,7915743531,0,100
7915743527,7915743528,0,66
7915743528,7915743527,0,60
7915743531,7915743506,0,90
7915743531,7915743532,0,77
7915743531,7915743527,0,54
7915743532,7915743531,0,59
7915763482,7915782985,0,96
7915763482,7915731611,0,57
7915763482,7915731607,0,60
7915782985,7915763482,0,53
7915782985,7915782986,0,63
7915782985,7915731610,0,83
7915782986,7915731609,0,66
7915782986,7915782985,0,64
7915782986,7915731607,0,97
7915782987,7915731603,0,98
7915782987,7915731601,0,80
7915782987,7915731602,0,71
7915782988,7915731604,0,64
7915782988,3776125473,0,77
7915782988,7916755401,0,72
7915782998,7916755395,0,94
7915782998,7916755398,0,87
7915782998,7916755399,0,96
7915782998,7904039960,0,74
7915783007,7904039969,0,98
7915783007,7904039954,0,84
7915783007,7915783008,0,53
7915783008,7915783007,0,79
7915783008,13571894671,0,85
7915783008,7904039954,0,72
7915783017,13571894666,0,90
7915783017,7915731631,0,60
7915783017,13571894671,0,73
7915820447,7915820448,0,66
7915820448,3773265059,0,82
7915820448,2837285135,0,61
7915820448,7915820447,0,69
7915820448,2837285166,0,58
7915820452,3773464277,0,57
7915820452,3773464286,0,92
7915820452,3773464275,0,85
7915991492,7915991493,0,94
7915991493,2837285130,0,98
7915991493,7915991495,0,64
7915991493,7915991492,0,82
7915991494,7915991495,0,70
7915991495,7915991493,0,66
7915991495,7915991494,0,73
7915991495,3773464294,0,98
7915991498,3773464479,0,67
7915991498,7916578167,0,53
7915991498,7915991499,0,52
7915991499,3773464482,0,93
7915991499,3773464487,0,77
7915991499,7915991498,0,66
7915991505,2837285272,0,69
7915991505,3773464482,0,91
7915991505,7915991507,0,73
7915991507,3975280055,0,68
7915991507,2837285426,0,91
7915991507,7915991505,0,79
7915991508,3430413640,0,71
7915991508,2837285232,0,97
7915991508,2837285216,0,59
7916066551,7916066552,0,62
7916066552,3773464504,0,54
7916066552,7916066551,0,57
7916066552,3773464509,0,58
7916066555,3773464512,0,62
7916066555,7916066556,0,59
7916066555,3430413664,0,95
7916066556,3773464504,0,78
7916066556,2837285475,0,68
7916066556,7916066555,0,99
7916066556,7916066557,0,84
7916066557,7916066556,0,89
7916178298,2837285541,0,98
7916178298,3773464512,0,97
7916178298,2837285494,0,96
7916178309,2837285526,0,81
7916178309,2837285554,0,93
7916178309,13361307042,0,89
7916210897,7916210898,0,96
7916210898,7916210900,0,55
7916210898,7916286636,0,78
7916210898,7916210897,0,78
7916210899,7916210900,0,99
7916210900,7916210898,0,75
7916210900,7916210899,0,98
7916210900,3773265063,0,63
7916210902,2837285201,0,65
7916210903,7916210904,0,92
7916210903,2283890944,0,68
7916210904,7916210903,0,91
7916210906,7916210907,0,91
7916210906,7916210903,0,93
7916210907,7916210906,0,97
7916286636,7916210898,0,60
7916286636,7916286637,0,81
7916286636,3773265074,0,60
7916286637,3773265068,0,51
7916286637,8831250725,0,62
7916286637,7916286636,0,85
7916286640,2837285225,0,84
7916286640,7916518497,0,74
7916343490,3773464275,0,93
7916343490,7916513452,0,60
7916513421,7916513422,0,54
7916513421,2837285110,0,80
7916513422,2837285103,0,72
7916513422,7937080158,0,95
7916513452,3773464307,0,50
7916513453,7941285709,0,91
7916513453,7916286640,0,84
7916513473,3773464291,0,53
7916513473,9580096465,0,54
7916513478,7916513479,0,88
7916513478,2837581344,0,100
7916513479,9580096465,0,74
7916513479,7916343490,0,65
7916513479,3773464275,0,52
7916513484,2837581370,0,66
7916513484,7916513478,0,71
7916518487,2575599577,0,95
7916518487,7937080158,0,90
7916518487,3777946263,0,62
7916518497,3773464310,0,52
7916518497,7916513473,0,74
7916518502,3773464302,0,88
7916553842,7916553844,0,100
7916553844,7916513421,0,64
7916553844,7916553842,0,70
7916578167,7915991498,0,96
7916578167,3773464499,0,84
7916578167,7916578168,0,82
7916578168,3773464487,0,59
7916578168,3773464505,0,67
7916578168,7916578167,0,89
7916578169,7916578170,0,64
7916578170,2837285221,0,71
7916578170,2841299576,0,64
7916578170,7916578169,0,69
7916755395,7915782998,0,50
7916755398,7915782998,0,52
7916755399,7916755401,0,94
7916755399,7916755400,0,100
7916755399,7915782998,0,90
7916755400,7916755399,0,97
7916755401,7916755399,0,56
7916755401,7915782988,0,82
7916755401,7916755402,0,54
7916755402,7916755401,0,95
7916755403,7915731604,0,75
7916755403,7915731610,0,78
7916755403,7916755404,0,80
7916755404,7916755403,0,82
7916755405,2841518970,0,68
7916755416,2837285691,0,82
7916755416,2837285543,0,54
7916755416,2833303065,0,77
7916755416,7912679466,0,72
7916755420,2841299742,0,61
7916755420,7916755423,0,67
7916755420,2837285506,0,66
7916755422,2837285499,0,66
7916755422,2837285506,0,92
7916755422,2841299637,0,73
7916755423,7916755420,0,66
7916755423,13930685860,0,66
7916755423,7916755425,0,77
7916755425,2837285506,0,53
7916755425,2837285519,0,84
7916755425,7916755426,0,63
7916755425,7916755423,0,84
7916755426,7916815898,0,73
7916755426,8386719319,0,94
7916755426,7916755425,0,54
7916755430,2837285531,0,80
7916755430,2837285516,0,88
7916755430,2837285562,0,89
7916755431,7916755432,0,63
7916755432,2841299648,0,78
7916755432,7916755431,0,95
7916755432,2841299659,0,100
7916755437,3955034762,0,85
7916755437,2837581812,0,56
7916755437,2837581194,0,50
7916755447,7916755449,0,91
7916755449,7918749106,0,93
7916755449,9708719579,0,91
7916755449,7916755447,0,98
7916755449,2839149761,0,96
7916755450,2839149740,0,92
7916755450,2839149737,0,70
7916755450,7916755451,0,65
7916755450,2837581333,0,91
7916755451,7916755450,0,88
7916755466,2839149718,0,57
7916799348,12198741091,0,59
7916799348,6354265102,0,84
7916799348,9569961551,0,79
7916811376,7916811377,0,82
7916811376,2841518911,0,82
7916811376,7916811378,0,92
7916811377,7916811376,0,66
7916811378,7916811379,0,84
7916811378,7916811376,0,97
7916811378,7916811380,0,74
7916811379,7916811378,0,89
7916811380,7916811378,0,86
7916811380,2841518768,0,87
7916811380,12255397600,0,77
7916811382,7916811383,0,87
7916811383,2841518774,0,83
7916811383,7918667375,0,82
7916811383,7916811382,0,99
7916811384,2837285437,0,59
7916811384,2841299673,0,98
7916811384,7916815886,0,94
7916815886,2841299621,0,88
7916815886,2841299613,0,53
7916815886,7916811384,0,69
7916815888,2837285511,0,70
7916815888,3430413658,0,80
7916815888,2837285469,0,87
7916815889,2841299604,0,94
7916815889,2841299610,0,58
7916815889,2841299622,0,80
7916815889,2841299582,0,56
7916815892,2837582528,0,67
7916815892,2837582298,0,78
7916815892,7916815893,0,93
7916815893,2837285218,0,58
7916815893,7916815892,0,66
7916815893,7222567543,0,74
7916815897,2841299602,0,64
7916815897,7916815898,0,52
7916815897,2841299613,0,55
7916815898,2841299647,0,96
7916815898,7916755426,0,88
7916815898,7916815897,0,84
7916815899,2841299673,0,97
7916815899,2837285470,0,74
7916815899,2841299627,0,95
7916815900,2837285532,0,66
7916815900,2837285528,0,61
7916815900,7916815901,0,67
7916815901,7916815900,0,58
7916815902,2837582243,0,63
7916815902,7916815904,0,85
7916815902,7918749221,0,91
7916815904,2837582202,0,64
7916815904,7916815902,0,87
7916815906,7916815904,0,78
7916815906,8375367240,0,60
7918667375,2841518767,0,83
7918667375,7916811383,0,65
7918667375,12255302742,0,65
7918667378,7918667379,0,86
7918667379,7915743506,0,100
7918667379,7915743500,0,56
7918667379,7918667378,0,59
7918667384,7918749092,0,57
7918667384,4776756145,0,91
7918667384,7918749087,0,92
7918749087,7918667384,0,85
7918749092,8840548581,0,81
7918749092,7918667384,0,51
7918749099,3502372153,0,75
7918749099,2839149720,0,60
7918749099,3502372155,0,86
7918749100,3502372158,0,63
7918749101,2839149710,0,61
7918749106,7916755449,0,83
7918749106,2837581333,0,82
7918749106,7918749108,0,53
7918749108,7918749106,0,95
7918749113,2837581330,0,86
7918749113,2843657820,0,85
7918749115,2837581612,0,63
7918749115,2837581305,0,60
7918749115,2843657820,0,59
7918749124,2837580537,0,57
7918749124,2837580503,0,52
7918749124,2837580565,0,57
7918749125,2837580584,0,50
7918749125,2841517989,0,61
7918749125,7918749133,0,64
7918749133,2837580618,0,61
7918749133,2841518238,0,50
7918749133,7918749125,0,51
7918749136,2841299340,0,54
7918749136,7918749138,0,94
7918749138,2841299344,0,83
7918749138,2841299333,0,74
7918749138,7918749136,0,79
7918749160,2841299361,0,77
7918749160,2841299357,0,74
7918749160,1880442491,0,57
7918749169,3502893623,0,52
7918749169,7918749170,0,51
7918749169,2837581114,0,82
7918749170,2837580925,0,90
7918749170,7918749245,0,88
7918749170,7918749169,0,92
7918749174,2841518459,0,85
7918749174,2837581604,0,93
7918749174,7918749175,0,80
7918749175,7918749174,0,95
7918749177,2841299331,0,74
7918749177,2841518427,0,57
7918749177,2841299336,0,50
7918749221,7916815902,0,85
7918749224,2833127511,0,55
7918749224,2841299389,0,68
7918749224,7918749225,0,62
7918749225,7222623227,0,73
7918749225,7911664325,0,74
7918749225,7918749224,0,100
7918749232,2841518477,0,55
7918749232,2841518707,0,68
7918749232,7918749234,0,53
7918749234,7918749239,0,96
7918749234,7918749237,0,65
7918749234,7918749232,0,85
7918749237,2841518707,0,68
7918749237,1880442582,0,70
7918749237,7918749234,0,91
7918749239,7918749234,0,65
7918749245,7918749170,0,91
7918749245,2837580700,0,55
7918749245,7918749246,0,87
7918749245,7918749249,0,82
7918749246,7918749245,0,98
7918749246,7918749247,0,53
7918749246,7918749248,0,100
7918749247,7918749246,0,80
7918749248,7918749246,0,67
7918749249,7918749245,0,76
7918749251,2841518224,0,100
7918759057,3502372164,0,98
7918759058,2839149534,0,99
7918985601,6866165606,0,85
7918985603,6866165606,0,91
7918985607,7919237994,0,58
7918985607,7918985619,0,62
7918985607,7920095726,0,70
7918985618,1880443248,0,69
7918985618,7919075894,0,76
7918985618,2841519501,0,87
7918985619,7919075893,0,70
7918985619,7918985607,0,93
7918985619,7918985632,0,100
7918985632,2837286505,0,56
7918985632,7918985619,0,52
7919041383,7919237993,0,50
7919041383,2841519501,0,62
7919041383,7919075895,0,96
7919075893,7919075894,0,99
7919075893,7918985619,0,51
7919075893,7919075895,0,79
7919075894,7918985618,0,98
7919075894,7919075895,0,75
7919075894,7919075893,0,61
7919075895,7919075894,0,50
7919075895,7919075893,0,73
7919075895,7919041383,0,67
7919075898,2841520027,0,71
7919075898,7919321021,0,97
7919138093,2837579877,0,87
7919138093,3774513065,0,74
7919138093,3774513071,0,78
7919170742,7919170744,0,54
7919170744,2841519805,0,71
7919170744,7919791487,0,51
7919170744,7919170742,0,94
7919170749,7919170750,0,52
7919170749,3776303941,0,77
7919170749,2841519706,0,77
7919170750,7919170749,0,92
7919170750,3776303938,0,74
7919170750,3776303954,0,77
7919174380,2841519811,0,67
7919174380,7919174381,0,55
7919174381,2841519759,0,54
7919174381,7919174382,0,50
7919174381,2841519798,0,91
7919174382,2841519720,0,75
7919174382,7919174383,0,73
7919174383,2841519589,0,69
7919174383,7919193285,0,55
7919193285,3774471477,0,95
7919193285,2841519572,0,55
7919193285,7919221071,0,95
7919193286,5446790676,0,64
7919193286,5446790770,0,68
7919206777,7871539680,0,50
7919206777,7978118785,0,78
7919206778,7919206777,0,84
7919206778,2837579490,0,70
7919206779,2837579601,0,56
7919206779,7919206778,0,75
7919206779,12210261198,0,89
7919206784,2837579635,0,87
7919206784,2418718381,0,67
7919206784,7919229997,0,99
7919221062,7919221063,0,89
7919221063,5446790671,0,80
7919221063,7919221062,0,52
7919221069,2841519708,0,83
7919221069,2841519593,0,89
7919221071,3776303937,0,50
7919221071,7918985618,0,73
7919221076,2841519556,0,99
7919221083,2841519572,0,85
7919221083,7919221084,0,98
7919221084,7919221083,0,62
7919221084,7919237985,0,77
7919221084,2841519525,0,76
7919221084,2841519533,0,85
7919229988,2837579685,0,62
7919229988,2837579693,0,68
7919229988,7919206784,0,85
7919229990,2418718390,0,59
7919229990,2837579819,0,74
7919229990,7919229988,0,84
7919229993,2837580023,0,96
7919229993,2837580007,0,86
7919229993,7919229990,0,86
7919229997,2845677461,0,89
7919229997,2845677475,0,75
7919229997,2845677466,0,60
7919237078,3774513071,0,74
7919237078,3774513075,0,88
7919237081,2990086895,0,79
7919237985,2841519595,0,100
7919237985,7919221084,0,50
7919237985,7919260308,0,83
7919237986,7919237987,0,64
7919237987,2841519525,0,84
7919237987,7919237993,0,77
7919237987,7919237986,0,85
7919237987,6866111149,0,85
7919237993,7919237987,0,83
7919237993,7919041383,0,90
7919237993,7919237994,0,86
7919237994,6866111149,0,57
7919237994,7918985607,0,80
7919237994,7919237993,0,83
7919237995,2841519527,0,93
7919237996,2841519795,0,92
7919257385,2843852048,0,91
7919257385,2990086895,0,81
7919257385,7919257386,0,100
7919257386,2843852064,0,89
7919257386,2990086898,0,54
7919257386,7919257385,0,73
7919260294,7919260295,0,51
7919260295,7919321036,0,73
7919260295,2841519742,0,87
7919260295,7919260294,0,77
7919260296,2841519547,0,61
7919260297,7919321061,0,73
7919260297,7920095717,0,79
7919260297,2841519547,0,54
7919260305,7919260306,0,86
7919260306,2841519547,0,79
7919260306,7920095716,0,74
7919260306,7919260305,0,51
7919260307,7919260308,0,94
7919260308,2841519736,0,88
7919260308,7919260307,0,65
7919260308,7919237985,0,58
7919260309,7919260310,0,51
7919260310,7919321063,0,55
7919260310,7919321061,0,58
7919260310,7919260309,0,77
7919260311,7919260312,0,94
7919260312,3774471472,0,98
7919260312,7919321063,0,72
7919260312,7919260311,0,79
7919260313,3774471472,0,90
7919260314,2841519252,0,83
7919260314,7919791501,0,86
7919260314,3774476911,0,85
7919260317,9781573045,0,61
7919260317,6866165597,0,74
7919260317,7919321058,0,50
7919260319,2841519818,0,69
7919260320,2841519818,0,55
7919260322,7919260323,0,85
7919260322,3774476911,0,50
7919260322,7919321043,0,98
7919260323,7919260322,0,86
7919260323,7919791501,0,73
7919260323,7919791511,0,58
7919260330,7919791509,0,54
7919260330,7919791511,0,100
7919260330,7919321043,0,79
7919260331,7919791509,0,73
7919260331,7919321042,0,71
7919260331,2841519799,0,82
7919260333,7919321037,0,70
7919260333,2841519547,0,57
7919260333,7919260335,0,79
7919260335,7919321040,0,81
7919260335,6146840836,0,79
7919260335,7919260337,0,68
7919260335,7919260333,0,95
7919260337,7919260338,0,55
7919260337,7919321013,0,92
7919260337,7919321009,0,97
7919260337,7919260335,0,58
7919260338,7919260337,0,81
7919321004,7919321005,0,68
7919321005,2841519799,0,74
7919321005,2841519780,0,88
7919321005,7919321004,0,61
7919321005,7919321012,0,100
7919321007,7919321012,0,54
7919321009,7919321010,0,56
7919321009,7919260337,0,84
7919321009,7919321012,0,93
7919321009,2841519780,0,91
7919321010,5446790760,0,85
7919321010,7919321009,0,59
7919321011,5446790760,0,67
7919321012,7919321007,0,55
7919321012,7919321009,0,88
7919321012,7919321005,0,95
7919321013,6146840832,0,87
7919321013,7919791491,0,75
7919321013,7919260337,0,58
7919321013,6146840836,0,77
7919321019,7919321020,0,67
7919321019,5446790679,0,61
7919321019,7919791491,0,60
7919321020,7919321021,0,59
7919321020,7919321019,0,88
7919321020,7919321034,0,80
7919321020,2841519795,0,71
7919321021,7919075898,0,82
7919321021,7919321020,0,87
7919321021,7919321034,0,54
7919321021,2841519782,0,78
7919321034,2841520027,0,53
7919321034,7919321021,0,95
7919321034,7919321020,0,66
7919321035,7919321036,0,96
7919321036,6146840836,0,96
7919321036,7919260295,0,73
7919321036,7919321035,0,67
7919321037,3774471476,0,58
7919321037,7919260333,0,56
7919321037,7919321040,0,85
7919321040,2841519780,0,72
7919321040,7919260335,0,93
7919321040,7919321037,0,68
7919321041,7919321042,0,73
7919321042,7919260331,0,81
7919321042,3774471476,0,52
7919321042,7919321043,0,70
7919321042,7919321041,0,77
7919321043,7919260322,0,99
7919321043,7919321042,0,82
7919321043,7919260330,0,58
7919321043,3774471473,0,50
7919321047,6866165597,0,86
7919321052,2841519254,0,59
7919321052,2841519239,0,58
7919321052,6866165597,0,73
7919321057,7919321058,0,81
7919321058,6866165598,0,50
7919321058,7919321057,0,95
7919321058,7919260317,0,86
7919321058,7919321064,0,51
7919321060,7919321061,0,96
7919321061,7919260310,0,53
7919321061,7919260297,0,54
7919321061,7919321060,0,90
7919321062,7919321063,0,75
7919321063,7919260312,0,64
7919321063,7919260310,0,95
7919321063,7919321062,0,71
7919321064,7919321058,0,76
7919321070,6866111150,0,67
7919321072,2841519232,0,53
7919321072,2841519224,0,79
7919321072,7919466758,0,60
7919321072,6866165601,0,63
7919321073,7919466760,0,58
7919321073,7919466754,0,67
7919321073,12221732757,0,80
7919321073,3774476898,0,61
7919453761,7919453904,0,82
7919453761,7919453895,0,60
7919453761,7919453762,0,85
7919453762,7919453761,0,89
7919453766,7919453904,0,70
7919453777,7782847278,0,96
7919453890,7919453894,0,100
7919453890,2837286225,0,67
7919453890,7919453908,0,50
7919453894,7919453890,0,53
7919453895,7919453761,0,55
7919453895,2837286151,0,81
7919453895,3774476900,0,83
7919453895,7919453913,0,91
7919453896,7919453904,0,83
7919453896,7919453906,0,61
7919453896,7919453905,0,60
7919453896,2837286225,0,94
7919453904,7919453896,0,66
7919453904,7919453761,0,95
7919453904,7919453766,0,78
7919453905,7919453896,0,65
7919453906,7919453896,0,55
7919453907,7919453908,0,58
7919453908,7919453907,0,76
7919453908,7919453890,0,54
7919453908,11621782210,0,74
7919453909,7919453911,0,84
7919453910,7919453911,0,100
7919453911,7919453910,0,99
7919453911,7919453909,0,73
7919453911,7919453913,0,50
7919453911,7919946459,0,80
7919453912,7919453913,0,54
7919453913,7919453911,0,53
7919453913,7919453914,0,100
7919453913,7919453912,0,72
7919453913,7919453895,0,85
7919453914,7919453913,0,91
7919466720,7919466723,0,94
7919466720,7920095728,0,98
7919466720,12196333610,0,53
7919466720,2837286359,0,55
7919466723,2841519095,0,57
7919466723,7919466720,0,86
7919466723,7919466735,0,73
7919466723,3774476896,0,50
7919466732,7919466733,0,89
7919466733,7919466734,0,61
7919466733,7919466732,0,79
7919466733,3774476877,0,56
7919466734,7919466733,0,92
7919466735,2841519219,0,55
7919466735,2841519218,0,70
7919466735,7919466723,0,61
7919466753,7678777488,0,77
7919466754,7919321073,0,55
7919466756,7919466758,0,97
7919466758,7919466756,0,52
7919466758,2841519224,0,97
7919466758,7919321072,0,73
7919466759,7919466760,0,64
7919466760,7919321073,0,100
7919466760,7919466761,0,78
7919466760,7919466759,0,53
7919466760,2841519095,0,86
7919466761,7919466760,0,58
7919466762,3774476898,0,62
7919466763,3774476898,0,52
7919466764,7919466773,0,52
7919466764,7919466775,0,79
7919466764,7782847271,0,54
7919466765,3774476892,0,77
7919466766,3774476892,0,87
7919466767,3774476892,0,70
7919466768,7919466769,0,93
7919466769,3774476892,0,50
7919466769,3774476890,0,50
7919466769,7919552451,0,80
7919466769,7919466768,0,66
7919466770,7919466772,0,94
7919466771,7919466772,0,91
7919466772,7919466771,0,55
7919466772,7919466770,0,82
7919466772,7919466773,0,86
7919466773,2837286225,0,100
7919466773,7919466764,0,69
7919466773,7919466772,0,85
7919466774,7919466775,0,95
7919466775,7919466764,0,70
7919466775,2841519057,0,94
7919466775,7919466774,0,68
7919552451,7919466769,0,64
7919552452,7919552457,0,91
7919552453,7919552458,0,59
7919552455,3774476886,0,86
7919552455,7919552458,0,83
7919552455,3774476882,0,79
7919552457,7919552458,0,76
7919552457,3774476886,0,87
7919552457,7919552452,0,85
7919552458,7919552455,0,86
7919552458,7919552457,0,63
7919552458,7919552453,0,76
7919552459,7919570648,0,72
7919552460,2837285818,0,58
7919552460,3774435071,0,88
7919552460,7919570648,0,66
7919570648,3774476869,0,67
7919570648,7919552459,0,80
7919570648,7919552460,0,99
7919570661,7919570664,0,57
7919570662,2837285796,0,76
7919570662,2837285860,0,96
7919570662,7919570664,0,55
7919570662,2837286086,0,89
7919570663,3774476860,0,100
7919570663,7919570664,0,96
7919570663,2837285796,0,82
7919570664,7919570662,0,59
7919570664,7919570661,0,80
7919570664,7919570663,0,62
7919570664,2837286081,0,69
7919578569,7919578570,0,84
7919578569,7919578573,0,55
7919578569,7940724239,0,63
7919578570,7919578569,0,99
7919578573,7919578569,0,96
7919609013,2837285826,0,99
7919609014,7919609016,0,54
7919609016,2837285876,0,52
7919609016,2837285862,0,66
7919609016,7919609014,0,71
7919609017,3773056290,0,52
7919609018,7912298329,0,59
7919609018,2837285897,0,72
7919609018,7919609022,0,99
7919609020,3773056274,0,85
7919609020,3773056304,0,92
7919609020,3773056294,0,89
7919609021,2837286012,0,75
7919609021,2837285897,0,64
7919609021,7919609022,0,93
7919609022,7919609018,0,61
7919609022,3773056273,0,54
7919609022,7919609021,0,79
7919609022,7912298329,0,68
7919609023,2837285764,0,63
7919609024,3773056263,0,100
7919609025,3773056287,0,100
7919609027,3773056299,0,96
7919609028,3773056299,0,73
7919717022,3776117081,0,78
7919717022,2837285884,0,66
7919717022,3776117084,0,83
7919717025,3776117081,0,98
7919717033,3776117115,0,65
7919717033,2837286188,0,71
7919717033,2841519084,0,59
7919717048,7919717075,0,76
7919717048,3776117118,0,83
7919717048,7919717067,0,53
7919717050,2841519051,0,75
7919717050,7919717068,0,67
7919717050,2841519047,0,84
7919717067,7920156496,0,77
7919717067,7919717048,0,52
7919717067,7920095752,0,97
7919717068,7919717050,0,77
7919717068,7920156496,0,78
7919717068,7920095752,0,62
7919717073,2841350914,0,87
7919717074,3430413747,0,85
7919717074,3776117115,0,64
7919717074,2841519060,0,95
7919717074,2837286188,0,66
7919717075,2841519051,0,69
7919717075,2841519060,0,84
7919717075,7919717048,0,82
7919737195,2841350981,0,62
7919737195,7904080487,0,85
7919737195,3776112474,0,69
7919737199,2841519490,0,61
7919737199,2841519475,0,70
7919737199,2841519483,0,64
7919791487,7919170744,0,74
7919791487,2841519849,0,90
7919791487,3776308693,0,69
7919791490,6146840832,0,75
7919791490,7919791491,0,58
7919791491,7919321013,0,84
7919791491,7919791490,0,53
7919791491,7919321019,0,71
7919791491,7919791496,0,71
7919791496,7919791491,0,53
7919791497,7919791526,0,78
7919791497,3774476900,0,78
7919791497,2841519252,0,67
7919791498,7919791500,0,95
7919791499,7919791500,0,53
7919791500,7919791501,0,75
7919791500,7919791498,0,73
7919791500,7919791499,0,78
7919791501,7919260314,0,89
7919791501,7919791500,0,71
7919791501,7919260323,0,72
7919791503,7920095703,0,55
7919791503,7920000370,0,73
7919791503,3773109028,0,75
7919791503,6146840839,0,60
7919791504,7920095703,0,63
7919791504,7920016286,0,86
7919791504,7919791507,0,61
7919791504,2841519869,0,96
7919791507,7919946385,0,50
7919791507,7919791510,0,88
7919791507,7919791504,0,52
7919791508,7919791519,0,84
7919791508,7919946385,0,71
7919791508,7919946419,0,99
7919791508,7919946418,0,70
7919791509,7919260331,0,56
7919791509,7919260330,0,52
7919791509,7919791514,0,81
7919791510,7919946386,0,90
7919791510,7919791507,0,94
7919791510,7919945378,0,69
7919791511,7919260330,0,96
7919791511,7919791513,0,51
7919791511,7919260323,0,92
7919791512,7919791513,0,88
7919791513,7919791511,0,56
7919791513,7919791516,0,64
7919791513,7919791512,0,56
7919791513,7919791514,0,55
7919791514,7919791509,0,56
7919791514,7919791517,0,79
7919791514,7919791513,0,99
7919791515,7919791516,0,82
7919791516,7919791513,0,74
7919791516,7919791520,0,56
7919791516,7919791515,0,88
7919791516,7919791517,0,93
7919791517,7919791514,0,51
7919791517,7919791519,0,59
7919791517,7919791516,0,71
7919791518,7919791519,0,68
7919791519,7919791517,0,95
7919791519,7919791508,0,78
7919791519,7919791520,0,93
7919791519,7919791518,0,74
7919791520,7919791516,0,53
7919791520,7919946419,0,93
7919791520,7919791521,0,94
7919791520,7919791519,0,61
7919791521,7919791520,0,60
7919791526,3774476901,0,90
7919791526,7919791497,0,51
7919791526,7919791527,0,75
7919791527,7919791526,0,95
7919945378,7919945384,0,89
7919945378,7919791510,0,73
7919945378,7919945379,0,64
7919945379,7919945378,0,70
7919945384,7919945378,0,67
7919945384,7919946422,0,94
7919945384,7919946392,0,55
7919946385,7919791508,0,93
7919946385,7919791507,0,61
7919946385,7919946386,0,50
7919946386,7919946419,0,55
7919946386,7919791510,0,92
7919946386,7919946422,0,58
7919946386,7919946385,0,61
7919946392,7919946421,0,78
7919946392,3774476902,0,70
7919946392,7919945384,0,100
7919946408,7919946411,0,100
7919946411,3774476902,0,86
7919946411,7919946408,0,72
7919946411,7919946415,0,53
7919946415,7919946411,0,50
7919946418,7919791508,0,60
7919946419,7919791520,0,76
7919946419,7919946386,0,98
7919946419,7919791508,0,94
7919946419,7919946421,0,53
7919946421,7919946392,0,55
7919946421,7919946422,0,70
7919946421,7919946419,0,57
7919946422,7919945384,0,71
7919946422,7919946386,0,63
7919946422,7919946421,0,96
7919946423,2837286177,0,61
7919946424,7919946426,0,72
7919946426,2837286177,0,91
7919946426,2837286203,0,93
7919946426,7919946424,0,93
7919946427,7919946428,0,87
7919946428,7919946429,0,66
7919946428,7919946427,0,78
7919946428,7919946454,0,90
7919946428,7919946453,0,89
7919946429,7919946453,0,71
7919946429,2837286231,0,52
7919946429,7919946428,0,78
7919946430,7919946431,0,68
7919946431,7919946432,0,52
7919946431,7919946430,0,81
7919946431,7919946454,0,56
7919946431,7919946444,0,98
7919946432,7919946455,0,78
7919946432,2837286256,0,95
7919946432,7919946431,0,62
7919946435,2841299881,0,58
7919946435,2837286275,0,79
7919946435,7919946437,0,88
7919946436,2841299880,0,85
7919946437,7919946435,0,53
7919946444,7919946431,0,72
7919946453,2837286203,0,95
7919946453,7919946429,0,97
7919946453,7919946428,0,87
7919946454,7919946428,0,93
7919946454,7919946431,0,73
7919946454,7919946455,0,91
7919946454,7920095704,0,51
7919946455,2837286231,0,64
7919946455,7919946432,0,92
7919946455,7919946454,0,98
7919946459,7919453911,0,54
7919946476,2837286335,0,53
7919946477,3773056322,0,50
7919946478,3773056322,0,75
7919946478,2837286237,0,68
7919946478,7919946492,0,93
7919946479,3773056327,0,89
7919946481,7919946492,0,63
7919946481,2837286157,0,69
7919946481,7919946494,0,99
7919946481,3430413743,0,96
7919946482,7919946483,0,50
7919946483,7919946494,0,63
7919946483,10807062462,0,94
7919946483,7919946482,0,87
7919946485,7919946486,0,57
7919946486,7919946485,0,50
7919946486,3773056333,0,67
7919946486,3773056327,0,72
7919946492,7919946481,0,58
7919946492,3773056327,0,52
7919946492,7919946478,0,63
7919946493,7919946494,0,77
7919946494,7919946481,0,52
7919946494,7919946483,0,82
7919946494,7919946493,0,89
7920000370,7919791503,0,94
7920016285,3774471495,0,98
7920016285,3774471497,0,68
7920016285,6146840839,0,54
7920016286,7919791504,0,54
7920016294,3774471489,0,84
7920016295,7920016296,0,69
7920016296,5446790681,0,90
7920016296,7920016295,0,89
7920016297,7920016298,0,56
7920016298,3774471493,0,64
7920016298,7920016297,0,91
7920016298,9781573044,0,71
7920016299,5446790680,0,89
7920016299,3774471490,0,89
7920016308,3773109064,0,61
7920016308,7920016310,0,84
7920016308,7920016309,0,72
7920016309,3773109051,0,72
7920016309,7920016308,0,98
7920016309,3773109039,0,98
7920016310,7920016308,0,65
7920016310,7920016313,0,73
7920016310,7920016311,0,93
7920016311,7920016314,0,86
7920016311,3773109051,0,71
7920016311,7920016310,0,59
7920016313,7920016310,0,52
7920016313,3774471492,0,73
7920016313,7920016314,0,74
7920016314,7920016311,0,54
7920016314,7920016313,0,52
7920016314,3774471492,0,53
7920016332,5446790684,0,76
7920016339,7920016340,0,81
7920016340,7920095699,0,86
7920016340,7920016339,0,86
7920016340,3773109098,0,50
7920016344,3773109073,0,91
7920016344,7920095699,0,51
7920016344,7920016345,0,75
7920016345,3773109098,0,86
7920016345,7927950605,0,77
7920016345,7920016346,0,85
7920016345,7920016344,0,53
7920016346,5446790686,0,54
7920016346,7920016345,0,84
7920016348,3773056438,0,74
7920095696,2837286096,0,95
7920095697,2837286091,0,78
7920095697,3773056311,0,80
7920095697,2837286096,0,66
7920095698,7920095699,0,52
7920095699,7920016344,0,99
7920095699,7920016340,0,94
7920095699,7920095698,0,65
7920095700,7920095703,0,80
7920095703,7919791504,0,82
7920095703,7919791503,0,67
7920095703,7920095700,0,94
7920095704,7919946454,0,93
7920095716,7919260306,0,58
7920095716,2841519533,0,95
7920095716,7920095717,0,63
7920095717,7919260297,0,92
7920095717,2841519478,0,62
7920095717,7920095716,0,86
7920095719,7920095725,0,68
7920095724,2841519219,0,69
7920095724,7920095726,0,87
7920095724,7920095725,0,94
7920095725,7920095719,0,73
7920095725,7920095726,0,64
7920095725,7920095724,0,51
7920095726,7920095725,0,50
7920095726,7918985607,0,75
7920095726,7920095724,0,81
7920095728,2837286106,0,79
7920095728,2841350925,0,74
7920095728,7919466720,0,98
7920095729,2841350909,0,60
7920095729,2841350936,0,71
7920095729,7920095730,0,70
7920095729,2841350925,0,50
7920095730,2841350910,0,63
7920095730,2841350958,0,60
7920095730,7920095731,0,90
7920095730,7920095729,0,72
7920095731,2841350924,0,50
7920095731,2841350929,0,54
7920095731,7920095730,0,81
7920095735,2841519057,0,63
7920095735,2841519049,0,74
7920095735,7678777488,0,70
7920095736,2841350904,0,66
7920095736,2841350901,0,58
7920095736,7920095737,0,75
7920095737,2837285883,0,61
7920095737,2841349289,0,68
7920095737,7920095736,0,56
7920095738,2841349297,0,79
7920095738,7920095739,0,84
7920095738,2841349298,0,66
7920095738,2841349290,0,61
7920095739,2841349289,0,87
7920095739,2841519015,0,53
7920095739,7920095738,0,90
7920095740,2841349298,0,61
7920095740,2841349296,0,92
7920095740,7920095741,0,86
7920095741,2841350912,0,94
7920095741,3430413734,0,99
7920095741,7920095742,0,59
7920095741,7920095740,0,64
7920095742,2841350916,0,100
7920095742,2837286127,0,64
7920095742,7920095741,0,69
7920095743,2837286139,0,71
7920095743,2841350916,0,56
7920095743,2841350913,0,54
7920095752,7920156496,0,50
7920095752,7919717067,0,97
7920095752,7919717068,0,100
7920115555,11047673504,0,52
7920115555,2845677711,0,86
7920115555,7920115556,0,52
7920115556,2843657620,0,91
7920115556,2843657636,0,76
7920115556,7920115555,0,93
7920115556,7920173389,0,52
7920156496,7919717068,0,72
7920156496,7919717067,0,65
7920156496,7920095752,0,50
7920156496,2841519051,0,90
7920173389,3140039549,0,98
7920173389,7920115556,0,84
7920173394,2845678006,0,85
7920173394,3774513414,0,76
7920173394,7920173395,0,82
7920173395,3774513419,0,66
7920173395,7879069131,0,65
7920173395,7920173394,0,50
7920173396,13439523989,0,59
7920173396,13439523988,0,57
7920173404,3774513417,0,55
7920173404,3774513411,0,74
7920190465,7920190466,0,75
7920190465,2845678017,0,78
7920190465,11047672367,0,64
7920190466,2843851687,0,100
7920190466,7920190465,0,58
7920190466,2845677867,0,89
7920190470,7879069136,0,50
7920190470,7920190473,0,68
7920190472,3140039547,0,93
7920190472,3140039546,0,71
7920190472,7920190473,0,79
7920190473,7920190474,0,71
7920190473,7920190472,0,98
7920190473,7920190470,0,86
7920190474,7879069137,0,85
7920190474,3140039546,0,100
7920190474,7920190473,0,84
7920190475,2839148782,0,78
7920190475,2839148816,0,70
7920190475,2843657413,0,86
7922104721,7888562523,0,61
7922104721,1880441753,0,55
7922104722,3774513075,0,60
7922104722,7919237081,0,87
7922104723,7922104730,0,97
7922104724,7922104723,0,87
7922104724,2837580335,0,99
7922104728,2843852093,0,77
7922104728,2843852155,0,69
7922104728,7922104723,0,60
7922104729,2843852134,0,75
7922104729,2843852100,0,52
7922104729,7922104728,0,64
7922104730,7891677687,0,65
7922104730,7922104731,0,76
7922104731,2843852105,0,92
7922104731,7922104733,0,61
7922104733,2843852048,0,50
7922104733,7922104722,0,94
7922104751,2843851401,0,59
7922104751,7871304689,0,79
7922705370,3773197362,0,73
7922705370,2837286492,0,72
7922705370,3773197353,0,83
7923076392,8834058217,0,61
7923076394,7923076392,0,54
7923076394,1880442363,0,66
7923076395,2841518402,0,79
7923076395,7923076394,0,79
7923076396,7923076398,0,51
7923076396,3430413476,0,94
7923076397,1880442363,0,88
7923076397,7923076395,0,58
7923076398,4776766927,0,50
7923076398,7923076397,0,78
7923076412,2841299249,0,57
7923076412,1880441825,0,55
7923076412,7923076422,0,72
7923076422,2841299272,0,60
7923076422,9720092724,0,64
7925542882,2843651864,0,95
7925542882,12696384817,0,98
7925542882,2843651882,0,85
7925542884,3777776481,0,50
7925542884,2839148301,0,61
7925542884,7925542882,0,62
7925564685,2839148330,0,77
7925564685,7925542884,0,94
7927123898,6354226242,0,60
7927123898,7927123899,0,56
7927123898,7601260510,0,91
7927123899,7927123898,0,100
7927123899,3140039586,0,88
7927123900,2839149519,0,96
7927123900,2841517747,0,92
7927123900,2839149504,0,60
7927123904,2837285691,0,54
7927123904,2841518967,0,72
7927123904,7904043698,0,83
7927303212,5446791851,0,100
7927303212,3775193899,0,57
7927303212,2986597794,0,83
7927736467,3430413708,0,86
7927736467,2837583947,0,81
7927736467,3774429807,0,96
7927736470,2837583795,0,50
7927736470,3430413707,0,93
7927736470,7927736471,0,73
7927736471,7927736470,0,86
7927736471,2837583729,0,56
7927736471,2837583725,0,77
7927736472,2837285769,0,56
7927736472,2837583724,0,99
7927736472,2837285656,0,57
7927736475,7927736476,0,82
7927736475,2837584113,0,77
7927736476,7927736475,0,63
7927736477,7928154783,0,84
7927736480,3774429820,0,73
7927736481,2837584115,0,71
7927736482,3978313215,0,85
7927736482,7927736483,0,85
7927736483,7927736482,0,55
7927736686,3774429818,0,96
7927736686,3774429821,0,87
7927736686,7927736687,0,70
7927736686,7927786608,0,86
7927736687,3774429827,0,97
7927736687,7927736686,0,79
7927736687,3774429818,0,94
7927736688,3774429813,0,80
7927736688,3774429821,0,60
7927736688,7927786608,0,95
7927736688,7928445790,0,94
7927736699,13338446920,0,56
7927736699,7927786606,0,74
7927736700,3774429827,0,85
7927736700,8855635012,0,83
7927736700,7927786614,0,52
7927736710,2837584123,0,95
7927736713,2837584128,0,53
7927736713,7928191961,0,98
7927786594,7927786595,0,99
7927786594,13338446936,0,71
7927786595,7927786594,0,65
7927786595,2837285769,0,80
7927786595,7927786600,0,84
7927786600,2837285769,0,98
7927786600,2837583731,0,94
7927786600,7927786595,0,88
7927786603,7907993608,0,63
7927786603,2837583938,0,54
7927786604,2837583924,0,85
7927786606,7927736699,0,74
7927786606,7927786608,0,88
7927786606,3774429818,0,59
7927786608,7927736688,0,82
7927786608,7927736686,0,87
7927786608,7927786606,0,80
7927786614,7927736700,0,61
7927786614,3978313215,0,82
7927786614,3774429828,0,67
7927786616,3774429827,0,71
7927786616,3774429828,0,69
7927786616,7928445790,0,53
7927786617,2837286593,0,92
7927786617,7928191968,0,56
7927786617,7927786618,0,82
7927786618,7927786617,0,58
7927786618,7928191947,0,60
7927786624,2837286632,0,96
7927814816,2837286668,0,98
7927814821,2837286644,0,80
7927814821,7927814822,0,60
7927814821,2837286652,0,50
7927814822,7927814823,0,53
7927814822,2837286659,0,61
7927814822,7927814821,0,85
7927814823,3430413843,0,63
7927814823,7927814822,0,89
7927814823,2837286652,0,68
7927947184,7907717476,0,84
7927947184,2837286668,0,58
7927950604,3773109073,0,90
7927950605,7920016345,0,64
7927950605,3773109073,0,58
7927950605,5446790686,0,92
7927950606,10807062463,0,59
7927950611,2837286053,0,53
7927950611,7927950612,0,66
7927950611,2837583939,0,55
7927950612,7927950611,0,67
7927950612,2837583959,0,67
7927950612,2837583936,0,81
7927950622,7927950625,0,67
7927950625,7927950622,0,91
7927950625,2837583713,0,63
7927950625,10807062439,0,96
7927950627,2837286053,0,58
7927950627,2837285895,0,97
7927950627,7927950634,0,83
7927950634,7927950627,0,97
7927950634,10807062443,0,57
7927950634,2837583952,0,54
7928055157,2837286104,0,76
7928055157,7928359036,0,73
7928055157,2837584109,0,86
7928055158,2837584109,0,88
7928055158,2837584112,0,95
7928055158,7928359020,0,62
7928055168,7928055176,0,94
7928055169,7928055176,0,50
7928055176,7928359027,0,93
7928055176,7928055169,0,58
7928055176,7928055168,0,97
7928055177,2837286100,0,90
7928057107,2841299786,0,97
7928057108,3430413705,0,50
7928057108,2837285782,0,58
7928057108,7928057109,0,52
7928057108,2837285788,0,90
7928057109,2837285841,0,63
7928057109,2837285819,0,53
7928057109,7928057108,0,67
7928057110,2837285755,0,95
7928057110,2837285788,0,94
7928057110,2837583719,0,59
7928057110,7928057111,0,64
7928057111,2837583785,0,58
7928057111,7928057110,0,58
7928057111,2837583782,0,95
7928154771,7927786604,0,78
7928154771,13338446926,0,81
7928154773,1880443249,0,72
7928154773,7928188895,0,58
7928154783,7950580654,0,94
7928154783,7927736477,0,56
7928188885,3774429810,0,65
7928188885,13338446923,0,73
7928188891,7928188892,0,95
7928188892,8835391855,0,62
7928188892,7928188891,0,52
7928188893,7928188897,0,99
7928188894,2837584124,0,98
7928188894,7928188895,0,58
7928188895,7928188897,0,82
7928188895,7928188894,0,55
7928188895,7928188892,0,76
7928188896,7928188897,0,71
7928188897,7928188895,0,53
7928188897,7928188893,0,76
7928188897,7928188896,0,66
7928188898,2837584138,0,75
7928188898,7928188899,0,62
7928188899,7928188898,0,50
7928188900,2837584139,0,93
7928188904,3774429845,0,53
7928188904,3774429843,0,72
7928188904,7928188906,0,95
7928188906,7928188908,0,100
7928188906,7928188909,0,88
7928188906,7928188912,0,64
7928188906,7928188904,0,78
7928188907,2837584146,0,79
7928188907,2837584147,0,79
7928188907,7928188908,0,72
7928188908,7928188907,0,75
7928188908,7928188906,0,87
7928188908,2837584160,0,56
7928188909,7928188906,0,89
7928188910,7928188912,0,84
7928188911,7928188912,0,64
7928188912,7928188906,0,58
7928188912,7928188910,0,99
7928188912,7928188911,0,54
7928191925,2837584168,0,93
7928191925,3774468369,0,51
7928191925,7928191941,0,91
7928191941,7928191925,0,60
7928191941,7928191943,0,88
7928191941,7928191943,1,55
7928191942,7928191943,0,76
7928191943,7928191942,0,93
7928191943,7928191941,0,93
7928191943,7928191941,1,97
7928191944,3774468357,0,54
7928191946,2837584134,0,80
7928191947,2837286537,0,69
7928191947,7928191965,0,74
7928191959,7927736482,0,88
7928191959,7928191964,0,52
7928191961,7928191964,0,60
7928191961,7928191962,0,87
7928191961,7927736713,0,97
7928191962,7928191965,0,83
7928191962,7928191961,0,63
7928191962,2837584134,0,57
7928191964,7928191959,0,100
7928191964,7928191961,0,51
7928191964,7928191965,0,66
7928191965,7928191962,0,65
7928191965,7928191947,0,97
7928191965,7928191964,0,84
7928191966,7928191967,0,67
7928191967,7928191966,0,54
7928191967,3774468361,0,89
7928191967,3774468357,0,74
7928191968,7927786617,0,75
7928191968,2837286571,0,60
7928191968,2882561415,0,59
7928191969,7928191972,0,86
7928191972,2837286622,0,55
7928191972,7928191969,0,62
7928191972,11047557301,0,57
7928289800,5446790687,0,76
7928289800,3773109120,0,81
7928289805,7928289809,0,50
7928289805,7928289806,0,82
7928289805,7928289820,0,53
7928289805,2837286160,0,73
7928289806,2841299889,0,75
7928289806,7928289805,0,85
7928289806,2837286294,0,73
7928289809,2841299885,0,76
7928289809,7928289805,0,75
7928289809,7928289810,0,79
7928289809,7928289811,0,98
7928289810,7928289809,0,52
7928289811,2837286187,0,74
7928289811,2841299885,0,64
7928289811,7928289809,0,94
7928289815,2837286187,0,75
7928289817,7928289825,0,59
7928289817,7928289827,0,55
7928289817,7928289820,0,86
7928289817,2837286136,0,82
7928289820,2837286294,0,75
7928289820,7928289805,0,73
7928289820,7928289817,0,73
7928289821,2837286294,0,53
7928289821,2841299870,0,69
7928289821,7928289827,0,87
7928289825,2837286136,0,68
7928289825,2837286160,0,99
7928289825,7928289817,0,98
7928289826,7928289827,0,100
7928289827,7928289817,0,66
7928289827,7928289826,0,69
7928289827,7928289821,0,91
7928289830,2841299892,0,52
7928321524,2837286319,0,78
7928321526,7928321527,0,77
7928321527,2837286319,0,75
7928321527,2841299885,0,62
7928321527,7928321526,0,93
7928321528,2837286174,0,69
7928321529,2837286107,0,88
7928321530,2837286448,0,99
7928321534,7928321535,0,62
7928321535,7928321534,0,95
7928321535,7928321542,0,64
7928321535,7928321536,0,86
7928321536,7928321535,0,76
7928321542,2841299909,0,72
7928321542,2841299913,0,50
7928321542,7928321535,0,69
7928321543,3430413816,0,91
7928321543,2837286532,0,88
7928321543,2841299922,0,74
7928321543,2837286544,0,60
7928321551,7928321552,0,79
7928321551,2841299931,0,62
7928321551,2841299926,0,58
7928321552,2841299933,0,60
7928321552,7928321551,0,74
7928321552,7928321555,0,58
7928321555,3430413830,0,77
7928321555,2841299933,0,57
7928321555,2841299942,0,55
7928321555,7928321552,0,68
7928359015,2841299782,0,59
7928359015,7950757464,0,66
7928359016,7928359015,0,63
7928359016,2841299791,0,100
7928359017,2837583940,0,76
7928359017,7928359016,0,92
7928359018,2837583966,0,58
7928359018,7928359017,0,97
7928359019,2837584109,0,71
7928359019,7928359036,0,91
7928359020,7928055158,0,85
7928359020,7928359019,0,94
7928359021,2837286239,0,70
7928359021,7928359020,0,67
7928359022,2837286262,0,93
7928359022,7928359021,0,59
7928359023,2837286303,0,56
7928359023,2837286279,0,93
7928359024,7928359023,0,82
7928359024,2837286319,0,82
7928359025,2837286421,0,90
7928359025,7928359024,0,52
7928359026,7928445796,0,84
7928359026,7928359051,0,97
7928359027,7928055176,0,81
7928359027,7928359026,0,88
7928359030,7954366882,0,93
7928359030,2575637694,0,89
7928359034,2837286047,0,56
7928359034,2837286043,0,97
7928359034,7928359018,0,89
7928359036,7928055157,0,76
7928359036,2837286111,0,59
7928359036,7928359034,0,90
7928359050,2841299908,0,65
7928359050,7928359051,0,96
7928359051,7928359050,0,69
7928359051,7928359025,0,95
7928443942,2841299785,0,55
7928443949,7928443957,0,92
7928443957,3774431781,0,88
7928443957,7928443949,0,86
7928443957,7928443958,0,93
7928443958,7928443957,0,74
7928443968,2837583790,0,66
7928445787,13338446931,0,64
7928445787,3774431774,0,62
7928445790,3774429821,0,85
7928445790,3774429822,0,71
7928445790,7927786616,0,65
7928445790,7927736688,0,58
7928445796,7928359026,0,96
7928445796,2841299896,0,68
7928445796,2841299896,1,79
7928555510,6354265149,0,61
7928555510,9567527086,0,73
7931217003,7937823256,0,92
7931217003,2839148568,0,53
7931217003,7937823261,0,73
7933770420,7933770425,0,84
7933770420,7933770421,0,65
7933770420,7934422118,0,64
7933770421,2839148385,0,65
7933770421,7933770420,0,66
7933770421,2839148368,0,62
7933770421,7933770423,0,52
7933770423,2839148397,0,94
7933770423,2841298983,0,65
7933770423,9708728530,0,54
7933770423,7933770421,0,55
7933770425,7933770420,0,95
7933770425,2839148356,0,73
7933770425,2839148368,0,92
7933770428,7933770429,0,83
7933770428,2841298981,0,81
7933770428,2839148391,0,75
7933770429,7934422124,0,51
7933770429,7933770428,0,73
7933770429,2839148387,0,96
7933814001,2839148338,0,67
7934076533,2839148261,0,73
7934076535,7934076536,0,79
7934076536,2843651882,0,99
7934076536,7934076535,0,96
7934076536,2845676706,0,74
7934358903,2839148406,0,94
7934422118,7874466992,0,86
7934422118,2839148385,0,93
7934422118,7933770420,0,67
7934422124,7933770429,0,81
7934422124,3776231844,0,71
7934422124,7934422142,0,100
7934422142,2841298981,0,79
7934422142,2839148403,0,75
7934422142,7934422124,0,87
7937080155,3430413601,0,95
7937080155,3777944403,0,96
7937080158,2837284949,0,67
7937080158,7916518487,0,96
7937080158,7937080155,0,99
7937080177,3773464351,0,90
7937507146,1880441575,0,71
7937507146,2839149316,0,62
7937507146,2839149322,0,73
7937507147,2839149346,0,65
7937507147,1880441575,0,77
7937823233,7937823234,0,73
7937823234,2839148655,0,86
7937823234,2841299015,0,80
7937823234,7937823233,0,67
7937823234,7937823235,0,75
7937823235,7937823234,0,74
7937823237,2841299015,0,96
7937823238,7937823239,0,88
7937823239,7937823242,0,99
7937823239,7937823238,0,82
7937823239,7937823240,0,74
7937823239,2841299015,0,54
7937823240,7937823239,0,77
7937823241,7937823242,0,63
7937823242,7937823239,0,67
7937823242,7937823246,0,58
7937823242,7937823243,0,55
7937823242,7937823241,0,61
7937823243,7937823242,0,71
7937823245,7937823246,0,68
7937823246,7937823242,0,73
7937823246,2839148621,0,51
7937823246,7937823247,0,84
7937823246,7937823245,0,94
7937823247,7937823246,0,50
7937823248,2839148621,0,86
7937823250,7937823251,0,71
7937823251,2839148621,0,89
7937823251,7937823250,0,69
7937823251,7937823254,0,82
7937823251,2841299008,0,55
7937823253,7937823254,0,71
7937823254,7937823251,0,61
7937823254,7937823253,0,98
7937823254,7937823255,0,75
7937823255,2839148591,0,88
7937823255,7937823254,0,59
7937823255,2839148568,0,70
7937823256,6354338564,0,100
7937823256,7931217003,0,73
7937823256,7937823258,0,86
7937823257,4393488890,0,74
7937823257,7937823258,0,75
7937823257,7937823260,0,69
7937823258,7937823257,0,78
7937823258,7937823256,0,61
7937823258,7937823261,0,57
7937823258,7939035519,0,65
7937823259,2839148587,0,50
7937823259,7937823261,0,79
7937823259,6354340093,0,67
7937823260,6354340093,0,58
7937823260,7937823261,0,65
7937823260,7937823257,0,73
7937823261,7937823259,0,99
7937823261,7937823258,0,95
7937823261,7931217003,0,87
7937823261,7937823260,0,57
7937823262,3776182351,0,67
7937823262,2839148717,0,61
7937823262,7937823263,0,74
7937823263,7937823262,0,57
7937823263,2839148705,0,68
7937823263,9708728522,0,53
7937823270,2841299029,0,92
7937823270,2839148685,0,66
7937823270,7937823271,0,91
7937823271,7937823272,0,84
7937823271,2841299037,0,87
7937823271,7937823270,0,62
7937823272,2839148710,0,65
7937823272,7937823271,0,100
7937823272,7937823273,0,60
7937823273,7937823274,0,76
7937823273,7937823272,0,57
7937823273,7939051732,0,69
7937823274,7937823273,0,99
7937823274,4393488933,0,70
7937823274,2841299037,0,69
7937823275,3776217010,0,63
7937823275,3776217011,0,95
7937823275,7939051732,0,53
7937823276,2839148771,0,78
7937823276,2839148791,0,86
7937823276,7937823359,0,76
7937823277,7937823283,0,64
7937823277,7937823359,0,92
7937823277,4393497634,0,99
7937823278,2839148725,0,79
7937823278,2839148738,0,64
7937823278,7937823284,0,56
7937823278,7937823356,0,93
7937823282,2839148792,0,51
7937823282,2841299083,0,51
7937823282,7937823284,0,84
7937823283,7937823277,0,91
7937823283,7937823284,0,93
7937823283,2839148793,0,96
7937823284,7937823278,0,57
7937823284,7937823283,0,81
7937823284,7937823282,0,83
7937823285,7937823286,0,72
7937823285,2839148818,0,60
7937823285,2841299113,0,59
7937823286,7937823287,0,57
7937823286,4393497646,0,55
7937823286,7937823285,0,73
7937823287,2841299113,0,96
7937823287,4215822826,0,85
7937823287,7937823286,0,78
7937823288,2841299123,0,55
7937823288,7937823365,0,85
7937823288,7937823363,0,67
7937823289,3776182350,0,70
7937823289,11047747919,0,60
7937823289,3776182345,0,63
7937823290,3776217019,0,73
7937823294,7939035540,0,92
7937823294,2839148740,0,67
7937823294,3776217019,0,97
7937823295,2841299076,0,61
7937823295,2839148765,0,77
7937823295,7937823296,0,82
7937823295,7937823298,0,79
7937823296,2841299093,0,66
7937823296,2839148789,0,67
7937823296,7937823295,0,93
7937823296,7937823297,0,91
7937823297,2841299105,0,93
7937823297,7937823296,0,81
7937823297,13607152100,0,53
7937823298,3430413407,0,57
7937823298,7937823295,0,81
7937823298,7937823300,0,62
7937823299,2841299074,0,91
7937823299,2841299067,0,60
7937823299,2841299090,0,91
7937823300,7937823301,0,93
7937823300,2841299076,0,51
7937823300,7937823298,0,94
7937823301,7937823300,0,83
7937823301,2841299080,0,76
7937823301,7937823302,0,100
7937823302,2839148779,0,71
7937823302,2841299084,0,97
7937823302,7937823301,0,59
7937823308,7938695449,0,64
7937823308,4215822995,0,78
7937823308,7938695450,0,79
7937823309,4215822878,0,78
7937823309,2841299139,0,58
7937823309,7937823310,0,86
7937823310,2841299151,0,77
7937823310,4215822800,0,75
7937823310,7937823309,0,93
7937823311,7937823314,0,70
7937823314,2839148941,0,76
7937823314,7938154764,0,62
7937823314,7937823311,0,62
7937823315,2839148941,0,79
7937823318,7937823325,0,50
7937823318,2839148941,0,57
7937823318,7937823327,0,67
7937823325,2839148941,0,53
7937823325,2839254267,0,91
7937823325,7937823318,0,52
7937823327,2839148964,0,98
7937823327,2839148985,0,90
7937823327,7937823318,0,94
7937823336,11368268915,0,72
7937823336,2839254291,0,59
7937823336,2839254288,0,78
7937823338,2833253705,0,84
7937823341,9570156482,0,54
7937823341,7937823342,0,51
7937823342,7937823341,0,73
7937823342,7937823344,0,70
7937823342,7937823345,0,91
7937823343,2833253698,0,83
7937823343,7937823344,0,92
7937823343,7938167098,0,52
7937823344,7937823343,0,52
7937823344,7937823346,0,51
7937823344,7937823342,0,59
7937823345,7937823342,0,80
7937823345,2833253681,0,93
7937823345,2833253698,0,61
7937823346,7937823344,0,96
7937823349,2841517720,0,58
7937823349,2839149306,0,54
7937823349,7937823350,0,69
7937823350,7937823349,0,61
7937823351,7937823352,0,70
7937823351,2841517709,0,79
7937823351,7937864680,0,92
7937823352,2839149284,0,62
7937823352,7937823351,0,57
7937823352,2839149298,0,77
7937823352,7937823353,0,51
7937823353,2839149302,0,88
7937823353,2839149316,0,69
7937823353,7937823352,0,64
7937823355,2841299037,0,86
7937823355,4393488933,0,94
7937823355,4393488905,0,100
7937823356,2839148696,0,57
7937823356,2839148702,0,99
7937823356,7937823278,0,63
7937823357,2839148702,0,98
7937823357,2839148717,0,75
7937823357,7937823358,0,83
7937823358,7937823357,0,90
7937823358,4393497634,0,94
7937823358,4393497637,0,55
7937823359,7937823277,0,81
7937823359,7937823276,0,60
7937823359,9708728523,0,52
7937823361,2841299067,0,62
7937823361,2841299086,0,57
7937823361,2841299073,0,62
7937823362,2841299072,0,74
7937823362,2841299051,0,89
7937823362,2841299070,0,72
7937823363,13607090972,0,72
7937823363,7937823288,0,95
7937823363,3776237372,0,59
7937823365,4215822826,0,83
7937823365,2839148837,0,99
7937823365,7937823288,0,75
7937864609,7937864639,0,61
7937864609,10031455863,0,96
7937864609,2282190221,0,51
7937864610,7937903445,0,88
7937864610,10031455863,0,91
7937864610,3496486695,0,61
7937864611,7937864616,0,86
7937864616,7937864617,0,96
7937864616,7937864611,0,90
7937864616,3496486696,0,81
7937864617,7937864616,0,100
7937864626,7937864630,0,65
7937864630,7937864626,0,72
7937864630,3496486696,0,58
7937864630,7938167180,0,96
7937864639,6354264774,0,73
7937864639,7937864609,0,89
7937864639,3496486695,0,72
7937864640,7937864641,0,92
7937864641,4393288481,0,93
7937864641,7937864640,0,63
7937864651,7937864652,0,65
7937864652,7937864654,0,59
7937864652,7937864651,0,60
7937864653,7937864654,0,59
7937864654,7937864653,0,90
7937864654,7937864656,0,94
7937864655,7937864656,0,99
7937864656,7937864655,0,78
7937864656,11608007559,0,64
7937864657,7937864658,0,94
7937864658,7937864657,0,89
7937864658,7938167094,0,62
7937864658,2833253681,0,83
7937864659,2833253657,0,88
7937864659,7937864662,0,88
7937864662,2839149362,0,61
7937864662,7938167094,0,50
7937864662,7937864659,0,68
7937864663,2839149214,0,73
7937864663,2839149215,0,80
7937864663,7937864664,0,94
7937864664,3496959648,0,94
7937864664,7937864663,0,100
7937864665,2839149359,0,64
7937864665,7937864666,0,100
7937864665,7938167092,0,72
7937864666,7937864665,0,64
7937864666,7937864670,0,58
7937864666,9202041444,0,64
7937864667,7937864668,0,77
7937864668,7937864670,0,77
7937864668,7937864667,0,55
7937864668,2839149257,0,82
7937864669,7937864670,0,72
7937864670,7937864668,0,52
7937864670,7937864669,0,80
7937864670,7937864666,0,75
7937864672,2841514580,0,55
7937864673,2839149073,0,53
7937864674,1880441533,0,85
7937864674,2839149240,0,79
7937864674,2841517705,0,52
7937864680,7937823351,0,82
7937864680,2839149298,0,61
7937864680,7938328064,0,74
7937864683,7937877986,0,88
7937864684,7937877990,0,81
7937864684,4393289489,0,100
7937864684,7937877986,0,57
7937877985,7937877986,0,98
7937877985,2839149068,0,82
7937877985,7939035579,0,60
7937877986,7937864684,0,62
7937877986,7937864683,0,74
7937877986,7937877987,0,52
7937877986,7937877985,0,56
7937877987,7937877986,0,50
7937877987,7939035579,0,81
7937877988,2839149068,0,57
7937877989,7937877990,0,59
7937877990,2839149068,0,75
7937877990,7937864684,0,56
7937877990,7937877989,0,72
7937877992,4168930351,0,91
7937877992,2837580079,0,85
7937877992,7937877993,0,64
7937877993,7937877992,0,85
7937878025,2837580333,0,93
7937878044,7937878045,0,85
7937878044,7938167109,0,90
7937878044,7938167110,0,61
7937878045,2839149353,0,95
7937878045,7937878044,0,55
7937878045,2833253677,0,81
7937903393,2841299025,0,92
7937903393,9708728522,0,100
7937903393,2841299026,0,90
7937903393,9708728518,0,77
7937903406,7937903413,0,95
7937903407,7937903413,0,98
7937903407,4393488921,0,66
7937903407,4462483448,0,84
7937903408,7937903413,0,66
7937903413,7937903407,0,99
7937903413,7937903406,0,75
7937903413,7937903408,0,80
7937903421,2833253594,0,62
7937903421,7937903437,0,70
7937903421,7937903423,0,78
7937903423,3486302023,0,98
7937903423,2839148734,0,66
7937903423,7937903421,0,58
7937903424,3774534348,0,59
7937903424,2833253625,0,63
7937903424,3774534345,0,63
7937903425,7937903426,0,94
7937903426,7937903425,0,59
7937903426,4650003425,0,59
7937903429,3488732728,0,60
7937903429,3488732730,0,95
7937903429,2839148900,0,82
7937903429,2839148868,0,51
7937903437,7937903421,0,90
7937903437,3488732723,0,56
7937903437,7937903438,0,98
7937903438,7937903443,0,88
7937903438,7937903437,0,68
7937903438,7939035536,0,66
7937903442,7937903443,0,59
7937903443,7937903438,0,72
7937903443,7937903442,0,85
7937903443,3488732725,0,92
7937903445,9720315808,0,97
7937903445,7937864610,0,86
7937903445,10031455863,0,59
7938154753,2839148568,0,95
7938154753,7939035492,0,92
7938154753,2839148587,0,93
7938154754,7938154755,0,90
7938154755,2839148558,0,61
7938154755,7938154754,0,61
7938154755,2839148536,0,96
7938154756,2839148591,0,72
7938154764,7937823314,0,75
7938154764,2839148943,0,53
7938154764,11365907336,0,74
7938154765,2839148937,0,61
7938154765,11365919017,0,89
7938154765,11047647264,0,71
7938154766,2839148909,0,63
7938154766,11365919016,0,73
7938154766,2839148864,0,91
7938154767,11047647264,0,53
7938154767,2839148912,0,74
7938154767,11365919016,0,65
7938154770,7938154771,0,90
7938154771,2839254284,0,100
7938154771,8834201097,0,96
7938154771,7938154770,0,80
7938154772,2839149051,0,65
7938154772,2837579689,0,54
7938154772,11365891447,0,91
7938154774,2839149106,0,57
7938154777,2839149411,0,84
7938154777,2839149381,0,53
7938154777,7938154780,0,67
7938154780,7938167100,0,75
7938154780,3430413450,0,93
7938154780,7938154777,0,100
7938154783,11664696184,0,81
7938154783,7938167092,0,67
7938154783,7938167092,1,56
7938167092,7938154783,0,65
7938167092,7938154783,1,50
7938167092,7937864665,0,81
7938167093,7938167094,0,92
7938167093,7937864659,0,70
7938167094,7938167093,0,64
7938167094,7937864662,0,85
7938167094,7937864658,0,69
7938167097,7938167098,0,99
7938167098,2833253706,0,57
7938167098,7938167097,0,91
7938167098,7937823343,0,85
7938167100,2839149421,0,70
7938167100,2839149447,0,59
7938167100,7938154780,0,50
7938167101,2833253694,0,92
7938167101,2833253697,0,54
7938167101,7938167102,0,64
7938167102,7938167101,0,99
7938167102,2839149420,0,74
7938167102,2839149430,0,61
7938167107,7871074732,0,75
7938167107,7938167108,0,92
7938167108,7938167109,0,53
7938167108,7938167107,0,82
7938167108,7938167116,0,100
7938167109,7938167108,0,68
7938167109,2833253695,0,92
7938167109,7937878044,0,75
7938167110,2833253687,0,64
7938167110,7937878044,0,86
7938167110,7938167116,0,96
7938167116,1880441596,0,80
7938167116,7938167108,0,92
7938167116,7938167110,0,73
7938167117,7938167118,0,74
7938167118,12200612792,0,54
7938167118,7938167117,0,70
7938167118,7938167120,0,96
7938167119,7938167120,0,67
7938167120,7938167119,0,100
7938167120,1880441591,0,80
7938167120,7938167118,0,52
7938167121,12200612790,0,73
7938167121,12200612792,0,70
7938167121,12200612791,0,66
7938167131,6357870907,0,86
7938167131,7938334088,0,54
7938167131,12198873330,0,61
7938167180,7937864630,0,90
7938167182,2839149077,0,92
7938167195,2839148959,0,54
7938167195,2839148903,0,73
7938167196,7938695469,0,55
7938167198,7938167199,0,77
7938167199,7938167201,0,96
7938167199,7938167198,0,67
7938167199,3774534347,0,54
7938167200,7938167201,0,54
7938167201,7938167199,0,86
7938167201,3774534345,0,99
7938167201,7938167200,0,93
7938328005,7938328006,0,71
7938328006,7938328005,0,71
7938328006,7928555510,0,77
7938328007,2837579823,0,67
7938328012,6354264758,0,51
7938328012,7938328007,0,86
7938328025,7938328053,0,92
7938328025,7938328049,0,55
7938328026,7938328027,0,86
7938328027,7938328026,0,96
7938328027,7938328025,0,74
7938328028,7938328049,0,87
7938328028,7938328028,0,63
7938328049,7938328028,0,87
7938328049,7938328053,0,70
7938328049,7938328025,0,78
7938328053,7938328012,0,85
7938328053,7938328049,0,81
7938328054,7938328055,0,72
7938328055,7938328054,0,61
7938328055,6354264748,0,53
7938328064,7937864680,0,80
7938328064,7938334087,0,50
7938328064,7938334086,0,58
7938328072,7938328074,0,51
7938328074,7938334087,0,66
7938328074,7938334086,0,60
7938328074,7938328072,0,77
7938334086,12622884436,0,60
7938334086,7938328064,0,92
7938334086,7938328074,0,50
7938334087,7938328074,0,54
7938334087,7938328064,0,89
7938334087,1880441505,0,91
7938334088,7938334098,0,81
7938334088,7938334098,1,56
7938334088,7938167131,0,58
7938334098,2837579823,0,96
7938334098,7938334088,0,92
7938334098,7938334088,1,55
7938695432,3776182348,0,59
7938695432,3776182344,0,69
7938695432,7938695433,0,54
7938695433,2839148715,0,62
7938695433,7938695434,0,86
7938695433,7938695432,0,65
7938695433,3496451207,0,98
7938695434,2839148726,0,95
7938695434,2841299051,0,77
7938695434,7938695433,0,89
7938695434,7938695459,0,75
7938695435,2839148803,0,79
7938695435,2839148829,0,84
7938695435,2839148805,0,86
7938695436,2839148829,0,91
7938695436,2839148807,0,79
7938695436,2841299113,0,75
7938695436,2839148805,0,52
7938695437,2839148803,0,86
7938695437,2841299072,0,83
7938695437,7938695438,0,80
7938695438,2841299071,0,63
7938695438,2841299087,0,54
7938695438,7938695437,0,60
7938695438,7938695442,0,77
7938695442,2841299065,0,81
7938695442,2841299062,0,80
7938695442,7938695438,0,64
7938695443,7938695445,0,55
7938695444,2839148731,0,88
7938695444,2839148760,0,99
7938695444,7938695445,0,61
7938695445,7938695443,0,58
7938695445,7938695444,0,78
7938695445,4393497637,0,91
7938695449,9576044158,0,74
7938695449,7937823308,0,93
7938695449,2839148877,0,98
7938695450,2839148889,0,51
7938695450,2841299157,0,79
7938695450,7937823308,0,71
7938695455,2841299150,0,94
7938695455,2841299149,0,86
7938695455,7938695456,0,83
7938695456,3776237374,0,84
7938695456,7938695455,0,89
7938695456,2841299156,0,80
7938695458,4215821072,0,91
7938695458,2841299156,0,84
7938695458,2841299146,0,76
7938695459,2839148740,0,72
7938695459,7938695460,0,65
7938695459,7938695434,0,90
7938695460,2841299057,0,63
7938695460,7938695459,0,90
7938695460,2841299060,0,93
7938695461,2839148868,0,86
7938695463,7938695464,0,94
7938695464,2833253594,0,94
7938695464,7938695463,0,69
7938695464,9708719614,0,62
7938695469,2839148734,0,57
7938695469,7938167196,0,88
7938695469,2833253594,0,55
7939035488,2839148591,0,90
7939035488,6354338564,0,99
7939035488,2839148599,0,74
7939035491,7939035492,0,71
7939035492,7938154753,0,69
7939035492,2839148558,0,62
7939035492,7939035491,0,51
7939035493,2839148655,0,82
7939035495,2839148655,0,93
7939035496,7939035497,0,96
7939035497,3776190911,0,100
7939035497,7939035496,0,87
7939035497,2839148655,0,90
7939035498,7939035499,0,71
7939035498,7939035500,0,61
7939035498,7939035503,0,64
7939035499,2841299021,0,57
7939035499,7939035498,0,59
7939035499,7939035501,0,52
7939035500,7939035501,0,60
7939035500,3776190911,0,57
7939035500,7939035498,0,87
7939035501,2839148668,0,54
7939035501,7939035500,0,72
7939035501,7939035499,0,51
7939035502,7939035503,0,99
7939035503,7939035505,0,72
7939035503,7939035502,0,81
7939035503,2841299021,0,74
7939035503,7939035498,0,67
7939035504,7939035505,0,68
7939035505,7939035503,0,86
7939035505,7939035504,0,90
7939035505,7939035507,0,79
7939035506,7939035507,0,68
7939035507,7939035509,0,80
7939035507,7939035506,0,50
7939035507,7939035505,0,95
7939035508,7939035509,0,53
7939035509,7939035507,0,50
7939035509,7939035511,0,58
7939035509,7939035508,0,76
7939035510,7939035511,0,85
7939035511,7939035509,0,79
7939035511,7939035513,0,75
7939035511,7939035510,0,69
7939035512,7939035513,0,69
7939035513,7939035511,0,84
7939035513,7939035512,0,92
7939035513,7939035517,0,98
7939035516,7939035517,0,77
7939035517,7939035516,0,81
7939035517,7939035513,0,75
7939035517,2839148700,0,69
7939035519,7937823258,0,86
7939035519,6354338564,0,78
7939035519,4393488890,0,87
7939035520,7939035521,0,78
7939035521,7939035520,0,69
7939035521,7871811342,0,55
7939035521,7939035523,0,76
7939035522,7939035523,0,62
7939035523,3486302023,0,74
7939035523,7939035522,0,72
7939035523,7939035521,0,77
7939035536,2839148880,0,94
7939035536,2839148923,0,52
7939035536,7937903438,0,66
7939035537,7939035539,0,71
7939035539,7939035540,0,52
7939035539,2839148743,0,51
7939035539,7939035537,0,76
7939035540,7937823294,0,65
7939035540,7939035539,0,72
7939035540,2839148752,0,70
7939035541,2841299098,0,94
7939035541,7939035542,0,64
7939035541,4655025589,0,80
7939035542,4655020791,0,62
7939035542,2839148823,0,52
7939035542,7939035543,0,87
7939035542,7939035541,0,97
7939035543,2839148831,0,74
7939035543,4655020792,0,67
7939035543,7939035544,0,86
7939035543,7939035542,0,77
7939035544,4653451691,0,89
7939035544,3430413414,0,61
7939035544,7939035545,0,79
7939035544,7939035543,0,78
7939035545,2839148843,0,55
7939035545,4653450498,0,57
7939035545,7939035546,0,90
7939035545,7939035544,0,86
7939035546,2839148851,0,91
7939035546,2841299139,0,72
7939035546,7939035545,0,58
7939035546,4653450995,0,86
7939035547,7939035548,0,94
7939035548,7939035550,0,74
7939035548,7939035547,0,64
7939035548,2841299129,0,70
7939035549,7939035550,0,63
7939035550,2841299153,0,53
7939035550,7939035548,0,94
7939035550,7939035549,0,73
7939035551,7939035554,0,87
7939035554,2841299129,0,79
7939035554,2839148857,0,96
7939035554,7939035551,0,50
7939035558,7939035559,0,61
7939035559,2839148996,0,73
7939035559,2839149019,0,72
7939035559,7939035558,0,57
7939035561,2839149048,0,60
7939035561,2841299163,0,83
7939035561,2839149147,0,60
7939035579,7937864652,0,79
7939035579,7937877985,0,76
7939051732,7939051733,0,93
7939051732,7937823275,0,63
7939051732,7937823273,0,77
7939051733,7939051732,0,69
7939051733,2841299083,0,65
7939051733,4215822853,0,55
7939051737,3776182348,0,70
7939051737,11047747919,0,89
7939051737,3776217003,0,68
7939051737,3776217000,0,83
7940724239,7940724241,0,89
7940724239,7919578569,0,85
7940724239,7940724244,0,86
7940724241,2839148330,0,98
7940724241,2845676879,0,71
7940724241,7940724239,0,89
7940724244,7919578570,0,75
7940724244,7940724239,0,72
7940724245,3777776482,0,68
7940724245,2839148264,0,76
7940724245,7940724247,0,92
7940724247,3777776480,0,77
7940724247,7940724245,0,65
7940724248,2843657202,0,69
7940724248,2843657203,0,71
7940724248,7940724249,0,98
7940724249,7940724248,0,66
7940724250,2843657203,0,68
7940724250,7940724251,0,97
7940724250,2843651858,0,64
7940724251,2845676782,0,69
7940724251,7940724250,0,95
7940724251,2845676590,0,66
7940724253,2839148285,0,100
7940724253,3777776481,0,54
7940724253,7940724255,0,100
7940724255,7940724253,0,69
7940724256,2843657202,0,89
7940724256,2843657216,0,57
7940724256,7940724258,0,75
7940724258,7940724256,0,86
7940724269,2839148285,0,88
7940724274,12203554634,0,87
7940724274,3777743859,0,65
7940724274,7940724275,0,98
7940724274,12203560131,0,88
7940724275,7941576911,0,65
7940724275,2845676818,0,95
7940724275,7940724274,0,66
7940724276,12203551067,0,67
7940724278,3777743736,0,87
7940724278,7940724279,0,78
7940724278,12203551065,0,68
7940724279,7940724278,0,64
7940734889,2843657206,0,86
7940734893,2843651857,0,67
7940734893,7940734894,0,76
7940734893,2845676547,0,66
7940734894,2845676573,0,51
7940734894,2843651867,0,83
7940734894,7940734893,0,98
7940734896,3777743734,0,93
7940734896,7940734899,0,92
7940734896,3777743733,0,94
7940734899,7940734900,0,85
7940734899,7940734896,0,60
7940734899,2843651879,0,59
7940734900,2843651863,0,64
7940734900,7940734899,0,53
7940734900,3777743729,0,87
7940734908,3777743741,0,71
7940734917,7940734918,0,82
7940734918,2845676761,0,76
7940734918,7940734917,0,58
7940734919,2845676755,0,88
7940734928,2845676717,0,96
7940734928,2845676729,0,80
7940734928,7940734929,0,96
7940734929,7940734928,0,63
7940744860,2843651864,0,86
7940744860,2843651858,0,92
7940794592,2845676549,0,84
7940794592,3777743729,0,91
7940981056,7940981057,0,99
7940981056,9565508991,0,83
7940981057,7940981056,0,87
7940981057,2837579892,0,67
7940981057,8261348739,0,56
7941000188,1880441799,0,65
7941000188,4641625872,0,60
7941000189,7941000192,0,56
7941000192,7941000188,0,50
7941000192,6566802916,0,98
7941089438,7958466684,0,86
7941089443,7916513452,0,78
7941089443,2839149446,0,58
7941285706,2839149446,0,53
7941285706,7941285709,0,94
7941285709,5936573341,0,61
7941552880,3777946263,0,57
7941552880,8852227381,0,80
7941576911,2843657209,0,98
7941576911,7940724275,0,52
7941576912,2843651869,0,80
7941576912,2845676524,0,70
7941659596,3955043045,0,69
7941659596,2837580576,0,83
7941659596,2841299279,0,72
7941659597,2833127050,0,62
7941659597,2841299261,0,68
7941659597,2837580522,0,90
7941659598,2575448046,0,95
7941659598,2837580512,0,100
7941659598,2841299259,0,76
7941659602,2290328266,0,73
7941659602,11047567903,0,71
7941659608,2575448005,0,80
7941659608,7941659602,0,87
7941659610,2837284934,0,58
7941659610,2575448010,0,99
7941659610,7941659611,0,58
7941659611,2837581321,0,52
7941659611,7941659610,0,65
7941659611,2837581301,0,50
7941659615,7954316541,0,52
7941659615,2837581850,0,69
7941659615,2837581891,0,67
7941659615,2575448004,0,86
7941659628,2837581638,0,77
7941659628,2841299375,0,69
7941659628,2837284961,0,74
7941659628,2841299370,0,54
7941688139,2837581130,0,59
7941688139,2837581172,0,96
7941688139,7941688141,0,89
7941688141,2841299327,0,64
7941688141,7941688139,0,86
7941688141,2837580971,0,53
7941688141,2833127308,0,51
7941688146,2841299318,0,59
7941688153,2837581111,0,97
7941688153,2841299320,0,72
7941688153,2837580971,0,56
7941688153,2833127099,0,58
7941688154,7941711826,0,99
7941688154,2841299312,0,57
7941688154,2837580975,0,63
7941688159,2837581113,0,96
7941688159,2837581122,0,79
7941688159,2833127308,0,71
7941688164,2837581158,0,75
7941688164,2837581113,0,72
7941688164,2837581122,0,83
7941688165,7941688172,0,95
7941688172,2837580984,0,88
7941688172,2837581109,0,75
7941688172,7941688165,0,62
7941688182,3777704721,0,71
7941702685,3777704721,0,87
7941702685,7941702692,0,71
7941702685,7941702686,0,90
7941702686,7941702685,0,93
7941702692,3777704721,0,80
7941702692,2837581109,0,50
7941702692,7941702685,0,85
7941711826,7941688154,0,77
7941711826,2837580992,0,55
7941711826,2841299319,0,86
7941711828,2841299319,0,89
7941711828,2841299312,0,63
7941711828,2841299307,0,54
7941711834,3777944433,0,66
7941711834,2833127053,0,95
7941711834,2833127072,0,73
7941711836,2833127072,0,85
7941711836,2575448061,0,69
7941711836,2833127078,0,62
7941711843,2833127084,0,66
7941711843,2841299289,0,94
7941711843,2837580611,0,70
7941711846,2833127084,0,75
7941711846,2841299295,0,74
7941711846,7941711850,0,64
7941711850,2837580688,0,55
7941711850,7941711853,0,54
7941711850,7941711846,0,64
7941711853,2837580686,0,84
7941711853,2833127081,0,85
7941711853,7941711850,0,73
7941816984,2837582073,0,53
7941816984,7941820288,0,63
7941816984,7941820285,0,68
7941820285,2837582044,0,61
7941820285,7941816984,0,62
7941820285,2837582019,0,76
7941820285,2841299528,0,60
7941820288,7941816984,0,92
7941820288,2837582058,0,97
7941820288,2837582019,0,58
7941820302,2837582262,0,52
7941820302,3430413638,0,65
7941820302,2837582250,0,62
7941870680,11593975926,0,69
7941870680,2837284901,0,79
7941892796,2839149793,0,68
7941892796,4608293365,0,61
7941892796,2833127465,0,66
7941892802,2841299564,0,76
7941892802,2575615510,0,63
7941892802,2841299537,0,91
7941892810,3773002141,0,56
7941892810,2575620353,0,51
7941892810,2841299503,0,69
7941892812,7942286823,0,64
7941892812,3773002141,0,92
7941892818,2837285260,0,78
7941892818,2837582543,0,95
7941892818,2837285252,0,87
7941961001,2837582517,0,76
7941961003,2837582518,0,82
7941961008,2837582292,0,97
7941961013,2837582565,0,94
7941961013,2837582572,0,93
7941961013,2575626606,0,92
7941961014,2837582572,0,75
7941961015,2575626613,0,100
7941961015,2837582582,0,84
7941961015,2575612019,0,51
7941961015,2575626606,0,52
7941961019,7941961021,0,85
7941961021,7941961019,0,100
7941961021,2837582600,0,91
7941961021,2837582598,0,70
7941961022,2575626613,0,95
7941961022,2837582582,0,95
7941961022,2837582735,0,59
7941961026,7941961027,0,86
7941961026,2837582755,0,67
7941961026,2575627122,0,74
7941961027,7941961026,0,98
7941961027,2575626613,0,87
7941961027,2837582754,0,53
7942020285,2837582754,0,59
7942020285,2837582742,0,91
7942020285,2837582758,0,55
7942020306,2837583354,0,91
7942020311,2837583351,0,92
7942020312,2837583080,0,81
7942020312,7942020314,0,78
7942020312,2837583063,0,68
7942020314,7942020312,0,54
7942020314,2837583063,0,79
7942020314,2837583035,0,66
7942020317,2837285574,0,62
7942020320,2841299736,0,52
7942020320,2837583014,0,69
7942020320,2837285574,0,63
7942020322,3430413682,0,70
7942020322,3430413684,0,53
7942020322,7942020323,0,59
7942020323,2837583088,0,64
7942020323,2575637692,0,84
7942020323,7942020322,0,100
7942039553,2837583308,0,100
7942039553,7942039555,0,73
7942039553,7942039554,0,53
7942039554,7942039553,0,60
7942039555,7942039553,0,60
7942039555,7942039556,0,85
7942039555,2837583342,0,89
7942039556,7942039555,0,67
7942039561,2837583322,0,77
7942039561,2837583392,0,75
7942039561,2575613686,0,71
7942088289,1880442977,0,61
7942088300,2833127682,0,78
7942088306,2837582723,0,98
7942088308,2575613667,0,71
7942088308,2575620232,0,96
7942088308,2575619509,0,98
7942088311,2833127683,0,98
7942088311,2575619521,0,60
7942088311,2837582580,0,62
7942088320,2837582561,0,62
7942088322,2837582573,0,58
7942133088,2575621999,0,83
7942133088,2837582561,0,59
7942133088,2837582543,0,89
7942133094,2841299689,0,100
7942133096,2837285534,0,64
7942133097,2837583015,0,50
7942133097,2837285575,0,58
7942133097,2837583034,0,51
7942133106,2837583344,0,58
7942133106,7958490209,0,71
7942133106,7942133114,0,75
7942133114,7942133106,0,86
7942133116,7942133122,0,56
7942133122,7942133126,0,63
7942133122,7942133116,0,63
7942133122,2837285615,0,50
7942133125,2837583359,0,64
7942133125,2837285627,0,51
7942133125,7942133126,0,64
7942133126,7942133122,0,62
7942133126,2837583306,0,66
7942133126,7942133125,0,76
7942133135,2837583555,0,79
7942133138,2837583520,0,78
7942135422,2841299760,0,54
7942135422,7942135423,0,96
7942135422,2841299748,0,94
7942135423,7942135422,0,57
7942135429,2837286025,0,92
7942135429,2837286035,0,77
7942135429,7942135430,0,100
7942135430,2837285891,0,79
7942135430,2837286002,0,73
7942135430,7942135429,0,50
7942135431,7942135438,0,78
7942135438,2837583504,0,77
7942135438,7942135431,0,59
7942135438,2837583539,0,99
7942135440,2837583376,0,80
7942160046,2837583064,0,89
7942160046,2837583048,0,89
7942160046,7942160047,0,72
7942160047,7942160046,0,98
7942160047,2837583060,0,70
7942160047,3430413681,0,65
7942160047,7942160054,0,97
7942160048,7942160054,0,53
7942160048,2837582800,0,61
7942160048,2837583049,0,67
7942160051,2837583070,0,91
7942160051,2837583060,0,73
7942160051,3430413681,0,63
7942160054,2837583060,0,53
7942160054,7942160048,0,55
7942160054,7942160047,0,61
7942192555,2837583600,0,64
7942215910,2841299718,0,97
7942215910,2841299701,0,87
7942215910,2841299723,0,85
7942215918,3777891591,0,99
7942215923,2837285409,0,66
7942215923,2837285292,0,81
7942215923,3773464491,0,60
7942286823,2575603076,0,65
7942286823,7942286838,0,51
7942286838,7942286823,0,63
7950580654,2837584113,0,67
7950580654,7928188885,0,95
7950757464,2837583727,0,100
7950757464,7950757465,0,58
7950757465,3430413697,0,52
7950757465,7950757466,0,58
7950757466,7950757467,0,84
7950757466,2837285719,0,68
7950757466,3430413695,0,79
7950757467,7950757468,0,54
7950757467,2837583558,0,87
7950757468,2837583547,0,97
7950757468,7950757469,0,99
7950757469,7950757470,0,51
7950757469,2837583547,0,55
7950757470,7928359030,0,79
7950757470,2837583503,0,95
7952247035,7891749072,0,60
7952247035,7891749082,0,60
7952247035,7891749082,1,92
7952247035,7891749075,0,58
7953233865,2837284910,0,68
7953233865,7953240491,0,53
7953233866,7953233865,0,73
7953233866,3997971803,0,53
7953233867,2837284914,0,78
7953233867,7953233866,0,96
7953233868,2841299292,0,76
7953233868,7953233867,0,66
7953233869,7953233870,0,92
7953233870,1880442364,0,84
7953233870,7953240486,0,79
7953233871,7953233874,0,96
7953233873,2837284922,0,99
7953233873,7953233884,0,56
7953233874,7911697770,0,80
7953233874,7953233869,0,91
7953233884,1880441923,0,90
7953233884,7953233868,0,94
7953233884,3430413475,0,81
7953240486,7953233873,0,70
7953240486,1880442365,0,66
7953240491,1880441883,0,76
7953240491,2837284906,0,56
7953240491,7953240494,0,89
7953240494,7941870680,0,100
7953296685,1880442402,0,88
7953296685,1880442399,0,61
7953296685,1880441923,0,66
7954082561,3774979312,0,53
7954082561,3774979340,0,74
7954195866,1880442399,0,73
7954195866,4641625989,0,90
7954316532,2837284978,0,84
7954316532,9627999328,0,64
7954316533,1880442501,0,84
7954316533,2575606149,0,78
7954316541,7941659615,0,59
7954316541,7954316545,0,100
7954316545,2837582019,0,93
7954316545,2837582058,0,80
7954366861,2837581606,0,90
7954366861,2575611209,0,59
7954366861,7954316532,0,71
7954366863,2837285158,0,82
7954366863,7954366874,0,54
7954366874,3430413638,0,61
7954366874,7954366876,0,59
7954366876,2837582262,0,70
7954366876,7954366877,0,88
7954366877,2837582283,0,52
7954366877,7954366878,0,87
7954366878,2837582296,0,100
7954366878,7954366879,0,94
7954366879,2837582510,0,71
7954366879,2837582553,0,74
7954366882,7954368305,0,75
7954366882,2837583338,0,98
7954368025,7954368026,0,84
7954368025,2837583345,0,68
7954368026,3430413684,0,95
7954368026,7954368027,0,66
7954368027,2837285623,0,82
7954368027,7954368028,0,96
7954368028,7954366882,0,97
7954368028,2837583320,0,59
7954368039,2837583564,0,65
7954368039,2841299775,0,81
7954368044,7954368045,0,65
7954368044,2575638633,0,90
7954368045,2837285650,0,62
7954368045,2837285630,0,78
7954368045,7954368044,0,86
7954368305,1880443063,0,99
7954368305,7954368044,0,54
7954368310,2841299504,0,100
7954368310,2841299515,0,61
7954368310,2837285128,0,56
7954368311,2575608306,0,58
7954368311,3430413628,0,55
7954368311,2841299515,0,55
7954368311,2837285134,0,53
7954413791,2837284950,0,57
7954413791,2837284959,0,83
7954413791,2837284947,0,79
7958466684,3777944395,0,82
7958466684,12198712648,0,52
7958490209,2837285545,0,65
7958490209,7942133106,0,94
7958490209,2837285582,0,72
7958490214,1880442399,0,94
7958490214,7958490215,0,85
7958490215,7958490216,0,76
7958490215,10673531927,0,97
7958490215,7958490214,0,89
7958490216,7958490214,0,53
7958490216,1880442431,0,92
7963622079,1928140333,0,54
7963622080,2833253579,0,79
7963622080,7963622079,0,53
7963622080,3777724217,0,81
7963633652,2283856245,0,68
7963633655,7963622080,0,94
7963633655,7963633658,0,52
7963633658,7963622079,0,90
7963633658,7963633655,0,64
7963633674,2282190200,0,88
7963633674,2282190194,0,59
7963633675,4393288455,0,72
7963633675,2418718371,0,56
7963633680,1928140186,0,87
7963633680,11801632088,0,89
7964258777,2839148570,0,89
7964258777,7872648244,0,66
7964258778,7964258779,0,94
7964258778,7883953575,0,72
7964258779,7964258780,0,61
7964258779,7964258778,0,88
7964258780,2839148768,0,70
7964258780,3776243685,0,97
7969158206,2841517719,0,98
7969158206,2837580002,0,57
7969158206,7871296974,0,81
7969158211,7889094705,0,56
7969158211,2122647143,0,61
7978095576,2841299330,0,61
7978095576,7918749136,0,59
7978095577,2837579476,0,81
7978095577,7978095578,0,74
7978095578,2837579470,0,97
7978095578,2837579466,0,66
7978095578,7978095579,0,65
7978095579,2839148550,0,64
7978095579,7978095580,0,85
7978095580,6154157009,0,79
7978095580,7978095581,0,61
7978095581,2283890872,0,60
7978118785,7978095577,0,51
7978118785,2841299022,0,73
7979513719,3001619229,0,68
7979513721,3776308660,0,59
7979513721,7979513719,0,59
7979513723,7979513721,0,57
7979513726,5446790662,0,74
7979513728,3776308657,0,61
7979513728,7979513723,0,74
8261348739,6354265184,0,93
8261348739,7941089443,0,70
8354695503,7912679472,0,93
8354695503,8354695512,0,66
8354695512,7912102295,0,87
8354695512,7912773535,0,91
8361651596,8361651597,0,74
8361651596,2837286361,0,62
8361651596,7907452363,0,62
8361651597,7907983073,0,97
8361651597,7907993607,0,97
8374388073,8374388074,0,50
8374388073,1880441846,0,94
8374388074,2837284100,0,84
8374388074,1880441809,0,62
8375367231,2837285464,0,62
8375367231,2837285470,0,68
8375367231,13393769935,0,68
8375367233,2837285543,0,69
8375367233,8375367234,0,78
8375367234,2837285492,0,51
8375367234,8375367231,0,69
8375367234,2833303070,0,82
8375367240,7916815906,0,83
8375367240,13393769935,0,81
8375454330,7871539666,0,82
8386719319,7916755426,0,88
8386719319,8386719320,0,87
8386719319,2837285437,0,71
8386719320,8386719319,0,50
8386719322,2841299613,0,67
8389760071,8389760072,0,79
8389760071,11096458345,0,51
8389760072,3496460197,0,60
8389760072,8389760071,0,50
8390184178,2843657802,0,73
8390184178,1880442388,0,89
8390184182,9708719578,0,93
8390184182,8390184178,0,74
8390184185,1880442433,0,99
8390184185,8390184182,0,82
8390297010,3776032397,0,93
8390297010,2839616508,0,72
8390297014,3776032396,0,54
8390297014,7127776510,0,89
8394904249,9708735867,0,99
8394904249,2833253582,0,70
8394904249,2839148768,0,62
8518063530,3776015556,0,100
8518100575,2837582078,0,93
8518100575,8518100576,0,78
8518100576,7915427866,0,81
8518100576,8518100575,0,66
8518100577,8518100578,0,89
8518100577,3776050534,0,94
8518100578,8518100577,0,61
8518100578,3776015553,0,75
8518172786,2282190367,0,77
8823755422,2841517771,0,90
8823755422,2841517769,0,92
8823755422,8823755423,0,63
8823755423,8823755422,0,60
8823755423,7915347260,0,88
8823755423,7915347255,0,97
8830701178,2839148717,0,70
8830701178,2839148731,0,76
8830701178,8830701179,0,64
8830701179,2841299055,0,67
8830701179,2841299043,0,61
8830701179,8830701178,0,78
8831239814,9708735860,0,81
8831239814,2843657258,0,80
8831239814,8831239815,0,70
8831239815,8831239814,0,100
8831250725,7916286637,0,60
8831250725,8831250726,0,60
8831250725,2837285174,0,72
8831250726,8831250725,0,86
8831507055,6147102388,0,59
8833928788,7915387189,0,51
8833928788,8833928789,0,76
8833928788,7915387191,0,55
8833928789,2841518280,0,75
8833928789,2837580641,0,72
8833928789,8833928788,0,84
8833970859,2837286152,0,55
8833970859,2837286186,0,59
8833970859,8833970860,0,88
8833970860,2837286117,0,58
8833970860,2837286090,0,51
8833970860,8833970859,0,91
8834058217,8834058218,0,73
8834058217,2837581112,0,86
8834058218,8834058217,0,96
8834201097,2837579675,0,60
8834201097,7938154771,0,59
8834201097,3430413429,0,87
8834201097,2839149016,0,68
8834964791,2839149084,0,57
8834964791,3774525572,0,54
8834964791,2839149011,0,70
8834977240,2833253621,0,99
8834977240,2833253622,0,76
8834977240,8834977241,0,63
8834977241,8834977240,0,52
8834977241,4393288472,0,59
8835095217,4776756137,0,87
8835095217,2837580608,0,70
8835095217,2837580518,0,70
8835391855,7928154783,0,98
8835391855,8835391857,0,92
8835391857,8835391855,0,94
8837318296,2290328286,0,87
8837318296,8840951837,0,75
8837318296,8837318297,0,64
8837318297,8840951838,0,77
8837318297,2841299287,0,65
8837318297,8837318296,0,79
8837863286,3773464303,0,92
8837863286,2837285108,0,96
8837863286,8837863287,0,59
8837863287,8837863286,0,91
8837932499,2837579864,0,76
8840548581,4776767126,0,61
8840548581,8840548582,0,89
8840548582,8840548581,0,96
8840551618,2839149406,0,68
8840551618,3774525607,0,92
8840551618,3774525605,0,98
8840950841,4776756142,0,61
8840950841,2841518284,0,52
8840951837,8837318296,0,77
8840951837,2841299293,0,74
8840951837,8840951838,0,54
8840951838,8837318297,0,71
8840951838,8840951837,0,92
8840951838,2841299285,0,66
8841103216,2837583341,0,89
8841294511,2839149374,0,82
8843574865,8843574866,0,51
8843574865,7871225911,0,91
8843574866,8843574865,0,92
8843754911,2837580056,0,85
8843754911,2845677867,0,71
8843754911,8843754912,0,56
8843754912,8843754911,0,62
8843781538,2837580533,0,63
8843862591,2837580661,0,96
8843862591,2837580641,0,56
8843862591,8843862592,0,64
8843862592,8843862591,0,91
8844565854,2841299590,0,84
8844565854,4150840515,0,98
8844565854,2841299570,0,52
8851875586,8851890404,0,52
8851890404,8851875586,0,67
8851890404,4160457530,0,86
8852126370,8852126373,0,84
8852126370,3773464497,0,64
8852126370,2837285491,0,95
8852126371,8852126373,0,60
8852126373,2837285432,0,54
8852126373,8852126371,0,91
8852126373,8852126370,0,55
8852126373,3430413654,0,61
8852197512,2837286138,0,59
8852197512,2837286093,0,56
8852197512,7907460685,0,61
8852227381,7916518487,0,100
8852227381,8852227384,0,54
8852227384,8852227381,0,73
8852361405,2841518751,0,97
8852361405,8852361406,0,68
8852361405,2841518759,0,82
8852361406,8852361405,0,92
8855614419,2837581811,0,57
8855614419,8855614420,0,95
8855614419,6649204672,0,73
8855614420,6649204677,0,84
8855614420,8855614419,0,59
8855614420,7911664325,0,77
8855635012,7927736700,0,84
8855635012,8855635013,0,76
8855635012,2837584120,0,84
8855635013,8855635012,0,81
8855635013,8855635013,0,75
8855635013,8855635013,1,69
8856142331,2837286653,0,50
8856142331,8856142332,0,56
8856142332,8856142331,0,98
9201862064,2839149503,0,87
9202041444,2839149358,0,57
9202041444,7937864666,0,83
9202041444,9202041455,0,70
9202041455,9202041444,0,66
9204376839,2839615496,0,85
9204376839,2841518713,0,84
9204376839,2839616501,0,53
9204376841,2839615483,0,74
9204376841,3775996260,0,69
9204376841,2839615485,0,69
9462038118,2837286579,0,98
9565508989,9565508990,0,58
9565508989,6354265171,0,93
9565508990,6354265105,0,50
9565508991,6354265171,0,52
9565508991,9565508992,0,100
9565508992,9565508989,0,74
9565508992,9565508991,0,61
9567527085,9567527086,0,86
9567527085,6354265159,0,82
9567527086,2837580061,0,81
9567527086,9567527085,0,78
9567527086,660699705,0,90
9569961551,9567527085,0,83
9569961551,7916799348,0,80
9570156482,7871074748,0,65
9570156482,1880441560,0,70
9576044158,4215822800,0,83
9576044158,7938695449,0,70
9576044158,12196378654,0,99
9580061271,2575636016,0,97
9580061271,2837285630,0,74
9580096465,7916513479,0,90
9580096465,7916553844,0,75
9593473482,7871220169,0,68
9593473482,3496460203,0,75
9598891634,7871539622,0,97
9598891634,2843657418,0,69
9602208994,2843657656,0,99
9602208994,2845677718,0,97
9602208995,3774507804,0,57
9602208996,7872634987,0,88
9602208996,7872648261,0,77
9625410172,7871220167,0,96
9625410172,1880441495,0,58
9627999328,2837581865,0,63
9627999328,7954316541,0,68
9645579397,3774429799,0,92
9645579397,3774429801,0,61
9645579397,2837285655,0,57
9645626608,8840950841,0,89
9645626608,2837581120,0,59
9647693957,6154156987,0,95
9647693957,6154146781,0,77
9691495072,2837580087,0,59
9691495072,2837580060,0,61
9691495072,10244206856,0,54
9708719571,7222623399,0,62
9708719577,9708719578,0,61
9708719578,2841518426,0,51
9708719578,9708719577,0,69
9708719578,8390184182,0,94
9708719579,2841518460,0,54
9708719579,7916755449,0,52
9708719579,2841518456,0,68
9708719580,2837581846,0,60
9708719581,2841518285,0,89
9708719581,2841518293,0,66
9708719581,2841518411,0,84
9708719582,2841517959,0,63
9708719583,3430413463,0,100
9708719586,2839149597,0,57
9708719587,2839149595,0,68
9708719588,2841517760,0,96
9708719598,2839149287,0,81
9708719598,2839149251,0,82
9708719598,2839149275,0,86
9708719599,7871074774,0,99
9708719599,7871539586,0,94
9708719599,9708719601,0,57
9708719601,9708719599,0,55
9708719608,3777691613,0,80
9708719608,2839149003,0,89
9708719608,9708719609,0,78
9708719609,2839148927,0,59
9708719609,3496460205,0,98
9708719609,9708719608,0,76
9708719612,4393288479,0,87
9708719613,3774534343,0,89
9708719614,7938695464,0,88
9708719614,2833253622,0,89
9708719614,2833253621,0,67
9708719615,9708719616,0,86
9708719615,2839148672,0,94
9708719615,4393488921,0,83
9708719616,9708719615,0,56
9708719616,2841299025,0,91
9708719616,4393488925,0,60
9708719616,9708728518,0,82
9708728518,7937903393,0,94
9708728518,4393488928,0,62
9708728518,9708719616,0,57
9708728522,2841299021,0,97
9708728522,7937903393,0,85
9708728522,7937823263,0,51
9708728523,2839148795,0,53
9708728523,2839148793,0,64
9708728523,7937823359,0,77
9708728524,2839148484,0,77
9708728525,2839148482,0,76
9708728526,2839148497,0,51
9708728526,7872058175,0,97
9708728526,7872058180,0,94
9708728527,9708728530,0,97
9708728527,7872058181,0,60
9708728527,2841298990,0,95
9708728528,2839148364,0,50
9708728528,2839148410,0,53
9708728528,9708728529,0,50
9708728529,2841298983,0,72
9708728529,9708728530,0,62
9708728529,9708728528,0,97
9708728529,7872058182,0,60
9708728530,9708728527,0,84
9708728530,9708728529,0,71
9708728530,7933770423,0,62
9708728531,7872058179,0,84
9708728531,7872058177,0,75
9708728531,7874466992,0,62
9708728532,2839148356,0,56
9708728537,3776231843,0,50
9708728537,10696750074,0,70
9708735824,2845676764,0,90
9708735825,12204865365,0,52
9708735826,2845676905,0,70
9708735826,2845676932,0,61
9708735826,2839148406,0,67
9708735827,7872648236,0,65
9708735827,7872648237,0,83
9708735827,7872648242,0,65
9708735828,2839148534,0,85
9708735828,2839148570,0,95
9708735828,2839148560,0,50
9708735832,2845677176,0,72
9708735834,9855062184,0,85
9708735834,1928140381,0,94
9708735835,2839148589,0,60
9708735836,9708735837,0,76
9708735837,2839148566,0,89
9708735837,9708735836,0,60
9708735837,7872571300,0,92
9708735839,7872607448,0,99
9708735840,3776231850,0,86
9708735840,3776231845,0,99
9708735840,2833253512,0,89
9708735841,3776231851,0,53
9708735847,9708735848,0,53
9708735847,11080475001,0,78
9708735847,3777724212,0,75
9708735848,9708735847,0,84
9708735848,3776216984,0,94
9708735848,7872571290,0,77
9708735850,2839148633,0,60
9708735851,2839148675,0,79
9708735851,9708735852,0,98
9708735851,2833253557,0,77
9708735852,9708735851,0,65
9708735855,2839148634,0,64
9708735858,2839148619,0,61
9708735858,2843657248,0,85
9708735858,9708735860,0,63
9708735860,2843657248,0,82
9708735860,8831239814,0,89
9708735860,9708735858,0,74
9708735861,9708735865,0,93
9708735861,2839148548,0,100
9708735861,9708735862,0,63
9708735862,9708735861,0,63
9708735865,2839148502,0,80
9708735865,9708735861,0,76
9708735865,7872530342,0,97
9708735866,3776243684,0,55
9708735866,2839148645,0,82
9708735866,2839148626,0,71
9708735867,8394904249,0,90
9720092724,2839149661,0,57
9720092724,7923076396,0,90
9720315808,3496486696,0,84
9720315808,7937903445,0,98
9720315808,9720315809,0,99
9720315809,9720315808,0,75
9725832531,2575603835,0,61
9725832531,9725832532,0,75
9725832531,2575603834,0,79
9725832532,9725832531,0,56
9781557108,2837285548,0,65
9781557108,3773464533,0,77
9781557108,3773464539,0,85
9781557109,3430413620,0,69
9781557109,2837285108,0,99
9781557109,3773464317,0,56
9781557114,2837583976,0,50
9781557114,2841299805,0,54
9781557114,2841299786,0,62
9781573023,3773056394,0,59
9781573041,3773109073,0,92
9781573041,3773109090,0,82
9781573041,9781573043,0,100
9781573043,9781573041,0,60
9781573044,7920016298,0,62
9781573045,7919260317,0,64
9781573055,7911858424,0,95
9781573055,6146847860,0,88
9781573055,9781573057,0,59
9781573057,9781573055,0,56
9781573060,2833127594,0,93
9781573061,2833303061,0,84
9805344770,2837286484,0,82
9805344770,2837286486,0,96
9853390373,2839148631,0,64
9853390373,7871539595,0,72
9853390374,7871539595,0,61
9853390374,2839148631,0,79
9855062184,2839148689,0,97
9855062184,9708735834,0,88
9859709763,9859709764,0,96
9859709763,7871304693,0,54
9859709764,2837579677,0,83
9859709764,9859709763,0,80
9860050865,9860050866,0,70
9860050865,4393288473,0,95
9860050866,9860050865,0,98
9860050866,7938167195,0,97
9869618735,6354338565,0,94
9869618735,2841299038,0,51
9869618735,7871539661,0,75
9872189439,7871220155,0,80
9872189439,2839149157,0,81
9885091530,9885091532,0,74
9885091532,3773056333,0,56
9885091532,10807062462,0,91
9885091532,9885091530,0,52
9886604114,2833303107,0,77
9886604114,9886604115,0,98
9886604114,2833303175,0,90
9886604115,9886604114,0,96
9887273080,2841520749,0,73
9887273093,3775044825,0,87
9909460375,2839148489,0,60
9909460375,9909460376,0,50
9909460376,6154157010,0,90
9909460376,9909460375,0,84
10017344626,1880442782,0,83
10017344626,6146889051,0,56
10017344626,10017344637,0,91
10017344637,10017344626,0,67
10031455863,7937864610,0,65
10031455863,7937864609,0,99
10031455863,7937903445,0,54
10213932435,10213932436,0,89
10213932435,2837580928,0,58
10213932435,2841518261,0,79
10213932436,10213932435,0,88
10213932436,7888562540,0,78
10233024931,2837286384,0,76
10233024931,3774429824,0,57
10242186029,1928140241,0,79
10242186029,10242186030,0,82
10242186030,2839148567,0,94
10242186030,10242186029,0,57
10242186030,2839148586,0,72
10244206856,9691495072,0,87
10244206856,2837580095,0,76
10244206856,2837580076,0,87
10246034683,2845676717,0,84
10262935212,3496483765,0,91
10262935212,4461930878,0,65
10267077004,10267077007,0,84
10267077004,7222623418,0,94
10267077005,7222623424,0,69
10267077006,7222623418,0,72
10267077006,2837581811,0,92
10267077006,10267077007,0,81
10267077007,6649204672,0,61
10267077007,10267077006,0,97
10267081535,2841299572,0,93
10267081535,2837285283,0,51
10267081535,2833127626,0,95
10302690960,2841299717,0,96
10302690960,13930685861,0,59
10302690960,4154777085,0,94
10302690962,4154777085,0,75
10570371178,10570371179,0,74
10570371179,7908462358,0,73
10570371179,10570371178,0,94
10653991774,3774979256,0,75
10653991774,3774979233,0,84
10653991774,3774979250,0,74
10673531927,10673531929,0,98
10673531927,4608293365,0,60
10673531927,7958490215,0,89
10673531928,4608293365,0,72
10673531928,10673531929,0,86
10673531928,10673531929,1,56
10673531929,10673531927,0,58
10673531929,10673531928,0,70
10673531929,10673531928,1,78
10682715868,3777710792,0,63
10682715868,3777710794,0,69
10682715868,10682715869,0,89
10682715869,2839148299,0,82
10682715869,3078491193,0,87
10682715869,10682715868,0,86
10696750074,3777710791,0,60
10696750074,2839148336,0,71
10696750074,9708728537,0,70
10807028567,10807028568,0,64
10807028567,2575448057,0,88
10807028568,10807028567,0,67
10807062438,10807062439,0,92
10807062439,10807062438,0,77
10807062439,10807062441,0,90
10807062439,7927950625,0,90
10807062440,10807062441,0,50
10807062441,10807062443,0,98
10807062441,10807062440,0,78
10807062441,10807062439,0,97
10807062442,10807062443,0,69
10807062443,7927950634,0,58
10807062443,10807062441,0,87
10807062443,10807062442,0,88
10807062444,10807062446,0,51
10807062446,10807062447,0,78
10807062446,10807062459,0,67
10807062446,10807062444,0,90
10807062447,3773056273,0,80
10807062447,10807062446,0,59
10807062447,3773056274,0,98
10807062459,10807062446,0,89
10807062460,3773056368,0,76
10807062462,7919946483,0,77
10807062462,10807062468,0,87
10807062462,9885091532,0,69
10807062463,10807062468,0,54
10807062463,10807062466,0,98
10807062463,7927950606,0,78
10807062464,10807062466,0,86
10807062465,10807062466,0,89
10807062466,10807062463,0,75
10807062466,10807062465,0,81
10807062466,10807062464,0,51
10807062467,10807062468,0,85
10807062468,10807062462,0,50
10807062468,10807062463,0,85
10807062468,10807062467,0,100
10807062470,7928289800,0,88
10807062470,10807062471,0,79
10807062471,10807062470,0,69
11047557301,2837286631,0,93
11047557301,2837286613,0,93
11047557301,7928191972,0,81
11047567903,7941659602,0,66
11047567903,2575448039,0,85
11047567903,2575448005,0,72
11047610415,11047610416,0,93
11047610415,12210261199,0,89
11047610416,11047610415,0,86
11047610416,2837579605,0,68
11047621374,2837579801,0,75
11047621375,4258561109,0,67
11047621376,4258561109,0,54
11047628089,2839149174,0,82
11047628089,2839149248,0,62
11047628089,2839255702,0,88
11047628091,2837580009,0,82
11047628091,2839149311,0,69
11047628091,2837580041,0,57
11047628092,2837579881,0,76
11047628094,2839149311,0,79
11047629077,3776224061,0,65
11047629456,11365903645,0,68
11047629456,2839148930,0,79
11047629456,2839148943,0,83
11047633975,4167284389,0,90
11047633977,2839148909,0,71
11047635702,2837582061,0,63
11047635702,11047635703,0,75
11047635703,11047635702,0,96
11047636107,11047636108,0,87
11047636108,11365903647,0,84
11047636108,11047636109,0,84
11047636108,11047636107,0,56
11047636108,2839148977,0,74
11047636109,11047636108,0,68
11047647027,12209002367,0,99
11047647264,7938154767,0,87
11047647264,2839148946,0,84
11047647264,7938154765,0,51
11047648856,7872607427,0,66
11047648856,2839148382,0,68
11047648856,7872607426,0,70
11047649407,2839149100,0,50
11047649407,11047649408,0,100
11047649407,11365925682,0,88
11047649407,3430413432,0,60
11047649408,11047649407,0,92
11047649408,3430413433,0,90
11047649408,2837579808,0,82
11047650579,5446765849,0,75
11047650579,7908462353,0,50
11047650579,11047650582,0,70
11047650582,11047650579,0,60
11047652764,2841299188,0,57
11047655251,7891749037,0,52
11047655470,3775996262,0,60
11047655470,2837582061,0,75
11047655470,11047655472,0,58
11047655472,11047655470,0,79
11047668562,11047668563,0,52
11047668563,2843851637,0,75
11047668563,11047668564,0,75
11047668563,11047668562,0,68
11047668563,2843851695,0,85
11047668564,11047668565,0,88
11047668564,11047668563,0,53
11047668564,2843851687,0,51
11047668564,3665168922,0,84
11047668565,2843851613,0,61
11047668565,3140039553,0,67
11047668565,11047668564,0,84
11047668807,2845678131,0,66
11047668807,7891749020,0,72
11047668807,2845678112,0,83
11047672367,2845677867,0,56
11047672367,2845678031,0,99
11047672367,7920190465,0,64
11047673504,2839148974,0,50
11047673504,7920115555,0,85
11047673504,11047688307,0,84
11047677824,11047677825,0,86
11047677825,2845677711,0,85
11047677825,11047677824,0,62
11047677825,3774436881,0,92
11047680206,7891642959,0,52
11047688307,11047673504,0,71
11047695774,2841520588,0,80
11047695774,2841520629,0,69
11047695774,2841520592,0,92
11047707341,2841520426,0,84
11047707341,2841520490,0,85
11047707341,3775193930,0,65
11047747918,11047747919,0,89
11047747919,7939051737,0,88
11047747919,7937823289,0,97
11047747919,11047747918,0,80
11047764792,2841520884,0,66
11047764792,2841520876,0,97
11047764792,2841520832,0,56
11047764793,3774979171,0,85
11047764793,3775044890,0,72
11047764793,3774979193,0,76
11047781085,3774979219,0,65
11047781085,3775044917,0,50
11072530635,2839149061,0,59
11072530635,2839149012,0,78
11072530635,2839149093,0,100
11080410075,7872607456,0,73
11080410075,7872571300,0,50
11080410075,2839148519,0,53
11080475001,7872571290,0,50
11080475001,9708735847,0,63
11080475001,7872563984,0,52
11080507726,7222623311,0,93
11096254957,2841299503,0,72
11096402041,2841518736,0,96
11096405069,2839149343,0,74
11096405069,2839149323,0,98
11096405069,2837579865,0,93
11096408159,2841299547,0,75
11096444885,2833253656,0,56
11096444885,7871074775,0,87
11096458345,2833253607,0,99
11096458345,4649948643,0,88
11096632094,2845678131,0,72
11096646069,1880441495,0,91
11096669493,2843657418,0,63
11096669493,7871539641,0,51
11096688197,2841349261,0,72
11096762305,2843851000,0,74
11096762306,6154156994,0,68
11096772127,2833127403,0,56
11096838736,3496479149,0,85
11118998074,2841518491,0,66
11118998074,11118998075,0,99
11118998074,2833127485,0,86
11118998075,2833127514,0,62
11118998075,11118998074,0,78
11119000657,7222623294,0,84
11119000657,2833127441,0,92
11158418097,3430413686,0,68
11205029277,11205029378,0,77
11205029378,2841520584,0,78
11205029378,3775044765,0,86
11205029378,11205029277,0,53
11238201272,2575448031,0,82
11238201272,4641625872,0,98
11365891447,7938154772,0,80
11365903645,11047629456,0,96
11365903645,2837579672,0,51
11365903645,11365903647,0,91
11365903647,2839148930,0,57
11365903647,11047636108,0,83
11365903647,11365903649,0,80
11365903647,11365903645,0,60
11365903649,11365909500,0,76
11365903649,11365932300,0,91
11365903649,11365903647,0,52
11365907336,7938154764,0,51
11365909500,11365903649,0,57
11365909500,2841299158,0,90
11365909500,2839148930,0,98
11365919016,7938154767,0,63
11365919016,7938154766,0,77
11365919016,11365919017,0,73
11365919017,7938154765,0,94
11365919017,2839148909,0,57
11365919017,11365919018,0,53
11365919017,11365919016,0,64
11365919018,2839148944,0,67
11365919018,11365919017,0,68
11365919018,2841299153,0,69
11365925682,2839149090,0,66
11365925682,2839149146,0,58
11365925682,11047649407,0,88
11365925683,2839149057,0,88
11365925683,2837579684,0,52
11365925683,2839149090,0,75
11365925687,2839149035,0,80
11365925687,11365925688,0,67
11365925687,2839149118,0,92
11365925688,11368268915,0,71
11365925688,2839149019,0,77
11365925688,11365925687,0,85
11365932300,11365932301,0,75
11365932300,11365903649,0,73
11365932300,2837579665,0,60
11365932301,11365932300,0,69
11368268915,11365925688,0,52
11368268915,7937823336,0,74
11368268915,2839149101,0,59
11409495365,6357868964,0,100
11409495365,6357868975,0,99
11411551675,6354264748,0,58
11411551675,1880441568,0,57
11462510347,2833253627,0,70
11578468176,3774500659,0,72
11578468176,2837581187,0,89
11578468176,2837581645,0,88
11581768224,3777697241,0,77
11581768224,5936573341,0,80
11581768224,6566802916,0,58
11586877946,2837285408,0,70
11593588434,2839148745,0,77
11593975923,1880441742,0,99
11593975923,6566842805,0,61
11593975926,708920890,0,61
11593975926,11593975931,0,61
11593975931,3485765660,0,57
11595080765,4641625887,0,88
11595164571,4641626016,0,50
11608007559,4393295460,0,71
11621782210,7919453908,0,65
11656164915,2839149257,0,63
11664696184,7938154783,0,90
11664696184,11656164915,0,91
11664696186,7871074765,0,92
11664696186,11664696192,0,68
11664696192,7937864664,0,78
11664696193,7871074769,0,100
11664696193,11656164915,0,51
11664696195,11664696193,0,66
11664696195,11664696184,0,81
11729477253,3776237367,0,69
11760316103,2837285831,0,80
11760316103,11760316104,0,74
11760316103,11760316105,0,69
11760316104,11760316103,0,84
11760316105,11760316106,0,68
11760316105,2837285801,0,93
11760316105,11760316103,0,100
11760316106,11760316105,0,70
11760316107,2837285849,0,73
11801632087,12000942333,0,88
11801632087,2839148614,0,64
11801632087,4393488382,0,88
11801632088,2839148614,0,77
11801632088,2282190156,0,70
11807002878,2845678079,0,60
11807002878,11807002879,0,56
11807002878,2839149613,0,64
11807002879,11807002878,0,84
11807002879,2845678071,0,64
11807002885,2282190281,0,70
11807002885,11807002879,0,50
11843014810,3502850188,0,81
11944136028,660699662,0,55
11944136028,2575431674,0,58
12000942333,2839148579,0,68
12000942333,11801632087,0,71
12000942333,6354340093,0,96
12157661322,12157661323,0,72
12157661322,12157661324,0,63
12157661323,7908462344,0,56
12157661323,12157661322,0,60
12157661323,12157661325,0,94
12157661324,12157661325,0,88
12157661324,12157661327,0,53
12157661324,12157661322,0,50
12157661325,7908462342,0,97
12157661325,12157661326,0,65
12157661325,12157661324,0,75
12157661325,12157661323,0,58
12157661326,7908462337,0,92
12157661326,12157661325,0,61
12157661326,7908462344,0,55
12157661327,12157661324,0,54
12196333610,7912102297,0,95
12196333610,7919466720,0,99
12196333612,7912102355,0,80
12196333612,3997875634,0,65
12196378654,9576044158,0,99
12198693354,2837581150,0,90
12198693354,2575448060,0,59
12198693354,12198693355,0,90
12198693355,2575603095,0,79
12198693355,2575603080,0,81
12198693355,12198693354,0,60
12198712647,1880441755,0,77
12198712648,12198712647,0,99
12198712648,12198712651,0,67
12198712651,7941285706,0,84
12198712651,12198712647,0,91
12198741091,7916799348,0,84
12198741092,1880441712,0,96
12198857801,2837580080,0,65
12198873330,7938167131,0,89
12200612790,7938167121,0,72
12200612791,7938167121,0,85
12200612792,7938167118,0,70
12200612792,1880441581,0,95
12200612792,7938167121,0,93
12200705349,2839149593,0,70
12200840404,3430413619,0,85
12200843488,2833127492,0,70
12200843488,4153147536,0,60
12200843488,2833127479,0,61
12200868900,2837582232,0,87
12200868900,2839149796,0,92
12200868900,2841518727,0,69
12200909601,2841518727,0,60
12200997204,2841299537,0,93
12200997204,2575620250,0,72
12200997204,12200997205,0,58
12200997205,2841299516,0,95
12200997205,2575620353,0,70
12200997205,12200997204,0,56
12201007306,3772977864,0,75
12201013538,2171064405,0,57
12201013538,2833127345,0,82
12201013538,12201013539,0,70
12201013539,3430413484,0,81
12201013539,7911664353,0,73
12201013539,12201013538,0,89
12201217167,2833127546,0,55
12201217167,2833127535,0,78
12201217167,2841299395,0,54
12201424841,2833253588,0,53
12203276446,3430413406,0,71
12203277103,2833253630,0,53
12203285482,2839148802,0,83
12203285821,2837579668,0,90
12203285821,2843657457,0,53
12203285821,2843657463,0,73
12203470578,2839148295,0,69
12203470578,2843657215,0,88
12203470578,2843657213,0,55
12203470579,3777743864,0,66
12203470579,2843657216,0,78
12203470579,3777743861,0,79
12203530503,12203530504,0,69
12203530504,12203530503,0,67
12203530504,3777743860,0,80
12203530504,12203530505,0,64
12203530505,12203530504,0,98
12203551065,7940724278,0,73
12203551067,7940724276,0,90
12203551067,2839148240,0,63
12203551067,12203551068,0,72
12203551068,12203551067,0,99
12203554634,7940724274,0,59
12203554636,2843657215,0,69
12203560131,7940724274,0,78
12203620743,2843657204,0,83
12204600899,2839148709,0,96
12204681407,2841299030,0,97
12204696004,7871539661,0,96
12204696004,12204696005,0,68
12204696004,2841299030,0,57
12204696005,2841299038,0,100
12204696005,12204696004,0,79
12204696005,2841299028,0,57
12204712702,7872648249,0,72
12204712702,7871539675,0,87
12204712702,2837579498,0,69
12204714163,2841299038,0,94
12204714164,2418718372,0,86
12204714164,2837579500,0,79
12204714164,12204714168,0,62
12204714168,12204714164,0,66
12204826622,2839148565,0,68
12204865365,2845676944,0,88
12204865365,2845676972,0,63
12204865365,9708735825,0,52
12204886563,7872648254,0,71
12206606496,12211252673,0,64
12206606496,7908462367,0,81
12206606496,12206606500,0,82
12206606500,12206606496,0,84
12206644198,12206644199,0,51
12206644198,7908462367,0,64
12206644198,3776224077,0,62
12206644199,12206644198,0,57
12206676120,12206676121,0,83
12206676120,12209002376,0,63
12206676120,2886954808,0,76
12206676121,12206676120,0,55
12209002367,7908462337,0,100
12209002367,11047647027,0,54
12209002367,12209002375,0,94
12209002368,12209002370,0,62
12209002369,12209002370,0,65
12209002370,12209002375,0,91
12209002370,12209002385,0,83
12209002370,12209002368,0,88
12209002370,12209002369,0,61
12209002374,12209002375,0,77
12209002375,12209002370,0,52
12209002375,12209002374,0,82
12209002375,12209002367,0,80
12209002376,7908462353,0,82
12209002376,12206676120,0,84
12209002376,12209002385,0,61
12209002385,12209002370,0,85
12209002385,7908563856,0,54
12209002385,12209002376,0,72
12210218791,2837579620,0,100
12210218791,7874568423,0,61
12210218792,3140039544,0,80
12210218792,2839148746,0,84
12210261197,11047610415,0,80
12210261197,2837579605,0,62
12210261197,2837579612,0,50
12210261198,2837579607,0,68
12210261198,12210261197,0,85
12210261199,2837579609,0,77
12210261199,3777700361,0,61
12210261199,12210295401,0,70
12210261200,7871539598,0,93
12210261200,2418718368,0,54
12210271904,2837579612,0,70
12210295401,3777700362,0,61
12210295401,12210261200,0,57
12210481419,7871304696,0,78
12210481419,12210481421,0,94
12210481420,12210481421,0,69
12210481421,12210481420,0,76
12210481421,2837579688,0,70
12210481421,12210481419,0,92
12210528675,12210528677,0,63
12210528675,2837581900,0,70
12210528675,12210528681,0,96
12210528677,12210528695,0,64
12210528677,12210528681,0,80
12210528677,12210528675,0,100
12210528681,12210528675,0,82
12210528681,12210528677,0,53
12210528681,12210528693,0,56
12210528693,12210528696,0,82
12210528693,12210528696,1,86
12210528693,12210528695,0,56
12210528693,12210528681,0,72
12210528695,12210528677,0,77
12210528695,12210528693,0,93
12210528695,12210528696,0,80
12210528696,12210528693,0,62
12210528696,12210528693,1,68
12210528696,12210528695,0,67
12211252670,12211252673,0,74
12211252673,12211598629,0,81
12211252673,12206606496,0,55
12211252673,12211252670,0,97
12211323512,2841514571,0,80
12211339583,2841514567,0,78
12211339583,2839149004,0,97
12211339583,2841514574,0,74
12211598628,12211598631,0,60
12211598629,12211598631,0,87
12211598629,12211252673,0,75
12211598630,12211598634,0,87
12211598631,12211598629,0,54
12211598631,12211598628,0,69
12211598631,12211598634,0,64
12211598632,12211598634,0,63
12211598633,12211598634,0,75
12211598634,12211598631,0,58
12211598634,12211598630,0,87
12211598634,12211598633,0,88
12211598634,12211598632,0,86
12212966456,2845677591,0,66
12212966456,2837579683,0,74
12212966456,2843657605,0,90
12213129739,2839149115,0,100
12213592275,3774468371,0,77
12213592275,7907717476,0,66
12217425150,2843657216,0,71
12218198369,2839149396,0,53
12218252417,12218252418,0,89
12218252417,3774525596,0,87
12218252418,2839149341,0,86
12218252418,2839149355,0,87
12218252418,12218252417,0,100
12218256203,2839149410,0,51
12218256203,2839149383,0,94
12218256203,7871296964,0,52
12218258646,2839149406,0,57
12218303472,2841517745,0,53
12219234827,7915731677,0,84
12219234827,2841518971,0,88
12219234827,12219234829,0,85
12219234829,12219234827,0,71
12219234830,12219234831,0,80
12219234831,7915743493,0,64
12219234831,12219234832,0,86
12219234831,12219234830,0,51
12219234831,7915731675,0,84
12219234832,12219234831,0,64
12219234834,12261296668,0,93
12219234836,2841518776,0,95
12220743977,2843852315,0,71
12220743977,2837580924,0,60
12220743977,3774436882,0,56
12220944860,7891642960,0,95
12221054877,7891642967,0,55
12221054878,7891642968,0,84
12221086326,2841518491,0,88
12221086326,12221086327,0,76
12221086326,2841518705,0,92
12221086327,2841518704,0,83
12221086327,2841299380,0,68
12221086327,12221086326,0,68
12221247649,2843657683,0,60
12221349543,2833303017,0,91
12221447637,3430413677,0,68
12221447639,2841299750,0,74
12221449322,3773464480,0,67
12221463861,2833303130,0,97
12221605918,2843851649,0,82
12221605918,2837579840,0,99
12221605918,4169370949,0,83
12221732757,7919321073,0,69
12221755005,2845676910,0,89
12221755806,2843657653,0,98
12221765644,2843657494,0,92
12221765644,2843657488,0,89
12221765644,12221765645,0,96
12221765645,2843657608,0,79
12221765645,2843657619,0,87
12221765645,12221765644,0,73
12221766208,7871304690,0,78
12221766208,2843657492,0,60
12221766873,2843657618,0,85
12221766873,2843657628,0,73
12221766873,12221766874,0,99
12221766874,2843657646,0,81
12221766874,2837579803,0,71
12221766874,12221766873,0,90
12221794499,2837579652,0,95
12221794499,3777700367,0,86
12221794499,12221795706,0,72
12221795706,2837579680,0,98
12221795706,12221794499,0,83
12223159831,3776025984,0,58
12224079170,7915731669,0,83
12224079170,12224079172,0,97
12224079170,3775996297,0,57
12224079170,3775996296,0,87
12224079172,12224079170,0,53
12224079174,7915743486,0,61
12224079174,7915731675,0,59
12224079174,12253166964,0,54
12224080754,7915743503,0,78
12224080755,7915743503,0,97
12224084917,2841518768,0,87
12224084917,13571894666,0,79
12224084917,7915743514,0,96
12224094673,12224094674,0,84
12224094673,7888851956,0,88
12224094673,2841518790,0,92
12224094674,12224094673,0,92
12224120003,7888680460,0,90
12224120011,12224120012,0,54
12224120011,12224120012,1,58
12224120011,7888680435,0,69
12224120012,12224120011,0,83
12224120012,12224120011,1,84
12224120012,7888680447,0,62
12224120089,3140039600,0,90
12228128517,2843852532,0,88
12230266275,2845676547,0,78
12253166935,2841518971,0,55
12253166964,12224079174,0,79
12253739304,3774429835,0,50
12255302742,3776010695,0,71
12255302742,2833303012,0,98
12255302742,7918667375,0,87
12255357826,3775996289,0,83
12255397600,7916811380,0,69
12261296668,3775996295,0,66
12261296668,3775996294,0,71
12261296668,12219234834,0,56
12264648816,12264648817,0,100
12264648817,7223106056,0,67
12264648817,12264648816,0,100
12264648817,7888977768,0,63
12269583149,7889638430,0,77
12269583150,12269583151,0,81
12269583150,2837581190,0,98
12269583151,2843852426,0,60
12269583151,12269583150,0,83
12269608002,2843852393,0,75
12269608002,3774455869,0,83
12282616408,7915427860,0,56
12361439953,2837285164,0,55
12455029011,2837285164,0,61
12506433320,3773464581,0,96
12584370382,2837285720,0,63
12618180522,2575630200,0,90
12622884436,7938334086,0,51
12628076594,1928145744,0,63
12628076594,660699734,0,83
12666221948,7888680417,0,82
12666221948,2841518924,0,71
12666221948,12666221950,0,98
12666221950,12666221948,0,77
12696356841,12696356842,0,84
12696356842,2833127392,0,57
12696356842,2833127340,0,99
12696356843,6649212607,0,55
12696356843,12696356841,0,86
12696384817,2843651882,0,65
12696387423,2839149345,0,89
12696387423,7773747514,0,81
12696387423,3774525591,0,84
12706561268,12706561269,0,55
12706561268,2837580400,0,67
12706561269,2837580392,0,71
12706561269,12706561268,0,86
12725299500,4650036954,0,50
12856697838,2837285743,0,51
12896546073,2837285734,0,97
12994335673,7915731619,0,100
12994335673,12994335674,0,89
12994335673,7915731604,0,92
12994335674,12994335673,0,96
13009243223,7912815308,0,86
13009243223,7912298360,0,90
13009243226,2833127596,0,60
13009243226,13009243223,0,56
13009243227,7912815327,0,78
13009243227,13009243231,0,79
13009243231,7912815327,0,86
13009243231,7912679472,0,53
13009243239,2841519218,0,73
13009243239,3001619208,0,70
13011718058,3777720944,0,59
13077902286,2839149678,0,85
13077902286,2839149670,0,77
13077902286,2841518246,0,77
13077902286,4776756141,0,87
13087246206,2833127651,0,63
13087246206,4160457526,0,64
13087246206,7222623233,0,100
13153807932,7223106057,0,73
13153807932,3776025984,0,55
13153807939,3776025977,0,90
13153807939,13153807940,0,92
13153807940,7223163285,0,70
13153807940,13153807939,0,97
13244832949,2839148466,0,82
13244832949,2839148543,0,84
13244832949,13244832951,0,98
13244832951,13244832949,0,51
13289780357,7872571301,0,98
13289780357,13289780358,0,96
13289780357,2839148508,0,79
13289780358,7872571300,0,97
13289780358,13289780357,0,50
13289780358,7872607448,0,99
13338446919,7927786603,0,92
13338446919,2837583909,0,70
13338446920,13338446923,0,62
13338446920,7927736475,0,58
13338446923,7928154771,0,93
13338446926,2837583913,0,75
13338446927,7927786604,0,51
13338446927,13338446926,0,97
13338446929,13338446931,0,97
13338446929,7928445787,0,57
13338446931,13338446936,0,57
13338446931,7927786594,0,86
13338446936,13338446927,0,65
13361307042,7916178309,0,100
13361357471,3773464522,0,87
13393715321,3775996285,0,55
13393769913,2833303070,0,50
13393769935,2837581889,0,65
13393769936,7222623399,0,84
13393769936,13393769913,0,58
13439523981,3140039550,0,86
13439523981,7920173396,0,80
13439523988,7920173396,0,69
13439523988,3774513405,0,58
13439523988,13439523981,0,91
13439523989,3140039553,0,70
13439523989,3774513411,0,72
13439523989,7920173404,0,57
13468439669,2837583731,0,65
13571894666,7915783017,0,96
13571894666,12224084917,0,77
13571894666,13571894675,0,52
13571894668,13571894675,0,86
13571894669,13571894674,0,53
13571894670,13571894674,0,94
13571894671,7915783017,0,83
13571894671,7915783008,0,70
13571894671,13571894674,0,84
13571894673,13571894675,0,56
13571894674,13571894670,0,82
13571894674,13571894669,0,95
13571894674,13571894675,0,57
13571894674,13571894671,0,52
13571894675,13571894668,0,68
13571894675,13571894673,0,70
13571894675,13571894674,0,53
13571894675,13571894666,0,58
13598718895,3774468365,0,69
13598718896,3774468363,0,63
13598718897,3774468363,0,95
13601824924,2841349284,0,79
13604600298,2837285432,0,63
13604702812,2841517720,0,75
13604702812,2839149243,0,54
13604702812,2841517709,0,71
13604774757,2833303072,0,94
13604774757,2833303095,0,100
13604774757,4150576589,0,100
13604809961,3774979179,0,83
13604809961,2841520908,0,81
13604809961,2841520910,0,63
13605278587,2575615519,0,74
13605278587,2575620249,0,98
13605278587,2575619514,0,75
13605342549,2839148868,0,58
13605342549,3488732728,0,78
13605342549,3488732723,0,55
13606931476,13608846574,0,63
13606931476,2575622001,0,94
13606931476,2575603057,0,72
13606952668,2841299543,0,82
13606952668,2841299539,0,96
13606952668,13606952669,0,88
13606952669,2575619523,0,75
13606952669,2841299564,0,86
13606952669,13606952668,0,65
13606963224,2837582530,0,63
13606963224,13606963225,0,72
13606963224,2837582533,0,65
13606963225,2837582530,0,89
13606963225,2837582538,0,53
13606963225,13606963224,0,95
13606973256,2841299520,0,50
13606973256,2841299516,0,90
13606973256,2841299543,0,71
13607003525,4150844669,0,84
13607003525,13607003526,0,70
13607003525,4150844650,0,98
13607003526,2837582539,0,77
13607003526,13607003525,0,55
13607003526,4150840581,0,73
13607010453,2833127355,0,90
13607010453,7911664364,0,68
13607090968,2839148820,0,78
13607090968,2841299099,0,92
13607090968,2841299081,0,65
13607090968,13607090971,0,55
13607090971,13607090972,0,91
13607090971,2839148850,0,71
13607090971,13607090968,0,74
13607090972,13607090971,0,74
13607090972,7937823363,0,65
13607090972,2841299123,0,87
13607129878,4393402639,0,81
13607152100,2839148817,0,86
13607152100,2839148789,0,61
13607152100,7937823297,0,72
13608846574,13606931476,0,72
13930685860,2837285580,0,100
13930685860,7916755423,0,57
13930685860,13930685867,0,56
13930685861,10302690960,0,74
13930685861,2837285543,0,68
13930685861,2837285580,0,65
13930685867,2841299758,0,75
13930685867,13930685860,0,93
13930685867,2837285543,0,89
14080115801,11593975931,0,52
14080115801,4641626023,0,92
14080115802,6566842805,0,58
14080115802,11595164571,0,82
14102237384,2837583551,0,65
